edad,gq,year,sexo,tipobenr,estado,caja,mes,masaaportes,masamontoing,cantidad,sml,montoprom
23,20 a 24,2020,Mujeres,Activos,Activos,Ande,12,690807.3,6908073.0,1,2192839.0,6908073.0
24,20 a 24,2020,Hombres,Activos,Activos,Ande,12,547289.6,5472896.0,1,2192839.0,5472896.0
24,20 a 24,2020,Mujeres,Activos,Activos,Ande,12,1049882.4,10498824.0,2,2192839.0,5249412.0
25,25 a 29,2020,Hombres,Activos,Activos,Ande,12,3983490.0,39834900.0,7,2192839.0,5690700.0
25,25 a 29,2020,Mujeres,Activos,Activos,Ande,12,709924.5,7099245.0,1,2192839.0,7099245.0
26,25 a 29,2020,Hombres,Activos,Activos,Ande,12,10738636.4,107386364.0,13,2192839.0,8260489.538461538
26,25 a 29,2020,Mujeres,Activos,Activos,Ande,12,4181438.6000000006,41814386.0,6,2192839.0,6969064.333333333
27,25 a 29,2020,Hombres,Activos,Activos,Ande,12,22981959.500000004,229819595.0,29,2192839.0,7924813.620689655
27,25 a 29,2020,Mujeres,Activos,Activos,Ande,12,6521249.1,65212491.0,8,2192839.0,8151561.375
28,25 a 29,2020,Hombres,Activos,Activos,Ande,12,29452543.4,294525434.0,33,2192839.0,8925013.151515152
28,25 a 29,2020,Mujeres,Activos,Activos,Ande,12,6755637.800000001,67556378.0,10,2192839.0,6755637.8
29,25 a 29,2020,Hombres,Activos,Activos,Ande,12,54413570.30000001,544135703.0,60,2192839.0,9068928.383333333
29,25 a 29,2020,Mujeres,Activos,Activos,Ande,12,13462424.200000001,134624242.0,18,2192839.0,7479124.555555556
30,30 a 34,2020,Hombres,Activos,Activos,Ande,12,52996713.69999999,529967137.0,61,2192839.0,8687985.852459017
30,30 a 34,2020,Mujeres,Activos,Activos,Ande,12,15756119.500000002,157561195.0,22,2192839.0,7161872.5
31,30 a 34,2020,Hombres,Activos,Activos,Ande,12,50666723.599999994,506667236.0,57,2192839.0,8888898.877192982
31,30 a 34,2020,Mujeres,Activos,Activos,Ande,12,16541676.600000003,165416766.0,23,2192839.0,7192033.304347826
32,30 a 34,2020,Hombres,Activos,Activos,Ande,12,75023806.60000002,750238066.0,82,2192839.0,9149244.707317073
32,30 a 34,2020,Mujeres,Activos,Activos,Ande,12,15818827.700000001,158188277.0,23,2192839.0,6877751.173913044
33,30 a 34,2020,Hombres,Activos,Activos,Ande,12,58521951.30000001,585219513.0,63,2192839.0,9289198.61904762
33,30 a 34,2020,Mujeres,Activos,Activos,Ande,12,21532140.800000004,215321408.0,28,2192839.0,7690050.285714285
34,30 a 34,2020,Hombres,Activos,Activos,Ande,12,77722400.50000003,777224005.0,80,2192839.0,9715300.0625
34,30 a 34,2020,Mujeres,Activos,Activos,Ande,12,24653833.5,246538335.0,31,2192839.0,7952849.516129033
35,35 a 39,2020,Hombres,Activos,Activos,Ande,12,70013147.99999999,700131480.0,75,2192839.0,9335086.4
35,35 a 39,2020,Mujeres,Activos,Activos,Ande,12,25213469.0,252134690.0,31,2192839.0,8133377.096774193
36,35 a 39,2020,Hombres,Activos,Activos,Ande,12,105336521.89999999,1053365219.0,107,2192839.0,9844534.757009346
36,35 a 39,2020,Mujeres,Activos,Activos,Ande,12,23135970.6,231359706.0,28,2192839.0,8262846.642857143
37,35 a 39,2020,Hombres,Activos,Activos,Ande,12,111313264.30000004,1113132643.0,112,2192839.0,9938684.3125
37,35 a 39,2020,Mujeres,Activos,Activos,Ande,12,26946142.8,269461428.0,29,2192839.0,9291773.379310345
38,35 a 39,2020,Hombres,Activos,Activos,Ande,12,104993555.7,1049935557.0,103,2192839.0,10193549.09708738
38,35 a 39,2020,Mujeres,Activos,Activos,Ande,12,26089927.299999997,260899273.0,32,2192839.0,8153102.28125
39,35 a 39,2020,Hombres,Activos,Activos,Ande,12,98620960.80000004,986209608.0,89,2192839.0,11081006.831460673
39,35 a 39,2020,Mujeres,Activos,Activos,Ande,12,28126093.69999999,281260937.0,33,2192839.0,8523058.696969697
40,40 a 44,2020,Hombres,Activos,Activos,Ande,12,115175639.30000004,1151756393.0,107,2192839.0,10764078.439252336
40,40 a 44,2020,Mujeres,Activos,Activos,Ande,12,35794910.9,357949109.0,36,2192839.0,9943030.805555556
41,40 a 44,2020,Hombres,Activos,Activos,Ande,12,135080918.59999993,1350809186.0,116,2192839.0,11644906.77586207
41,40 a 44,2020,Mujeres,Activos,Activos,Ande,12,26012990.800000004,260129908.0,27,2192839.0,9634441.037037037
42,40 a 44,2020,Hombres,Activos,Activos,Ande,12,101414253.30000001,1014142533.0,94,2192839.0,10788750.351063829
42,40 a 44,2020,Mujeres,Activos,Activos,Ande,12,30613083.499999996,306130835.0,33,2192839.0,9276691.969696969
43,40 a 44,2020,Hombres,Activos,Activos,Ande,12,133073922.99999999,1330739230.0,109,2192839.0,12208616.788990825
43,40 a 44,2020,Mujeres,Activos,Activos,Ande,12,33678206.900000006,336782069.0,30,2192839.0,11226068.966666667
44,40 a 44,2020,Hombres,Activos,Activos,Ande,12,100070939.70000003,1000709397.0,88,2192839.0,11371697.693181818
44,40 a 44,2020,Mujeres,Activos,Activos,Ande,12,29755233.700000007,297552337.0,25,2192839.0,11902093.48
45,45 a 49,2020,Hombres,Activos,Activos,Ande,12,105673926.59999998,1056739266.0,88,2192839.0,12008400.75
45,45 a 49,2020,Mujeres,Activos,Activos,Ande,12,25568777.3,255687773.0,29,2192839.0,8816819.75862069
46,45 a 49,2020,Hombres,Activos,Activos,Ande,12,126116565.09999998,1261165651.0,110,2192839.0,11465142.281818181
46,45 a 49,2020,Mujeres,Activos,Activos,Ande,12,34450341.00000001,344503410.0,29,2192839.0,11879427.931034483
47,45 a 49,2020,Hombres,Activos,Activos,Ande,12,124064598.99999999,1240645990.0,99,2192839.0,12531777.676767677
47,45 a 49,2020,Mujeres,Activos,Activos,Ande,12,24252365.3,242523653.0,22,2192839.0,11023802.409090908
48,45 a 49,2020,Hombres,Activos,Activos,Ande,12,99385947.1,993859471.0,83,2192839.0,11974210.493975904
48,45 a 49,2020,Mujeres,Activos,Activos,Ande,12,33423042.799999997,334230428.0,28,2192839.0,11936801.0
49,45 a 49,2020,Hombres,Activos,Activos,Ande,12,99926020.30000001,999260203.0,81,2192839.0,12336545.716049382
49,45 a 49,2020,Mujeres,Activos,Activos,Ande,12,31833402.000000004,318334020.0,23,2192839.0,13840609.56521739
50,50 a 54,2020,Hombres,Activos,Activos,Ande,12,142954056.49999997,1429540565.0,105,2192839.0,13614672.047619049
50,50 a 54,2020,Mujeres,Activos,Activos,Ande,12,24171470.599999998,241714706.0,23,2192839.0,10509335.043478262
51,50 a 54,2020,Hombres,Activos,Activos,Ande,12,148060185.7,1480601857.0,112,2192839.0,13219659.4375
51,50 a 54,2020,Mujeres,Activos,Activos,Ande,12,32484947.499999993,324849475.0,28,2192839.0,11601766.964285715
52,50 a 54,2020,Hombres,Activos,Activos,Ande,12,140814505.6,1408145056.0,98,2192839.0,14368827.102040816
52,50 a 54,2020,Mujeres,Activos,Activos,Ande,12,35370699.60000001,353706996.0,27,2192839.0,13100259.111111112
53,50 a 54,2020,Hombres,Activos,Activos,Ande,12,176982665.5,1769826655.0,123,2192839.0,14388834.593495935
53,50 a 54,2020,Mujeres,Activos,Activos,Ande,12,17394266.2,173942662.0,17,2192839.0,10231921.294117646
54,50 a 54,2020,Hombres,Activos,Activos,Ande,12,184480458.10000005,1844804581.0,132,2192839.0,13975792.280303031
54,50 a 54,2020,Mujeres,Activos,Activos,Ande,12,34651375.9,346513759.0,25,2192839.0,13860550.36
55,55 a 59,2020,Hombres,Activos,Activos,Ande,12,189184234.50000003,1891842345.0,124,2192839.0,15256793.10483871
55,55 a 59,2020,Mujeres,Activos,Activos,Ande,12,27510302.799999997,275103028.0,21,2192839.0,13100144.19047619
56,55 a 59,2020,Hombres,Activos,Activos,Ande,12,208758925.99999997,2087589260.0,129,2192839.0,16182862.480620155
56,55 a 59,2020,Mujeres,Activos,Activos,Ande,12,34487220.00000001,344872200.0,26,2192839.0,13264315.384615384
57,55 a 59,2020,Hombres,Activos,Activos,Ande,12,193518290.99999997,1935182910.0,135,2192839.0,14334688.222222222
57,55 a 59,2020,Mujeres,Activos,Activos,Ande,12,33930244.300000004,339302443.0,25,2192839.0,13572097.72
58,55 a 59,2020,Hombres,Activos,Activos,Ande,12,189976433.3,1899764333.0,118,2192839.0,16099697.737288136
58,55 a 59,2020,Mujeres,Activos,Activos,Ande,12,29973236.500000007,299732365.0,23,2192839.0,13031841.956521738
59,55 a 59,2020,Hombres,Activos,Activos,Ande,12,233628994.0000001,2336289940.0,140,2192839.0,16687785.285714285
59,55 a 59,2020,Mujeres,Activos,Activos,Ande,12,27636923.2,276369232.0,19,2192839.0,14545749.05263158
60,60 a 64,2020,Hombres,Activos,Activos,Ande,12,47762326.699999996,477623267.0,40,2192839.0,11940581.675
60,60 a 64,2020,Mujeres,Activos,Activos,Ande,12,5645598.300000001,56455983.0,5,2192839.0,11291196.6
61,60 a 64,2020,Hombres,Activos,Activos,Ande,12,21154366.900000002,211543669.0,23,2192839.0,9197550.826086957
62,60 a 64,2020,Hombres,Activos,Activos,Ande,12,11788634.799999999,117886348.0,12,2192839.0,9823862.333333334
63,60 a 64,2020,Hombres,Activos,Activos,Ande,12,14325804.7,143258047.0,16,2192839.0,8953627.9375
63,60 a 64,2020,Mujeres,Activos,Activos,Ande,12,666621.2000000001,6666212.0,1,2192839.0,6666212.0
64,60 a 64,2020,Hombres,Activos,Activos,Ande,12,12817835.500000002,128178355.0,14,2192839.0,9155596.785714285
64,60 a 64,2020,Mujeres,Activos,Activos,Ande,12,1289497.2000000002,12894972.0,1,2192839.0,12894972.0
65,65 a 69,2020,Hombres,Activos,Activos,Ande,12,6776346.799999999,67763468.0,9,2192839.0,7529274.222222222
66,65 a 69,2020,Hombres,Activos,Activos,Ande,12,9671151.0,96711510.0,9,2192839.0,10745723.333333334
67,65 a 69,2020,Hombres,Activos,Activos,Ande,12,4318343.800000001,43183438.0,5,2192839.0,8636687.6
67,65 a 69,2020,Mujeres,Activos,Activos,Ande,12,329507.2,3295072.0,1,2192839.0,3295072.0
68,65 a 69,2020,Hombres,Activos,Activos,Ande,12,6120259.100000001,61202591.0,6,2192839.0,10200431.833333334
69,65 a 69,2020,Hombres,Activos,Activos,Ande,12,3662034.3,36620343.0,4,2192839.0,9155085.75
70,70 a 74,2020,Hombres,Activos,Activos,Ande,12,1060351.9000000001,10603519.0,1,2192839.0,10603519.0
71,70 a 74,2020,Hombres,Activos,Activos,Ande,12,2241495.4000000004,22414954.0,3,2192839.0,7471651.333333333
1,0 a 4,2020,Hombres,Pensión/Sobrevivencia,Pasivos,Ande,12,0.0,710999.0,1,2192839.0,710999.0
4,0 a 4,2020,Hombres,Pensión/Sobrevivencia,Pasivos,Ande,12,0.0,1921743.0,1,2192839.0,1921743.0
4,0 a 4,2020,Mujeres,Pensión/Sobrevivencia,Pasivos,Ande,12,0.0,1040131.0,1,2192839.0,1040131.0
5,5 a 9,2020,Hombres,Pensión/Sobrevivencia,Pasivos,Ande,12,0.0,977659.0,1,2192839.0,977659.0
5,5 a 9,2020,Mujeres,Pensión/Sobrevivencia,Pasivos,Ande,12,0.0,3035898.0,1,2192839.0,3035898.0
6,5 a 9,2020,Hombres,Pensión/Sobrevivencia,Pasivos,Ande,12,0.0,710999.0,1,2192839.0,710999.0
6,5 a 9,2020,Mujeres,Pensión/Sobrevivencia,Pasivos,Ande,12,0.0,1655352.0,1,2192839.0,1655352.0
7,5 a 9,2020,Hombres,Pensión/Sobrevivencia,Pasivos,Ande,12,0.0,1758936.0,2,2192839.0,879468.0
8,5 a 9,2020,Mujeres,Pensión/Sobrevivencia,Pasivos,Ande,12,0.0,4945766.0,3,2192839.0,1648588.6666666667
9,5 a 9,2020,Hombres,Pensión/Sobrevivencia,Pasivos,Ande,12,0.0,1655352.0,1,2192839.0,1655352.0
9,5 a 9,2020,Mujeres,Pensión/Sobrevivencia,Pasivos,Ande,12,0.0,788762.0,1,2192839.0,788762.0
10,10 a 14,2020,Mujeres,Pensión/Sobrevivencia,Pasivos,Ande,12,0.0,1441543.0,1,2192839.0,1441543.0
11,10 a 14,2020,Hombres,Pensión/Sobrevivencia,Pasivos,Ande,12,0.0,2245427.0,2,2192839.0,1122713.5
12,10 a 14,2020,Hombres,Pensión/Sobrevivencia,Pasivos,Ande,12,0.0,4649208.0,4,2192839.0,1162302.0
12,10 a 14,2020,Mujeres,Pensión/Sobrevivencia,Pasivos,Ande,12,0.0,7129612.0,5,2192839.0,1425922.4
13,10 a 14,2020,Hombres,Pensión/Sobrevivencia,Pasivos,Ande,12,0.0,996358.0,2,2192839.0,498179.0
13,10 a 14,2020,Mujeres,Pensión/Sobrevivencia,Pasivos,Ande,12,0.0,6064944.0,2,2192839.0,3032472.0
14,10 a 14,2020,Hombres,Pensión/Sobrevivencia,Pasivos,Ande,12,0.0,8707437.0,4,2192839.0,2176859.25
14,10 a 14,2020,Mujeres,Pensión/Sobrevivencia,Pasivos,Ande,12,0.0,6925258.0,4,2192839.0,1731314.5
15,15 a 19,2020,Hombres,Pensión/Sobrevivencia,Pasivos,Ande,12,0.0,2901645.0,2,2192839.0,1450822.5
15,15 a 19,2020,Mujeres,Pensión/Sobrevivencia,Pasivos,Ande,12,0.0,2907544.0,3,2192839.0,969181.3333333334
16,15 a 19,2020,Hombres,Pensión/Sobrevivencia,Pasivos,Ande,12,0.0,8097591.0,4,2192839.0,2024397.75
16,15 a 19,2020,Mujeres,Pensión/Sobrevivencia,Pasivos,Ande,12,0.0,2363638.0,3,2192839.0,787879.3333333334
17,15 a 19,2020,Hombres,Pensión/Sobrevivencia,Pasivos,Ande,12,0.0,13290588.0,9,2192839.0,1476732.0
17,15 a 19,2020,Mujeres,Pensión/Sobrevivencia,Pasivos,Ande,12,0.0,8656828.0,5,2192839.0,1731365.6
18,15 a 19,2020,Hombres,Pensión/Sobrevivencia,Pasivos,Ande,12,0.0,4335418.0,3,2192839.0,1445139.3333333333
18,15 a 19,2020,Mujeres,Pensión/Sobrevivencia,Pasivos,Ande,12,0.0,13082260.0,6,2192839.0,2180376.6666666665
19,15 a 19,2020,Hombres,Pensión/Sobrevivencia,Pasivos,Ande,12,0.0,10761507.0,9,2192839.0,1195723.0
19,15 a 19,2020,Mujeres,Pensión/Sobrevivencia,Pasivos,Ande,12,0.0,9422092.0,6,2192839.0,1570348.6666666667
20,20 a 24,2020,Mujeres,Pensión/Sobrevivencia,Pasivos,Ande,12,0.0,746262.0,2,2192839.0,373131.0
25,25 a 29,2020,Mujeres,Pensión/Sobrevivencia,Pasivos,Ande,12,0.0,1308789.0,1,2192839.0,1308789.0
29,25 a 29,2020,Mujeres,Pensión/Sobrevivencia,Pasivos,Ande,12,0.0,564477.0,1,2192839.0,564477.0
31,30 a 34,2020,Hombres,Pensión/Sobrevivencia,Pasivos,Ande,12,0.0,1075393.0,1,2192839.0,1075393.0
32,30 a 34,2020,Mujeres,Pensión/Sobrevivencia,Pasivos,Ande,12,0.0,788763.0,1,2192839.0,788763.0
38,35 a 39,2020,Hombres,Pensión/Sobrevivencia,Pasivos,Ande,12,0.0,1558313.0,1,2192839.0,1558313.0
40,40 a 44,2020,Hombres,Pensión/Sobrevivencia,Pasivos,Ande,12,0.0,1540241.0,1,2192839.0,1540241.0
40,40 a 44,2020,Mujeres,Pensión/Sobrevivencia,Pasivos,Ande,12,0.0,1288622.0,1,2192839.0,1288622.0
41,40 a 44,2020,Hombres,Pensión/Sobrevivencia,Pasivos,Ande,12,0.0,2067386.0,1,2192839.0,2067386.0
41,40 a 44,2020,Mujeres,Pensión/Sobrevivencia,Pasivos,Ande,12,0.0,2640827.0,2,2192839.0,1320413.5
42,40 a 44,2020,Mujeres,Invalidez,Pasivos,Ande,12,0.0,2331672.0,1,2192839.0,2331672.0
42,40 a 44,2020,Mujeres,Pensión/Sobrevivencia,Pasivos,Ande,12,0.0,1602812.0,1,2192839.0,1602812.0
43,40 a 44,2020,Mujeres,Pensión/Sobrevivencia,Pasivos,Ande,12,0.0,8255325.0,4,2192839.0,2063831.25
44,40 a 44,2020,Mujeres,Pensión/Sobrevivencia,Pasivos,Ande,12,0.0,5005474.0,3,2192839.0,1668491.3333333333
45,45 a 49,2020,Mujeres,Invalidez,Pasivos,Ande,12,0.0,9479743.0,1,2192839.0,9479743.0
45,45 a 49,2020,Mujeres,Pensión/Sobrevivencia,Pasivos,Ande,12,0.0,5438986.0,2,2192839.0,2719493.0
46,45 a 49,2020,Mujeres,Pensión/Sobrevivencia,Pasivos,Ande,12,0.0,6435802.0,3,2192839.0,2145267.3333333335
47,45 a 49,2020,Hombres,Invalidez,Pasivos,Ande,12,0.0,14159709.0,1,2192839.0,14159709.0
47,45 a 49,2020,Mujeres,Pensión/Sobrevivencia,Pasivos,Ande,12,0.0,7903654.0,2,2192839.0,3951827.0
48,45 a 49,2020,Mujeres,Pensión/Sobrevivencia,Pasivos,Ande,12,0.0,5350329.0,2,2192839.0,2675164.5
49,45 a 49,2020,Hombres,Pensión/Sobrevivencia,Pasivos,Ande,12,0.0,1279790.0,1,2192839.0,1279790.0
49,45 a 49,2020,Mujeres,Pensión/Sobrevivencia,Pasivos,Ande,12,0.0,14300122.0,4,2192839.0,3575030.5
50,50 a 54,2020,Mujeres,Vejez,Pasivos,Ande,12,0.0,8494414.0,1,2192839.0,8494414.0
50,50 a 54,2020,Mujeres,Pensión/Sobrevivencia,Pasivos,Ande,12,0.0,16151481.0,4,2192839.0,4037870.25
51,50 a 54,2020,Hombres,Invalidez,Pasivos,Ande,12,0.0,2275826.0,1,2192839.0,2275826.0
51,50 a 54,2020,Hombres,Pensión/Sobrevivencia,Pasivos,Ande,12,0.0,1165304.0,1,2192839.0,1165304.0
51,50 a 54,2020,Mujeres,Pensión/Sobrevivencia,Pasivos,Ande,12,0.0,16946421.0,6,2192839.0,2824403.5
52,50 a 54,2020,Hombres,Pensión/Sobrevivencia,Pasivos,Ande,12,0.0,2743391.0,1,2192839.0,2743391.0
52,50 a 54,2020,Mujeres,Vejez,Pasivos,Ande,12,0.0,6868666.0,1,2192839.0,6868666.0
52,50 a 54,2020,Mujeres,Pensión/Sobrevivencia,Pasivos,Ande,12,0.0,6700559.0,3,2192839.0,2233519.6666666665
53,50 a 54,2020,Mujeres,Invalidez,Pasivos,Ande,12,0.0,2727674.0,1,2192839.0,2727674.0
53,50 a 54,2020,Mujeres,Pensión/Sobrevivencia,Pasivos,Ande,12,0.0,17573822.0,5,2192839.0,3514764.4
54,50 a 54,2020,Hombres,Vejez,Pasivos,Ande,12,0.0,19182788.0,3,2192839.0,6394262.666666667
54,50 a 54,2020,Mujeres,Pensión/Sobrevivencia,Pasivos,Ande,12,0.0,26477975.0,8,2192839.0,3309746.875
55,55 a 59,2020,Hombres,Vejez,Pasivos,Ande,12,0.0,9537843.0,2,2192839.0,4768921.5
55,55 a 59,2020,Hombres,Invalidez,Pasivos,Ande,12,0.0,5742698.0,1,2192839.0,5742698.0
55,55 a 59,2020,Mujeres,Vejez,Pasivos,Ande,12,0.0,4219998.0,1,2192839.0,4219998.0
55,55 a 59,2020,Mujeres,Invalidez,Pasivos,Ande,12,0.0,2179348.0,1,2192839.0,2179348.0
55,55 a 59,2020,Mujeres,Pensión/Sobrevivencia,Pasivos,Ande,12,0.0,44266443.0,12,2192839.0,3688870.25
56,55 a 59,2020,Hombres,Vejez,Pasivos,Ande,12,0.0,27681020.0,4,2192839.0,6920255.0
56,55 a 59,2020,Hombres,Pensión/Sobrevivencia,Pasivos,Ande,12,0.0,1564424.0,1,2192839.0,1564424.0
56,55 a 59,2020,Mujeres,Vejez,Pasivos,Ande,12,0.0,6963008.0,1,2192839.0,6963008.0
56,55 a 59,2020,Mujeres,Pensión/Sobrevivencia,Pasivos,Ande,12,0.0,51644040.0,14,2192839.0,3688860.0
57,55 a 59,2020,Hombres,Vejez,Pasivos,Ande,12,0.0,36956146.0,6,2192839.0,6159357.666666667
57,55 a 59,2020,Hombres,Invalidez,Pasivos,Ande,12,0.0,2521791.0,1,2192839.0,2521791.0
57,55 a 59,2020,Hombres,Pensión/Sobrevivencia,Pasivos,Ande,12,0.0,1250750.0,1,2192839.0,1250750.0
57,55 a 59,2020,Mujeres,Vejez,Pasivos,Ande,12,0.0,10543591.0,1,2192839.0,10543591.0
57,55 a 59,2020,Mujeres,Pensión/Sobrevivencia,Pasivos,Ande,12,0.0,70915110.0,21,2192839.0,3376910.0
58,55 a 59,2020,Hombres,Vejez,Pasivos,Ande,12,0.0,41932318.0,5,2192839.0,8386463.6
58,55 a 59,2020,Hombres,Invalidez,Pasivos,Ande,12,0.0,15103287.0,4,2192839.0,3775821.75
58,55 a 59,2020,Hombres,Otros,Pasivos,Ande,12,0.0,6997722.0,2,2192839.0,3498861.0
58,55 a 59,2020,Mujeres,Pensión/Sobrevivencia,Pasivos,Ande,12,0.0,56846567.0,11,2192839.0,5167869.7272727275
59,55 a 59,2020,Hombres,Vejez,Pasivos,Ande,12,0.0,81222722.0,9,2192839.0,9024746.888888888
59,55 a 59,2020,Hombres,Invalidez,Pasivos,Ande,12,0.0,22347557.0,3,2192839.0,7449185.666666667
59,55 a 59,2020,Mujeres,Vejez,Pasivos,Ande,12,0.0,9565768.0,1,2192839.0,9565768.0
59,55 a 59,2020,Mujeres,Pensión/Sobrevivencia,Pasivos,Ande,12,0.0,56651298.0,17,2192839.0,3332429.294117647
60,60 a 64,2020,Hombres,Vejez,Pasivos,Ande,12,0.0,1047994352.0,117,2192839.0,8957216.683760684
60,60 a 64,2020,Hombres,Invalidez,Pasivos,Ande,12,0.0,2636491.0,1,2192839.0,2636491.0
60,60 a 64,2020,Hombres,Otros,Pasivos,Ande,12,0.0,5962117.0,1,2192839.0,5962117.0
60,60 a 64,2020,Mujeres,Vejez,Pasivos,Ande,12,0.0,99736204.0,14,2192839.0,7124014.571428572
60,60 a 64,2020,Mujeres,Invalidez,Pasivos,Ande,12,0.0,1985562.0,1,2192839.0,1985562.0
60,60 a 64,2020,Mujeres,Pensión/Sobrevivencia,Pasivos,Ande,12,0.0,59006095.0,17,2192839.0,3470946.7647058824
61,60 a 64,2020,Hombres,Vejez,Pasivos,Ande,12,0.0,1174861226.0,129,2192839.0,9107451.364341086
61,60 a 64,2020,Hombres,Otros,Pasivos,Ande,12,0.0,3092446.0,1,2192839.0,3092446.0
61,60 a 64,2020,Mujeres,Vejez,Pasivos,Ande,12,0.0,117533549.0,15,2192839.0,7835569.933333334
61,60 a 64,2020,Mujeres,Invalidez,Pasivos,Ande,12,0.0,2586401.0,1,2192839.0,2586401.0
61,60 a 64,2020,Mujeres,Pensión/Sobrevivencia,Pasivos,Ande,12,0.0,55864495.0,15,2192839.0,3724299.6666666665
62,60 a 64,2020,Hombres,Vejez,Pasivos,Ande,12,0.0,1056021330.0,115,2192839.0,9182794.173913043
62,60 a 64,2020,Hombres,Invalidez,Pasivos,Ande,12,0.0,15918975.0,4,2192839.0,3979743.75
62,60 a 64,2020,Hombres,Otros,Pasivos,Ande,12,0.0,31444385.0,3,2192839.0,10481461.666666666
62,60 a 64,2020,Mujeres,Vejez,Pasivos,Ande,12,0.0,105593644.0,14,2192839.0,7542403.142857143
62,60 a 64,2020,Mujeres,Invalidez,Pasivos,Ande,12,0.0,1646234.0,1,2192839.0,1646234.0
62,60 a 64,2020,Mujeres,Pensión/Sobrevivencia,Pasivos,Ande,12,0.0,31834465.0,15,2192839.0,2122297.6666666665
62,60 a 64,2020,Mujeres,Otros,Pasivos,Ande,12,0.0,18949248.0,2,2192839.0,9474624.0
63,60 a 64,2020,Hombres,Vejez,Pasivos,Ande,12,0.0,1227891676.0,121,2192839.0,10147865.090909092
63,60 a 64,2020,Hombres,Otros,Pasivos,Ande,12,0.0,6522428.0,1,2192839.0,6522428.0
63,60 a 64,2020,Mujeres,Vejez,Pasivos,Ande,12,0.0,81017621.0,13,2192839.0,6232124.692307692
63,60 a 64,2020,Mujeres,Invalidez,Pasivos,Ande,12,0.0,5772403.0,1,2192839.0,5772403.0
63,60 a 64,2020,Mujeres,Pensión/Sobrevivencia,Pasivos,Ande,12,0.0,51796645.0,19,2192839.0,2726139.210526316
64,60 a 64,2020,Hombres,Vejez,Pasivos,Ande,12,0.0,1101691435.0,110,2192839.0,10015376.681818182
64,60 a 64,2020,Hombres,Invalidez,Pasivos,Ande,12,0.0,1976153.0,1,2192839.0,1976153.0
64,60 a 64,2020,Hombres,Pensión/Sobrevivencia,Pasivos,Ande,12,0.0,2705653.0,1,2192839.0,2705653.0
64,60 a 64,2020,Hombres,Otros,Pasivos,Ande,12,0.0,4994058.0,1,2192839.0,4994058.0
64,60 a 64,2020,Mujeres,Vejez,Pasivos,Ande,12,0.0,95376376.0,10,2192839.0,9537637.6
64,60 a 64,2020,Mujeres,Pensión/Sobrevivencia,Pasivos,Ande,12,0.0,48886001.0,14,2192839.0,3491857.214285714
65,65 a 69,2020,Hombres,Vejez,Pasivos,Ande,12,0.0,802336847.0,84,2192839.0,9551629.13095238
65,65 a 69,2020,Hombres,Invalidez,Pasivos,Ande,12,0.0,6744962.0,2,2192839.0,3372481.0
65,65 a 69,2020,Hombres,Pensión/Sobrevivencia,Pasivos,Ande,12,0.0,2152103.0,1,2192839.0,2152103.0
65,65 a 69,2020,Hombres,Otros,Pasivos,Ande,12,0.0,32366690.0,4,2192839.0,8091672.5
65,65 a 69,2020,Mujeres,Vejez,Pasivos,Ande,12,0.0,56566142.0,7,2192839.0,8080877.428571428
65,65 a 69,2020,Mujeres,Pensión/Sobrevivencia,Pasivos,Ande,12,0.0,43308619.0,9,2192839.0,4812068.777777778
66,65 a 69,2020,Hombres,Vejez,Pasivos,Ande,12,0.0,663105981.0,72,2192839.0,9209805.291666666
66,65 a 69,2020,Hombres,Invalidez,Pasivos,Ande,12,0.0,8955483.0,3,2192839.0,2985161.0
66,65 a 69,2020,Hombres,Otros,Pasivos,Ande,12,0.0,6097109.0,1,2192839.0,6097109.0
66,65 a 69,2020,Mujeres,Vejez,Pasivos,Ande,12,0.0,74291557.0,11,2192839.0,6753777.909090909
66,65 a 69,2020,Mujeres,Invalidez,Pasivos,Ande,12,0.0,2357042.0,1,2192839.0,2357042.0
66,65 a 69,2020,Mujeres,Pensión/Sobrevivencia,Pasivos,Ande,12,0.0,46945304.0,17,2192839.0,2761488.470588235
66,65 a 69,2020,Mujeres,Otros,Pasivos,Ande,12,0.0,9206640.0,1,2192839.0,9206640.0
67,65 a 69,2020,Hombres,Vejez,Pasivos,Ande,12,0.0,591609022.0,73,2192839.0,8104233.178082191
67,65 a 69,2020,Hombres,Invalidez,Pasivos,Ande,12,0.0,5504731.0,2,2192839.0,2752365.5
67,65 a 69,2020,Hombres,Pensión/Sobrevivencia,Pasivos,Ande,12,0.0,5718606.0,1,2192839.0,5718606.0
67,65 a 69,2020,Hombres,Otros,Pasivos,Ande,12,0.0,17912312.0,1,2192839.0,17912312.0
67,65 a 69,2020,Mujeres,Vejez,Pasivos,Ande,12,0.0,97977862.0,15,2192839.0,6531857.466666667
67,65 a 69,2020,Mujeres,Pensión/Sobrevivencia,Pasivos,Ande,12,0.0,46704093.0,18,2192839.0,2594671.8333333335
68,65 a 69,2020,Hombres,Vejez,Pasivos,Ande,12,0.0,466514332.0,64,2192839.0,7289286.4375
68,65 a 69,2020,Hombres,Otros,Pasivos,Ande,12,0.0,35041934.0,3,2192839.0,11680644.666666666
68,65 a 69,2020,Mujeres,Vejez,Pasivos,Ande,12,0.0,57233374.0,12,2192839.0,4769447.833333333
68,65 a 69,2020,Mujeres,Pensión/Sobrevivencia,Pasivos,Ande,12,0.0,44705853.0,16,2192839.0,2794115.8125
69,65 a 69,2020,Hombres,Vejez,Pasivos,Ande,12,0.0,395551652.0,54,2192839.0,7325030.592592592
69,65 a 69,2020,Hombres,Pensión/Sobrevivencia,Pasivos,Ande,12,0.0,3766322.0,1,2192839.0,3766322.0
69,65 a 69,2020,Hombres,Otros,Pasivos,Ande,12,0.0,17396904.0,1,2192839.0,17396904.0
69,65 a 69,2020,Mujeres,Vejez,Pasivos,Ande,12,0.0,45972239.0,7,2192839.0,6567462.714285715
69,65 a 69,2020,Mujeres,Pensión/Sobrevivencia,Pasivos,Ande,12,0.0,48230229.0,16,2192839.0,3014389.3125
70,70 a 74,2020,Hombres,Vejez,Pasivos,Ande,12,0.0,362830479.0,59,2192839.0,6149669.135593221
70,70 a 74,2020,Hombres,Otros,Pasivos,Ande,12,0.0,8392841.0,1,2192839.0,8392841.0
70,70 a 74,2020,Mujeres,Vejez,Pasivos,Ande,12,0.0,68505026.0,11,2192839.0,6227729.636363637
70,70 a 74,2020,Mujeres,Pensión/Sobrevivencia,Pasivos,Ande,12,0.0,43540847.0,11,2192839.0,3958258.8181818184
71,70 a 74,2020,Hombres,Vejez,Pasivos,Ande,12,0.0,247828511.0,45,2192839.0,5507300.244444445
71,70 a 74,2020,Hombres,Invalidez,Pasivos,Ande,12,0.0,2868658.0,1,2192839.0,2868658.0
71,70 a 74,2020,Hombres,Otros,Pasivos,Ande,12,0.0,9091896.0,1,2192839.0,9091896.0
71,70 a 74,2020,Mujeres,Vejez,Pasivos,Ande,12,0.0,16615163.0,4,2192839.0,4153790.75
71,70 a 74,2020,Mujeres,Invalidez,Pasivos,Ande,12,0.0,3981009.0,2,2192839.0,1990504.5
71,70 a 74,2020,Mujeres,Pensión/Sobrevivencia,Pasivos,Ande,12,0.0,59617337.0,13,2192839.0,4585949.0
72,70 a 74,2020,Hombres,Vejez,Pasivos,Ande,12,0.0,193256038.0,36,2192839.0,5368223.277777778
72,70 a 74,2020,Mujeres,Vejez,Pasivos,Ande,12,0.0,13125666.0,3,2192839.0,4375222.0
72,70 a 74,2020,Mujeres,Pensión/Sobrevivencia,Pasivos,Ande,12,0.0,32671522.0,9,2192839.0,3630169.111111111
73,70 a 74,2020,Hombres,Vejez,Pasivos,Ande,12,0.0,212873492.0,34,2192839.0,6260985.05882353
73,70 a 74,2020,Hombres,Pensión/Sobrevivencia,Pasivos,Ande,12,0.0,1140176.0,1,2192839.0,1140176.0
73,70 a 74,2020,Hombres,Otros,Pasivos,Ande,12,0.0,2621620.0,1,2192839.0,2621620.0
73,70 a 74,2020,Mujeres,Vejez,Pasivos,Ande,12,0.0,22303015.0,5,2192839.0,4460603.0
73,70 a 74,2020,Mujeres,Pensión/Sobrevivencia,Pasivos,Ande,12,0.0,25683720.0,6,2192839.0,4280620.0
73,70 a 74,2020,Mujeres,Otros,Pasivos,Ande,12,0.0,3296890.0,1,2192839.0,3296890.0
74,70 a 74,2020,Hombres,Vejez,Pasivos,Ande,12,0.0,236271573.0,38,2192839.0,6217672.97368421
74,70 a 74,2020,Hombres,Invalidez,Pasivos,Ande,12,0.0,2167025.0,1,2192839.0,2167025.0
74,70 a 74,2020,Hombres,Pensión/Sobrevivencia,Pasivos,Ande,12,0.0,1150614.0,1,2192839.0,1150614.0
74,70 a 74,2020,Mujeres,Vejez,Pasivos,Ande,12,0.0,11806018.0,3,2192839.0,3935339.3333333335
74,70 a 74,2020,Mujeres,Pensión/Sobrevivencia,Pasivos,Ande,12,0.0,37865149.0,11,2192839.0,3442286.272727273
75,75 a 79,2020,Hombres,Vejez,Pasivos,Ande,12,0.0,228114056.0,35,2192839.0,6517544.457142857
75,75 a 79,2020,Mujeres,Vejez,Pasivos,Ande,12,0.0,9957680.0,3,2192839.0,3319226.6666666665
75,75 a 79,2020,Mujeres,Pensión/Sobrevivencia,Pasivos,Ande,12,0.0,49539449.0,13,2192839.0,3810726.846153846
76,75 a 79,2020,Hombres,Vejez,Pasivos,Ande,12,0.0,187392299.0,31,2192839.0,6044912.870967742
76,75 a 79,2020,Hombres,Invalidez,Pasivos,Ande,12,0.0,6225218.0,1,2192839.0,6225218.0
76,75 a 79,2020,Mujeres,Vejez,Pasivos,Ande,12,0.0,6006040.0,1,2192839.0,6006040.0
76,75 a 79,2020,Mujeres,Invalidez,Pasivos,Ande,12,0.0,1897008.0,1,2192839.0,1897008.0
76,75 a 79,2020,Mujeres,Pensión/Sobrevivencia,Pasivos,Ande,12,0.0,20966038.0,9,2192839.0,2329559.777777778
77,75 a 79,2020,Hombres,Vejez,Pasivos,Ande,12,0.0,168895323.0,23,2192839.0,7343274.9130434785
77,75 a 79,2020,Mujeres,Vejez,Pasivos,Ande,12,0.0,11364449.0,2,2192839.0,5682224.5
77,75 a 79,2020,Mujeres,Pensión/Sobrevivencia,Pasivos,Ande,12,0.0,38248356.0,14,2192839.0,2732025.4285714286
78,75 a 79,2020,Hombres,Vejez,Pasivos,Ande,12,0.0,207959679.0,29,2192839.0,7171023.413793104
78,75 a 79,2020,Mujeres,Vejez,Pasivos,Ande,12,0.0,12854178.0,2,2192839.0,6427089.0
78,75 a 79,2020,Mujeres,Pensión/Sobrevivencia,Pasivos,Ande,12,0.0,33436070.0,7,2192839.0,4776581.428571428
79,75 a 79,2020,Hombres,Vejez,Pasivos,Ande,12,0.0,51129592.0,10,2192839.0,5112959.2
79,75 a 79,2020,Mujeres,Vejez,Pasivos,Ande,12,0.0,4329028.0,1,2192839.0,4329028.0
79,75 a 79,2020,Mujeres,Pensión/Sobrevivencia,Pasivos,Ande,12,0.0,21918330.0,8,2192839.0,2739791.25
80,80 a 84,2020,Hombres,Vejez,Pasivos,Ande,12,0.0,89516776.0,14,2192839.0,6394055.428571428
80,80 a 84,2020,Hombres,Pensión/Sobrevivencia,Pasivos,Ande,12,0.0,585146.0,1,2192839.0,585146.0
80,80 a 84,2020,Mujeres,Vejez,Pasivos,Ande,12,0.0,7652798.0,1,2192839.0,7652798.0
80,80 a 84,2020,Mujeres,Pensión/Sobrevivencia,Pasivos,Ande,12,0.0,55841024.0,11,2192839.0,5076456.7272727275
81,80 a 84,2020,Hombres,Vejez,Pasivos,Ande,12,0.0,92012709.0,13,2192839.0,7077900.692307692
81,80 a 84,2020,Hombres,Otros,Pasivos,Ande,12,0.0,4913250.0,1,2192839.0,4913250.0
81,80 a 84,2020,Mujeres,Vejez,Pasivos,Ande,12,0.0,15828157.0,3,2192839.0,5276052.333333333
81,80 a 84,2020,Mujeres,Pensión/Sobrevivencia,Pasivos,Ande,12,0.0,21935361.0,7,2192839.0,3133623.0
82,80 a 84,2020,Hombres,Vejez,Pasivos,Ande,12,0.0,54339078.0,9,2192839.0,6037675.333333333
82,80 a 84,2020,Hombres,Otros,Pasivos,Ande,12,0.0,4098447.0,1,2192839.0,4098447.0
82,80 a 84,2020,Mujeres,Vejez,Pasivos,Ande,12,0.0,7879651.0,2,2192839.0,3939825.5
82,80 a 84,2020,Mujeres,Pensión/Sobrevivencia,Pasivos,Ande,12,0.0,17510830.0,5,2192839.0,3502166.0
83,80 a 84,2020,Hombres,Vejez,Pasivos,Ande,12,0.0,73740665.0,11,2192839.0,6703696.818181818
83,80 a 84,2020,Hombres,Pensión/Sobrevivencia,Pasivos,Ande,12,0.0,5714310.0,2,2192839.0,2857155.0
83,80 a 84,2020,Mujeres,Pensión/Sobrevivencia,Pasivos,Ande,12,0.0,16743678.0,8,2192839.0,2092959.75
84,80 a 84,2020,Hombres,Vejez,Pasivos,Ande,12,0.0,21789593.0,5,2192839.0,4357918.6
84,80 a 84,2020,Mujeres,Vejez,Pasivos,Ande,12,0.0,1962081.0,1,2192839.0,1962081.0
84,80 a 84,2020,Mujeres,Pensión/Sobrevivencia,Pasivos,Ande,12,0.0,20052698.0,8,2192839.0,2506587.25
85,85 y más,2020,Hombres,Vejez,Pasivos,Ande,12,0.0,36024921.0,9,2192839.0,4002769.0
85,85 y más,2020,Hombres,Pensión/Sobrevivencia,Pasivos,Ande,12,0.0,687308.0,1,2192839.0,687308.0
85,85 y más,2020,Mujeres,Pensión/Sobrevivencia,Pasivos,Ande,12,0.0,20160910.0,9,2192839.0,2240101.111111111
86,85 y más,2020,Hombres,Vejez,Pasivos,Ande,12,0.0,30555327.0,7,2192839.0,4365046.714285715
86,85 y más,2020,Hombres,Invalidez,Pasivos,Ande,12,0.0,3217932.0,1,2192839.0,3217932.0
86,85 y más,2020,Hombres,Pensión/Sobrevivencia,Pasivos,Ande,12,0.0,1286730.0,1,2192839.0,1286730.0
86,85 y más,2020,Mujeres,Pensión/Sobrevivencia,Pasivos,Ande,12,0.0,19250274.0,8,2192839.0,2406284.25
87,85 y más,2020,Hombres,Vejez,Pasivos,Ande,12,0.0,12635808.0,4,2192839.0,3158952.0
87,85 y más,2020,Mujeres,Vejez,Pasivos,Ande,12,0.0,3240603.0,1,2192839.0,3240603.0
87,85 y más,2020,Mujeres,Pensión/Sobrevivencia,Pasivos,Ande,12,0.0,17040396.0,7,2192839.0,2434342.285714286
88,85 y más,2020,Hombres,Vejez,Pasivos,Ande,12,0.0,5431099.0,2,2192839.0,2715549.5
88,85 y más,2020,Mujeres,Pensión/Sobrevivencia,Pasivos,Ande,12,0.0,8076657.0,3,2192839.0,2692219.0
89,85 y más,2020,Hombres,Vejez,Pasivos,Ande,12,0.0,2370013.0,1,2192839.0,2370013.0
89,85 y más,2020,Mujeres,Vejez,Pasivos,Ande,12,0.0,2758463.0,1,2192839.0,2758463.0
89,85 y más,2020,Mujeres,Pensión/Sobrevivencia,Pasivos,Ande,12,0.0,7075879.0,3,2192839.0,2358626.3333333335
90,85 y más,2020,Hombres,Vejez,Pasivos,Ande,12,0.0,20996680.0,4,2192839.0,5249170.0
90,85 y más,2020,Mujeres,Vejez,Pasivos,Ande,12,0.0,2576920.0,1,2192839.0,2576920.0
90,85 y más,2020,Mujeres,Pensión/Sobrevivencia,Pasivos,Ande,12,0.0,8525663.0,4,2192839.0,2131415.75
91,85 y más,2020,Mujeres,Vejez,Pasivos,Ande,12,0.0,1831239.0,1,2192839.0,1831239.0
91,85 y más,2020,Mujeres,Pensión/Sobrevivencia,Pasivos,Ande,12,0.0,9203826.0,4,2192839.0,2300956.5
92,85 y más,2020,Hombres,Vejez,Pasivos,Ande,12,0.0,2793348.0,1,2192839.0,2793348.0
92,85 y más,2020,Mujeres,Pensión/Sobrevivencia,Pasivos,Ande,12,0.0,12559237.0,6,2192839.0,2093206.1666666667
93,85 y más,2020,Hombres,Vejez,Pasivos,Ande,12,0.0,6895432.0,2,2192839.0,3447716.0
93,85 y más,2020,Mujeres,Vejez,Pasivos,Ande,12,0.0,4966817.0,1,2192839.0,4966817.0
93,85 y más,2020,Mujeres,Pensión/Sobrevivencia,Pasivos,Ande,12,0.0,4339005.0,1,2192839.0,4339005.0
94,85 y más,2020,Hombres,Vejez,Pasivos,Ande,12,0.0,4259813.0,1,2192839.0,4259813.0
94,85 y más,2020,Hombres,Pensión/Sobrevivencia,Pasivos,Ande,12,0.0,4492531.0,1,2192839.0,4492531.0
94,85 y más,2020,Mujeres,Pensión/Sobrevivencia,Pasivos,Ande,12,0.0,2454595.0,1,2192839.0,2454595.0
96,85 y más,2020,Hombres,Vejez,Pasivos,Ande,12,0.0,3090155.0,1,2192839.0,3090155.0
96,85 y más,2020,Mujeres,Pensión/Sobrevivencia,Pasivos,Ande,12,0.0,1434195.0,1,2192839.0,1434195.0
97,85 y más,2020,Mujeres,Pensión/Sobrevivencia,Pasivos,Ande,12,0.0,6090772.0,3,2192839.0,2030257.3333333333
18,15 a 19,2020,Hombres,Activos,Activos,Bancaria,12,4666480.84,16666003.0,6,2192839.0,2777667.1666666665
18,15 a 19,2020,Mujeres,Activos,Activos,Bancaria,12,4515365.960000001,16126307.0,5,2192839.0,3225261.4
19,15 a 19,2020,Hombres,Activos,Activos,Bancaria,12,31406651.919999998,112166614.0,35,2192839.0,3204760.4
19,15 a 19,2020,Mujeres,Activos,Activos,Bancaria,12,20536741.68,73345506.0,23,2192839.0,3188935.0434782607
20,20 a 24,2020,Hombres,Activos,Activos,Bancaria,12,56934165.960000016,203336307.0,64,2192839.0,3177129.796875
20,20 a 24,2020,Mujeres,Activos,Activos,Bancaria,12,53019748.04000002,189356243.0,59,2192839.0,3209427.8474576273
21,20 a 24,2020,Hombres,Activos,Activos,Bancaria,12,130155284.84000002,464840303.0,131,2192839.0,3548399.2595419846
21,20 a 24,2020,Mujeres,Activos,Activos,Bancaria,12,103275961.60000005,368842720.0,99,2192839.0,3725684.0404040404
22,20 a 24,2020,Hombres,Activos,Activos,Bancaria,12,182544740.83999982,651945503.0,168,2192839.0,3880627.994047619
22,20 a 24,2020,Mujeres,Activos,Activos,Bancaria,12,97523917.68000004,348299706.0,93,2192839.0,3745158.129032258
23,20 a 24,2020,Hombres,Activos,Activos,Bancaria,12,257074630.67999998,918123681.0,223,2192839.0,4117146.5515695065
23,20 a 24,2020,Mujeres,Activos,Activos,Bancaria,12,189540004.35999987,676928587.0,184,2192839.0,3678959.711956522
24,20 a 24,2020,Hombres,Activos,Activos,Bancaria,12,353465535.6399997,1262376913.0,274,2192839.0,4607215.010948905
24,20 a 24,2020,Mujeres,Activos,Activos,Bancaria,12,215778235.6799998,770636556.0,182,2192839.0,4234266.791208792
25,25 a 29,2020,Hombres,Activos,Activos,Bancaria,12,425112455.31999975,1518258769.0,326,2192839.0,4657235.487730062
25,25 a 29,2020,Mujeres,Activos,Activos,Bancaria,12,311564487.63999957,1112730313.0,244,2192839.0,4560370.1352459015
26,25 a 29,2020,Hombres,Activos,Activos,Bancaria,12,416661473.1999998,1488076690.0,293,2192839.0,5078760.034129693
26,25 a 29,2020,Mujeres,Activos,Activos,Bancaria,12,337447318.87999976,1205168996.0,252,2192839.0,4782416.650793651
27,25 a 29,2020,Hombres,Activos,Activos,Bancaria,12,511542718.6799995,1826938281.0,305,2192839.0,5989961.57704918
27,25 a 29,2020,Mujeres,Activos,Activos,Bancaria,12,404033099.95999974,1442975357.0,274,2192839.0,5266333.419708029
28,25 a 29,2020,Hombres,Activos,Activos,Bancaria,12,626577393.9599994,2237776407.0,357,2192839.0,6268281.25210084
28,25 a 29,2020,Mujeres,Activos,Activos,Bancaria,12,434553182.28000003,1551975651.0,282,2192839.0,5503459.755319149
29,25 a 29,2020,Hombres,Activos,Activos,Bancaria,12,610418080.7199997,2180064574.0,348,2192839.0,6264553.373563218
29,25 a 29,2020,Mujeres,Activos,Activos,Bancaria,12,499586016.99999976,1784235775.0,293,2192839.0,6089541.894197952
30,30 a 34,2020,Hombres,Activos,Activos,Bancaria,12,634889957.7999997,2267464135.0,356,2192839.0,6369281.278089887
30,30 a 34,2020,Mujeres,Activos,Activos,Bancaria,12,442989880.19999987,1582106715.0,253,2192839.0,6253386.225296442
31,30 a 34,2020,Hombres,Activos,Activos,Bancaria,12,700349091.12,2501246754.0,323,2192839.0,7743798.0
31,30 a 34,2020,Mujeres,Activos,Activos,Bancaria,12,468317265.91999984,1672561664.0,247,2192839.0,6771504.7125506075
32,30 a 34,2020,Hombres,Activos,Activos,Bancaria,12,682914956.9199998,2438981989.0,319,2192839.0,7645711.564263323
32,30 a 34,2020,Mujeres,Activos,Activos,Bancaria,12,523687454.35999995,1870312337.0,256,2192839.0,7305907.56640625
33,30 a 34,2020,Hombres,Activos,Activos,Bancaria,12,617528121.5599997,2205457577.0,258,2192839.0,8548285.182170542
33,30 a 34,2020,Mujeres,Activos,Activos,Bancaria,12,486372445.4399998,1737044448.0,217,2192839.0,8004813.124423963
34,30 a 34,2020,Hombres,Activos,Activos,Bancaria,12,561157593.0799999,2004134261.0,229,2192839.0,8751677.995633189
34,30 a 34,2020,Mujeres,Activos,Activos,Bancaria,12,487420426.36000013,1740787237.0,206,2192839.0,8450423.480582524
35,35 a 39,2020,Hombres,Activos,Activos,Bancaria,12,746125394.8400002,2664733553.0,274,2192839.0,9725304.937956205
35,35 a 39,2020,Mujeres,Activos,Activos,Bancaria,12,425116235.88,1518272271.0,171,2192839.0,8878785.210526315
36,35 a 39,2020,Hombres,Activos,Activos,Bancaria,12,603381577.1200001,2154934204.0,222,2192839.0,9706910.828828828
36,35 a 39,2020,Mujeres,Activos,Activos,Bancaria,12,391217129.79999983,1397204035.0,149,2192839.0,9377208.288590604
37,35 a 39,2020,Hombres,Activos,Activos,Bancaria,12,670396752.2,2394274115.0,226,2192839.0,10594133.25221239
37,35 a 39,2020,Mujeres,Activos,Activos,Bancaria,12,409369807.0000001,1462035025.0,160,2192839.0,9137718.90625
38,35 a 39,2020,Hombres,Activos,Activos,Bancaria,12,618492318.9199997,2208901139.0,205,2192839.0,10775127.507317074
38,35 a 39,2020,Mujeres,Activos,Activos,Bancaria,12,369062194.48000014,1318079266.0,130,2192839.0,10139071.276923077
39,35 a 39,2020,Hombres,Activos,Activos,Bancaria,12,503187637.9599999,1797098707.0,159,2192839.0,11302507.591194969
39,35 a 39,2020,Mujeres,Activos,Activos,Bancaria,12,321386325.68,1147808306.0,107,2192839.0,10727180.429906541
40,40 a 44,2020,Hombres,Activos,Activos,Bancaria,12,517188728.5600001,1847102602.0,146,2192839.0,12651387.684931507
40,40 a 44,2020,Mujeres,Activos,Activos,Bancaria,12,353170098.4,1261321780.0,107,2192839.0,11788054.018691588
41,40 a 44,2020,Hombres,Activos,Activos,Bancaria,12,638325547.7199998,2279734099.0,174,2192839.0,13101920.109195402
41,40 a 44,2020,Mujeres,Activos,Activos,Bancaria,12,340914999.88000005,1217553571.0,103,2192839.0,11820908.45631068
42,40 a 44,2020,Hombres,Activos,Activos,Bancaria,12,440117445.04000014,1571848018.0,120,2192839.0,13098733.483333332
42,40 a 44,2020,Mujeres,Activos,Activos,Bancaria,12,210121579.64,750434213.0,63,2192839.0,11911654.174603175
43,40 a 44,2020,Hombres,Activos,Activos,Bancaria,12,409129820.9599998,1461177932.0,106,2192839.0,13784697.471698113
43,40 a 44,2020,Mujeres,Activos,Activos,Bancaria,12,387546606.99999994,1384095025.0,95,2192839.0,14569421.315789474
44,40 a 44,2020,Hombres,Activos,Activos,Bancaria,12,478385342.68,1708519081.0,109,2192839.0,15674486.981651377
44,40 a 44,2020,Mujeres,Activos,Activos,Bancaria,12,260979246.64000005,932068738.0,77,2192839.0,12104788.805194804
45,45 a 49,2020,Hombres,Activos,Activos,Bancaria,12,471529365.1600001,1684033447.0,115,2192839.0,14643769.104347827
45,45 a 49,2020,Mujeres,Activos,Activos,Bancaria,12,216311205.32000002,772540019.0,56,2192839.0,13795357.482142856
46,45 a 49,2020,Hombres,Activos,Activos,Bancaria,12,424931029.0400001,1517610818.0,94,2192839.0,16144795.936170213
46,45 a 49,2020,Mujeres,Activos,Activos,Bancaria,12,249745255.20000002,891947340.0,63,2192839.0,14157894.285714285
47,45 a 49,2020,Hombres,Activos,Activos,Bancaria,12,536406412.08000004,1915737186.0,109,2192839.0,17575570.51376147
47,45 a 49,2020,Mujeres,Activos,Activos,Bancaria,12,167924643.60000002,599730870.0,38,2192839.0,15782391.315789474
48,45 a 49,2020,Hombres,Activos,Activos,Bancaria,12,497980910.5600002,1778503252.0,104,2192839.0,17100992.807692308
48,45 a 49,2020,Mujeres,Activos,Activos,Bancaria,12,307798899.52,1099281784.0,56,2192839.0,19630031.85714286
49,45 a 49,2020,Hombres,Activos,Activos,Bancaria,12,452818097.20000005,1617207490.0,94,2192839.0,17204335.0
49,45 a 49,2020,Mujeres,Activos,Activos,Bancaria,12,266453623.52000007,951620084.0,53,2192839.0,17955095.9245283
50,50 a 54,2020,Hombres,Activos,Activos,Bancaria,12,536088393.95999974,1914601407.0,112,2192839.0,17094655.41964286
50,50 a 54,2020,Mujeres,Activos,Activos,Bancaria,12,268986049.36,960664462.0,55,2192839.0,17466626.581818182
51,50 a 54,2020,Hombres,Activos,Activos,Bancaria,12,424432697.0799999,1515831061.0,97,2192839.0,15627124.340206185
51,50 a 54,2020,Mujeres,Activos,Activos,Bancaria,12,218859104.80000004,781639660.0,38,2192839.0,20569464.736842107
52,50 a 54,2020,Hombres,Activos,Activos,Bancaria,12,418733538.16000015,1495476922.0,79,2192839.0,18930087.620253164
52,50 a 54,2020,Mujeres,Activos,Activos,Bancaria,12,114006944.80000001,407167660.0,28,2192839.0,14541702.142857144
53,50 a 54,2020,Hombres,Activos,Activos,Bancaria,12,437270904.2800001,1561681801.0,94,2192839.0,16613636.180851065
53,50 a 54,2020,Mujeres,Activos,Activos,Bancaria,12,115292261.00000001,411758075.0,26,2192839.0,15836849.038461538
54,50 a 54,2020,Hombres,Activos,Activos,Bancaria,12,458298960.55999994,1636782002.0,91,2192839.0,17986615.40659341
54,50 a 54,2020,Mujeres,Activos,Activos,Bancaria,12,180735530.08,645484036.0,34,2192839.0,18984824.588235293
55,55 a 59,2020,Hombres,Activos,Activos,Bancaria,12,545588589.0000001,1948530675.0,98,2192839.0,19882966.07142857
55,55 a 59,2020,Mujeres,Activos,Activos,Bancaria,12,171493485.52,612476734.0,33,2192839.0,18559901.03030303
56,55 a 59,2020,Hombres,Activos,Activos,Bancaria,12,385601470.79999995,1377148110.0,76,2192839.0,18120369.86842105
56,55 a 59,2020,Mujeres,Activos,Activos,Bancaria,12,111307482.16,397526722.0,24,2192839.0,16563613.416666666
57,55 a 59,2020,Hombres,Activos,Activos,Bancaria,12,284086140.52000004,1014593359.0,65,2192839.0,15609128.6
57,55 a 59,2020,Mujeres,Activos,Activos,Bancaria,12,121763046.16000001,434868022.0,24,2192839.0,18119500.916666668
58,55 a 59,2020,Hombres,Activos,Activos,Bancaria,12,307975339.28,1099911926.0,57,2192839.0,19296700.45614035
58,55 a 59,2020,Mujeres,Activos,Activos,Bancaria,12,99477019.88000003,355275071.0,23,2192839.0,15446742.217391305
59,55 a 59,2020,Hombres,Activos,Activos,Bancaria,12,338710881.6000001,1209681720.0,63,2192839.0,19201297.14285714
59,55 a 59,2020,Mujeres,Activos,Activos,Bancaria,12,56870739.800000004,203109785.0,16,2192839.0,12694361.5625
60,60 a 64,2020,Hombres,Activos,Activos,Bancaria,12,224092751.96000004,800331257.0,43,2192839.0,18612354.81395349
60,60 a 64,2020,Mujeres,Activos,Activos,Bancaria,12,65389035.04000001,233532268.0,17,2192839.0,13737192.235294119
61,60 a 64,2020,Hombres,Activos,Activos,Bancaria,12,93804683.28000002,335016726.0,19,2192839.0,17632459.263157893
61,60 a 64,2020,Mujeres,Activos,Activos,Bancaria,12,39506414.92,141094339.0,9,2192839.0,15677148.777777778
62,60 a 64,2020,Hombres,Activos,Activos,Bancaria,12,61151518.120000005,218398279.0,13,2192839.0,16799867.615384616
62,60 a 64,2020,Mujeres,Activos,Activos,Bancaria,12,18070197.040000003,64536418.0,5,2192839.0,12907283.6
63,60 a 64,2020,Hombres,Activos,Activos,Bancaria,12,68082068.32000001,243150244.0,21,2192839.0,11578583.047619049
63,60 a 64,2020,Mujeres,Activos,Activos,Bancaria,12,6575646.5600000005,23484452.0,2,2192839.0,11742226.0
64,60 a 64,2020,Hombres,Activos,Activos,Bancaria,12,73247921.88,261599721.0,22,2192839.0,11890896.409090908
64,60 a 64,2020,Mujeres,Activos,Activos,Bancaria,12,47422117.68000001,169364706.0,6,2192839.0,28227451.0
65,65 a 69,2020,Hombres,Activos,Activos,Bancaria,12,45613398.32,162904994.0,12,2192839.0,13575416.166666666
65,65 a 69,2020,Mujeres,Activos,Activos,Bancaria,12,2384200.0,8515000.0,1,2192839.0,8515000.0
66,65 a 69,2020,Hombres,Activos,Activos,Bancaria,12,39604478.480000004,141444566.0,13,2192839.0,10880351.23076923
66,65 a 69,2020,Mujeres,Activos,Activos,Bancaria,12,9926000.000000002,35450000.0,2,2192839.0,17725000.0
67,65 a 69,2020,Hombres,Activos,Activos,Bancaria,12,55610047.64,198607313.0,14,2192839.0,14186236.642857144
67,65 a 69,2020,Mujeres,Activos,Activos,Bancaria,12,4284000.0,15300000.0,1,2192839.0,15300000.0
68,65 a 69,2020,Hombres,Activos,Activos,Bancaria,12,30729375.040000003,109747768.0,8,2192839.0,13718471.0
68,65 a 69,2020,Mujeres,Activos,Activos,Bancaria,12,9993938.64,35692638.0,3,2192839.0,11897546.0
69,65 a 69,2020,Hombres,Activos,Activos,Bancaria,12,5323851.68,19013756.0,2,2192839.0,9506878.0
69,65 a 69,2020,Mujeres,Activos,Activos,Bancaria,12,3598000.0000000005,12850000.0,1,2192839.0,12850000.0
70,70 a 74,2020,Hombres,Activos,Activos,Bancaria,12,26356555.4,94130555.0,6,2192839.0,15688425.833333334
71,70 a 74,2020,Hombres,Activos,Activos,Bancaria,12,12969915.0,46321125.0,5,2192839.0,9264225.0
71,70 a 74,2020,Mujeres,Activos,Activos,Bancaria,12,11040999.760000002,39432142.0,2,2192839.0,19716071.0
72,70 a 74,2020,Hombres,Activos,Activos,Bancaria,12,5703936.0,20371200.0,2,2192839.0,10185600.0
72,70 a 74,2020,Mujeres,Activos,Activos,Bancaria,12,4662000.0,16650000.0,1,2192839.0,16650000.0
73,70 a 74,2020,Hombres,Activos,Activos,Bancaria,12,7056926.800000001,25203310.0,4,2192839.0,6300827.5
74,70 a 74,2020,Hombres,Activos,Activos,Bancaria,12,15167600.0,54170000.0,4,2192839.0,13542500.0
75,75 a 79,2020,Hombres,Activos,Activos,Bancaria,12,11200000.000000002,40000000.0,2,2192839.0,20000000.0
75,75 a 79,2020,Mujeres,Activos,Activos,Bancaria,12,4925200.000000001,17590000.0,1,2192839.0,17590000.0
76,75 a 79,2020,Hombres,Activos,Activos,Bancaria,12,6524835.520000001,23302984.0,3,2192839.0,7767661.333333333
79,75 a 79,2020,Hombres,Activos,Activos,Bancaria,12,2073934.5200000003,7406909.0,1,2192839.0,7406909.0
81,80 a 84,2020,Hombres,Activos,Activos,Bancaria,12,2800000.0000000005,10000000.0,1,2192839.0,10000000.0
86,85 y más,2020,Hombres,Activos,Activos,Bancaria,12,4793335.960000001,17119057.0,1,2192839.0,17119057.0
88,85 y más,2020,Mujeres,Activos,Activos,Bancaria,12,2996000.0000000005,10700000.0,1,2192839.0,10700000.0
13,10 a 14,2020,Hombres,Pensión/Sobrevivencia,Pasivos,Bancaria,12,0.0,1585492.0,1,2192839.0,1585492.0
14,10 a 14,2020,Hombres,Pensión/Sobrevivencia,Pasivos,Bancaria,12,0.0,7637392.0,1,2192839.0,7637392.0
18,15 a 19,2020,Mujeres,Pensión/Sobrevivencia,Pasivos,Bancaria,12,0.0,1294354.4166666667,1,2192839.0,1294354.4166666667
26,25 a 29,2020,Hombres,Pensión/Sobrevivencia,Pasivos,Bancaria,12,0.0,2885286.0,1,2192839.0,2885286.0
39,35 a 39,2020,Hombres,Pensión/Sobrevivencia,Pasivos,Bancaria,12,0.0,4683245.0,1,2192839.0,4683245.0
46,45 a 49,2020,Mujeres,Invalidez,Pasivos,Bancaria,12,0.0,5293436.0,1,2192839.0,5293436.0
46,45 a 49,2020,Mujeres,Pensión/Sobrevivencia,Pasivos,Bancaria,12,0.0,4323705.0,1,2192839.0,4323705.0
49,45 a 49,2020,Hombres,Invalidez,Pasivos,Bancaria,12,0.0,8942515.0,1,2192839.0,8942515.0
49,45 a 49,2020,Mujeres,Pensión/Sobrevivencia,Pasivos,Bancaria,12,0.0,6819560.0,2,2192839.0,3409780.0
50,50 a 54,2020,Hombres,Invalidez,Pasivos,Bancaria,12,0.0,7097922.0,1,2192839.0,7097922.0
50,50 a 54,2020,Hombres,Pensión/Sobrevivencia,Pasivos,Bancaria,12,0.0,2806198.0,1,2192839.0,2806198.0
50,50 a 54,2020,Mujeres,Pensión/Sobrevivencia,Pasivos,Bancaria,12,0.0,4111197.0,1,2192839.0,4111197.0
51,50 a 54,2020,Hombres,Invalidez,Pasivos,Bancaria,12,0.0,27933906.0,2,2192839.0,13966953.0
52,50 a 54,2020,Mujeres,Invalidez,Pasivos,Bancaria,12,0.0,18449388.0,1,2192839.0,18449388.0
52,50 a 54,2020,Mujeres,Pensión/Sobrevivencia,Pasivos,Bancaria,12,0.0,5031113.0,2,2192839.0,2515556.5
54,50 a 54,2020,Hombres,Invalidez,Pasivos,Bancaria,12,0.0,3193315.0,1,2192839.0,3193315.0
54,50 a 54,2020,Mujeres,Pensión/Sobrevivencia,Pasivos,Bancaria,12,0.0,8877565.0,2,2192839.0,4438782.5
55,55 a 59,2020,Hombres,Invalidez,Pasivos,Bancaria,12,0.0,52004708.0,5,2192839.0,10400941.6
55,55 a 59,2020,Hombres,Pensión/Sobrevivencia,Pasivos,Bancaria,12,0.0,1783786.0,1,2192839.0,1783786.0
55,55 a 59,2020,Mujeres,Pensión/Sobrevivencia,Pasivos,Bancaria,12,0.0,12831151.0,2,2192839.0,6415575.5
56,55 a 59,2020,Hombres,Otros,Pasivos,Bancaria,12,0.0,11755457.0,2,2192839.0,5877728.5
56,55 a 59,2020,Mujeres,Pensión/Sobrevivencia,Pasivos,Bancaria,12,0.0,8880597.0,2,2192839.0,4440298.5
57,55 a 59,2020,Hombres,Invalidez,Pasivos,Bancaria,12,0.0,6597318.0,2,2192839.0,3298659.0
57,55 a 59,2020,Hombres,Otros,Pasivos,Bancaria,12,0.0,94026356.0,11,2192839.0,8547850.545454545
57,55 a 59,2020,Mujeres,Pensión/Sobrevivencia,Pasivos,Bancaria,12,0.0,43733096.833333336,6,2192839.0,7288849.472222223
57,55 a 59,2020,Mujeres,Otros,Pasivos,Bancaria,12,0.0,15978416.0,2,2192839.0,7989208.0
58,55 a 59,2020,Hombres,Invalidez,Pasivos,Bancaria,12,0.0,9012176.0,1,2192839.0,9012176.0
58,55 a 59,2020,Hombres,Otros,Pasivos,Bancaria,12,0.0,100283547.0,12,2192839.0,8356962.25
58,55 a 59,2020,Mujeres,Invalidez,Pasivos,Bancaria,12,0.0,3537568.0,1,2192839.0,3537568.0
58,55 a 59,2020,Mujeres,Pensión/Sobrevivencia,Pasivos,Bancaria,12,0.0,7232560.0,1,2192839.0,7232560.0
58,55 a 59,2020,Mujeres,Otros,Pasivos,Bancaria,12,0.0,10637008.0,2,2192839.0,5318504.0
59,55 a 59,2020,Hombres,Invalidez,Pasivos,Bancaria,12,0.0,19978858.0,3,2192839.0,6659619.333333333
59,55 a 59,2020,Hombres,Otros,Pasivos,Bancaria,12,0.0,126411460.0,16,2192839.0,7900716.25
59,55 a 59,2020,Mujeres,Pensión/Sobrevivencia,Pasivos,Bancaria,12,0.0,38864754.0,6,2192839.0,6477459.0
59,55 a 59,2020,Mujeres,Otros,Pasivos,Bancaria,12,0.0,72356304.0,11,2192839.0,6577845.818181818
60,60 a 64,2020,Hombres,Vejez,Pasivos,Bancaria,12,0.0,991340244.6666667,80,2192839.0,12391753.058333334
60,60 a 64,2020,Hombres,Pensión/Sobrevivencia,Pasivos,Bancaria,12,0.0,29580353.0,9,2192839.0,3286705.888888889
60,60 a 64,2020,Hombres,Otros,Pasivos,Bancaria,12,0.0,142062783.5,17,2192839.0,8356634.323529412
60,60 a 64,2020,Mujeres,Vejez,Pasivos,Bancaria,12,0.0,193637877.0833333,15,2192839.0,12909191.805555554
60,60 a 64,2020,Mujeres,Pensión/Sobrevivencia,Pasivos,Bancaria,12,0.0,100035413.33333333,18,2192839.0,5557522.962962963
60,60 a 64,2020,Mujeres,Otros,Pasivos,Bancaria,12,0.0,57065708.0,6,2192839.0,9510951.333333334
61,60 a 64,2020,Hombres,Vejez,Pasivos,Bancaria,12,0.0,1184565689.4166667,94,2192839.0,12601762.653368795
61,60 a 64,2020,Hombres,Invalidez,Pasivos,Bancaria,12,0.0,3217359.0,1,2192839.0,3217359.0
61,60 a 64,2020,Hombres,Pensión/Sobrevivencia,Pasivos,Bancaria,12,0.0,2363959.0,1,2192839.0,2363959.0
61,60 a 64,2020,Hombres,Otros,Pasivos,Bancaria,12,0.0,132263115.0,19,2192839.0,6961216.578947368
61,60 a 64,2020,Mujeres,Vejez,Pasivos,Bancaria,12,0.0,318602930.00000006,24,2192839.0,13275122.083333336
61,60 a 64,2020,Mujeres,Invalidez,Pasivos,Bancaria,12,0.0,4181570.0,1,2192839.0,4181570.0
61,60 a 64,2020,Mujeres,Pensión/Sobrevivencia,Pasivos,Bancaria,12,0.0,91423812.33333333,14,2192839.0,6530272.309523809
61,60 a 64,2020,Mujeres,Otros,Pasivos,Bancaria,12,0.0,29794220.0,6,2192839.0,4965703.333333333
62,60 a 64,2020,Hombres,Vejez,Pasivos,Bancaria,12,0.0,790356403.3333333,66,2192839.0,11975097.020202018
62,60 a 64,2020,Hombres,Invalidez,Pasivos,Bancaria,12,0.0,45303457.0,3,2192839.0,15101152.333333334
62,60 a 64,2020,Hombres,Pensión/Sobrevivencia,Pasivos,Bancaria,12,0.0,13413367.0,2,2192839.0,6706683.5
62,60 a 64,2020,Hombres,Otros,Pasivos,Bancaria,12,0.0,173584403.0,19,2192839.0,9136021.210526315
62,60 a 64,2020,Mujeres,Vejez,Pasivos,Bancaria,12,0.0,153694833.0,12,2192839.0,12807902.75
62,60 a 64,2020,Mujeres,Pensión/Sobrevivencia,Pasivos,Bancaria,12,0.0,90792420.5,14,2192839.0,6485172.892857143
62,60 a 64,2020,Mujeres,Otros,Pasivos,Bancaria,12,0.0,113201333.0,16,2192839.0,7075083.3125
63,60 a 64,2020,Hombres,Vejez,Pasivos,Bancaria,12,0.0,905864670.9999999,71,2192839.0,12758657.338028166
63,60 a 64,2020,Hombres,Invalidez,Pasivos,Bancaria,12,0.0,14170076.0,2,2192839.0,7085038.0
63,60 a 64,2020,Hombres,Pensión/Sobrevivencia,Pasivos,Bancaria,12,0.0,2522291.0,1,2192839.0,2522291.0
63,60 a 64,2020,Hombres,Otros,Pasivos,Bancaria,12,0.0,163271192.0,21,2192839.0,7774818.666666667
63,60 a 64,2020,Mujeres,Vejez,Pasivos,Bancaria,12,0.0,126477560.83333334,10,2192839.0,12647756.083333334
63,60 a 64,2020,Mujeres,Pensión/Sobrevivencia,Pasivos,Bancaria,12,0.0,74536376.66666667,13,2192839.0,5733567.435897436
63,60 a 64,2020,Mujeres,Otros,Pasivos,Bancaria,12,0.0,102113202.0,14,2192839.0,7293800.142857143
64,60 a 64,2020,Hombres,Vejez,Pasivos,Bancaria,12,0.0,1058457616.1666666,79,2192839.0,13398197.67299578
64,60 a 64,2020,Hombres,Invalidez,Pasivos,Bancaria,12,0.0,27828012.0,3,2192839.0,9276004.0
64,60 a 64,2020,Hombres,Pensión/Sobrevivencia,Pasivos,Bancaria,12,0.0,5163985.0,1,2192839.0,5163985.0
64,60 a 64,2020,Hombres,Otros,Pasivos,Bancaria,12,0.0,154826996.0,18,2192839.0,8601499.777777778
64,60 a 64,2020,Mujeres,Vejez,Pasivos,Bancaria,12,0.0,121067878.0,10,2192839.0,12106787.8
64,60 a 64,2020,Mujeres,Pensión/Sobrevivencia,Pasivos,Bancaria,12,0.0,50850753.91666667,9,2192839.0,5650083.768518519
64,60 a 64,2020,Mujeres,Otros,Pasivos,Bancaria,12,0.0,146273959.0,20,2192839.0,7313697.95
65,65 a 69,2020,Hombres,Vejez,Pasivos,Bancaria,12,0.0,793155668.75,68,2192839.0,11664053.952205881
65,65 a 69,2020,Hombres,Pensión/Sobrevivencia,Pasivos,Bancaria,12,0.0,5582419.0,1,2192839.0,5582419.0
65,65 a 69,2020,Hombres,Otros,Pasivos,Bancaria,12,0.0,191555425.3333333,22,2192839.0,8707064.787878787
65,65 a 69,2020,Mujeres,Vejez,Pasivos,Bancaria,12,0.0,164700403.0,13,2192839.0,12669261.76923077
65,65 a 69,2020,Mujeres,Invalidez,Pasivos,Bancaria,12,0.0,16706001.0,2,2192839.0,8353000.5
65,65 a 69,2020,Mujeres,Pensión/Sobrevivencia,Pasivos,Bancaria,12,0.0,71319948.0,10,2192839.0,7131994.8
65,65 a 69,2020,Mujeres,Otros,Pasivos,Bancaria,12,0.0,65204275.0,9,2192839.0,7244919.444444444
66,65 a 69,2020,Hombres,Vejez,Pasivos,Bancaria,12,0.0,615029545.2499999,56,2192839.0,10982670.450892854
66,65 a 69,2020,Hombres,Invalidez,Pasivos,Bancaria,12,0.0,10645330.0,2,2192839.0,5322665.0
66,65 a 69,2020,Hombres,Pensión/Sobrevivencia,Pasivos,Bancaria,12,0.0,20079420.0,3,2192839.0,6693140.0
66,65 a 69,2020,Hombres,Otros,Pasivos,Bancaria,12,0.0,218031526.25,26,2192839.0,8385827.932692308
66,65 a 69,2020,Mujeres,Vejez,Pasivos,Bancaria,12,0.0,191674464.0,13,2192839.0,14744189.538461538
66,65 a 69,2020,Mujeres,Invalidez,Pasivos,Bancaria,12,0.0,8645641.0,2,2192839.0,4322820.5
66,65 a 69,2020,Mujeres,Pensión/Sobrevivencia,Pasivos,Bancaria,12,0.0,53081413.0,10,2192839.0,5308141.3
66,65 a 69,2020,Mujeres,Otros,Pasivos,Bancaria,12,0.0,96565304.0,11,2192839.0,8778664.0
67,65 a 69,2020,Hombres,Vejez,Pasivos,Bancaria,12,0.0,571118903.1666666,50,2192839.0,11422378.063333333
67,65 a 69,2020,Hombres,Invalidez,Pasivos,Bancaria,12,0.0,9503669.0,2,2192839.0,4751834.5
67,65 a 69,2020,Hombres,Pensión/Sobrevivencia,Pasivos,Bancaria,12,0.0,15647717.0,3,2192839.0,5215905.666666667
67,65 a 69,2020,Hombres,Otros,Pasivos,Bancaria,12,0.0,211730143.0,23,2192839.0,9205658.391304348
67,65 a 69,2020,Mujeres,Vejez,Pasivos,Bancaria,12,0.0,140512305.0,13,2192839.0,10808638.846153846
67,65 a 69,2020,Mujeres,Invalidez,Pasivos,Bancaria,12,0.0,25155831.0,4,2192839.0,6288957.75
67,65 a 69,2020,Mujeres,Pensión/Sobrevivencia,Pasivos,Bancaria,12,0.0,99117277.33333334,17,2192839.0,5830428.078431373
67,65 a 69,2020,Mujeres,Otros,Pasivos,Bancaria,12,0.0,101311134.0,12,2192839.0,8442594.5
68,65 a 69,2020,Hombres,Vejez,Pasivos,Bancaria,12,0.0,630643521.4166667,63,2192839.0,10010214.625661377
68,65 a 69,2020,Hombres,Invalidez,Pasivos,Bancaria,12,0.0,6412851.0,2,2192839.0,3206425.5
68,65 a 69,2020,Hombres,Otros,Pasivos,Bancaria,12,0.0,156513241.0,18,2192839.0,8695180.055555556
68,65 a 69,2020,Mujeres,Vejez,Pasivos,Bancaria,12,0.0,136994872.0,14,2192839.0,9785348.0
68,65 a 69,2020,Mujeres,Invalidez,Pasivos,Bancaria,12,0.0,13153276.0,1,2192839.0,13153276.0
68,65 a 69,2020,Mujeres,Pensión/Sobrevivencia,Pasivos,Bancaria,12,0.0,53753601.333333336,11,2192839.0,4886691.03030303
68,65 a 69,2020,Mujeres,Otros,Pasivos,Bancaria,12,0.0,131636782.0,17,2192839.0,7743340.117647059
69,65 a 69,2020,Hombres,Vejez,Pasivos,Bancaria,12,0.0,582598210.75,59,2192839.0,9874545.944915254
69,65 a 69,2020,Hombres,Invalidez,Pasivos,Bancaria,12,0.0,2921717.0,1,2192839.0,2921717.0
69,65 a 69,2020,Hombres,Pensión/Sobrevivencia,Pasivos,Bancaria,12,0.0,6385210.0,2,2192839.0,3192605.0
69,65 a 69,2020,Hombres,Otros,Pasivos,Bancaria,12,0.0,101183937.0,12,2192839.0,8431994.75
69,65 a 69,2020,Mujeres,Vejez,Pasivos,Bancaria,12,0.0,156546355.6666667,18,2192839.0,8697019.759259261
69,65 a 69,2020,Mujeres,Pensión/Sobrevivencia,Pasivos,Bancaria,12,0.0,63954909.0,12,2192839.0,5329575.75
69,65 a 69,2020,Mujeres,Otros,Pasivos,Bancaria,12,0.0,26886506.0,5,2192839.0,5377301.2
70,70 a 74,2020,Hombres,Vejez,Pasivos,Bancaria,12,0.0,618289322.6666666,66,2192839.0,9368020.04040404
70,70 a 74,2020,Hombres,Invalidez,Pasivos,Bancaria,12,0.0,12779185.0,2,2192839.0,6389592.5
70,70 a 74,2020,Hombres,Pensión/Sobrevivencia,Pasivos,Bancaria,12,0.0,10238978.0,3,2192839.0,3412992.6666666665
70,70 a 74,2020,Hombres,Otros,Pasivos,Bancaria,12,0.0,89135192.16666667,12,2192839.0,7427932.680555556
70,70 a 74,2020,Mujeres,Vejez,Pasivos,Bancaria,12,0.0,163925859.0,18,2192839.0,9106992.166666666
70,70 a 74,2020,Mujeres,Invalidez,Pasivos,Bancaria,12,0.0,4003745.0,1,2192839.0,4003745.0
70,70 a 74,2020,Mujeres,Pensión/Sobrevivencia,Pasivos,Bancaria,12,0.0,96640282.91666667,19,2192839.0,5086330.679824562
70,70 a 74,2020,Mujeres,Otros,Pasivos,Bancaria,12,0.0,31479939.0,4,2192839.0,7869984.75
71,70 a 74,2020,Hombres,Vejez,Pasivos,Bancaria,12,0.0,460790914.25,52,2192839.0,8861363.735576924
71,70 a 74,2020,Hombres,Invalidez,Pasivos,Bancaria,12,0.0,4755288.333333334,2,2192839.0,2377644.166666667
71,70 a 74,2020,Hombres,Otros,Pasivos,Bancaria,12,0.0,61336079.0,7,2192839.0,8762297.0
71,70 a 74,2020,Mujeres,Vejez,Pasivos,Bancaria,12,0.0,108682608.25,12,2192839.0,9056884.020833334
71,70 a 74,2020,Mujeres,Invalidez,Pasivos,Bancaria,12,0.0,4087625.0,1,2192839.0,4087625.0
71,70 a 74,2020,Mujeres,Pensión/Sobrevivencia,Pasivos,Bancaria,12,0.0,95327097.0,16,2192839.0,5957943.5625
71,70 a 74,2020,Mujeres,Otros,Pasivos,Bancaria,12,0.0,4822860.0,1,2192839.0,4822860.0
72,70 a 74,2020,Hombres,Vejez,Pasivos,Bancaria,12,0.0,514041587.5833333,52,2192839.0,9885415.145833332
72,70 a 74,2020,Hombres,Otros,Pasivos,Bancaria,12,0.0,40840770.83333333,6,2192839.0,6806795.138888888
72,70 a 74,2020,Mujeres,Vejez,Pasivos,Bancaria,12,0.0,148038670.0,16,2192839.0,9252416.875
72,70 a 74,2020,Mujeres,Invalidez,Pasivos,Bancaria,12,0.0,8092677.0,2,2192839.0,4046338.5
72,70 a 74,2020,Mujeres,Pensión/Sobrevivencia,Pasivos,Bancaria,12,0.0,109139809.0,21,2192839.0,5197133.761904762
72,70 a 74,2020,Mujeres,Otros,Pasivos,Bancaria,12,0.0,37578450.0,6,2192839.0,6263075.0
73,70 a 74,2020,Hombres,Vejez,Pasivos,Bancaria,12,0.0,301871413.0,37,2192839.0,8158686.837837838
73,70 a 74,2020,Hombres,Pensión/Sobrevivencia,Pasivos,Bancaria,12,0.0,8871641.0,1,2192839.0,8871641.0
73,70 a 74,2020,Hombres,Otros,Pasivos,Bancaria,12,0.0,26520112.0,4,2192839.0,6630028.0
73,70 a 74,2020,Mujeres,Vejez,Pasivos,Bancaria,12,0.0,109051080.0,12,2192839.0,9087590.0
73,70 a 74,2020,Mujeres,Pensión/Sobrevivencia,Pasivos,Bancaria,12,0.0,103511690.33333334,23,2192839.0,4500508.275362319
73,70 a 74,2020,Mujeres,Otros,Pasivos,Bancaria,12,0.0,10650205.0,2,2192839.0,5325102.5
74,70 a 74,2020,Hombres,Vejez,Pasivos,Bancaria,12,0.0,270995680.25,34,2192839.0,7970461.18382353
74,70 a 74,2020,Hombres,Invalidez,Pasivos,Bancaria,12,0.0,6941812.0,1,2192839.0,6941812.0
74,70 a 74,2020,Hombres,Pensión/Sobrevivencia,Pasivos,Bancaria,12,0.0,3526953.0,1,2192839.0,3526953.0
74,70 a 74,2020,Hombres,Otros,Pasivos,Bancaria,12,0.0,25558219.0,4,2192839.0,6389554.75
74,70 a 74,2020,Mujeres,Vejez,Pasivos,Bancaria,12,0.0,95568054.0,12,2192839.0,7964004.5
74,70 a 74,2020,Mujeres,Invalidez,Pasivos,Bancaria,12,0.0,5821349.0,1,2192839.0,5821349.0
74,70 a 74,2020,Mujeres,Pensión/Sobrevivencia,Pasivos,Bancaria,12,0.0,95009035.0,17,2192839.0,5588766.764705882
74,70 a 74,2020,Mujeres,Otros,Pasivos,Bancaria,12,0.0,23250774.0,4,2192839.0,5812693.5
75,75 a 79,2020,Hombres,Vejez,Pasivos,Bancaria,12,0.0,307102008.1666667,40,2192839.0,7677550.204166668
75,75 a 79,2020,Hombres,Pensión/Sobrevivencia,Pasivos,Bancaria,12,0.0,8488762.0,2,2192839.0,4244381.0
75,75 a 79,2020,Hombres,Otros,Pasivos,Bancaria,12,0.0,23094938.0,4,2192839.0,5773734.5
75,75 a 79,2020,Mujeres,Vejez,Pasivos,Bancaria,12,0.0,48545667.0,7,2192839.0,6935095.285714285
75,75 a 79,2020,Mujeres,Invalidez,Pasivos,Bancaria,12,0.0,4361139.0,1,2192839.0,4361139.0
75,75 a 79,2020,Mujeres,Pensión/Sobrevivencia,Pasivos,Bancaria,12,0.0,81799735.0,18,2192839.0,4544429.722222222
75,75 a 79,2020,Mujeres,Otros,Pasivos,Bancaria,12,0.0,11032944.0,2,2192839.0,5516472.0
76,75 a 79,2020,Hombres,Vejez,Pasivos,Bancaria,12,0.0,326662889.9166667,44,2192839.0,7424156.589015152
76,75 a 79,2020,Hombres,Invalidez,Pasivos,Bancaria,12,0.0,19802773.0,3,2192839.0,6600924.333333333
76,75 a 79,2020,Hombres,Pensión/Sobrevivencia,Pasivos,Bancaria,12,0.0,1000936.6666666666,1,2192839.0,1000936.6666666666
76,75 a 79,2020,Hombres,Otros,Pasivos,Bancaria,12,0.0,18684241.0,3,2192839.0,6228080.333333333
76,75 a 79,2020,Mujeres,Vejez,Pasivos,Bancaria,12,0.0,135437480.0,16,2192839.0,8464842.5
76,75 a 79,2020,Mujeres,Pensión/Sobrevivencia,Pasivos,Bancaria,12,0.0,115123911.0,23,2192839.0,5005387.434782608
77,75 a 79,2020,Hombres,Vejez,Pasivos,Bancaria,12,0.0,238002202.58333334,38,2192839.0,6263215.85745614
77,75 a 79,2020,Hombres,Pensión/Sobrevivencia,Pasivos,Bancaria,12,0.0,7298016.0,2,2192839.0,3649008.0
77,75 a 79,2020,Mujeres,Vejez,Pasivos,Bancaria,12,0.0,55837003.666666664,9,2192839.0,6204111.518518519
77,75 a 79,2020,Mujeres,Pensión/Sobrevivencia,Pasivos,Bancaria,12,0.0,53566845.16666667,12,2192839.0,4463903.763888889
78,75 a 79,2020,Hombres,Vejez,Pasivos,Bancaria,12,0.0,151691411.66666666,22,2192839.0,6895064.166666666
78,75 a 79,2020,Hombres,Otros,Pasivos,Bancaria,12,0.0,7154129.0,1,2192839.0,7154129.0
78,75 a 79,2020,Mujeres,Vejez,Pasivos,Bancaria,12,0.0,114391684.0,16,2192839.0,7149480.25
78,75 a 79,2020,Mujeres,Pensión/Sobrevivencia,Pasivos,Bancaria,12,0.0,47227325.0,9,2192839.0,5247480.555555556
78,75 a 79,2020,Mujeres,Otros,Pasivos,Bancaria,12,0.0,10910542.0,2,2192839.0,5455271.0
79,75 a 79,2020,Hombres,Vejez,Pasivos,Bancaria,12,0.0,164878742.5,25,2192839.0,6595149.7
79,75 a 79,2020,Hombres,Invalidez,Pasivos,Bancaria,12,0.0,3908553.0,1,2192839.0,3908553.0
79,75 a 79,2020,Hombres,Otros,Pasivos,Bancaria,12,0.0,3874990.0,1,2192839.0,3874990.0
79,75 a 79,2020,Mujeres,Vejez,Pasivos,Bancaria,12,0.0,17692056.0,3,2192839.0,5897352.0
79,75 a 79,2020,Mujeres,Pensión/Sobrevivencia,Pasivos,Bancaria,12,0.0,78840339.5,17,2192839.0,4637667.029411765
80,80 a 84,2020,Hombres,Vejez,Pasivos,Bancaria,12,0.0,193972758.0,26,2192839.0,7460490.692307692
80,80 a 84,2020,Hombres,Pensión/Sobrevivencia,Pasivos,Bancaria,12,0.0,7619848.0,2,2192839.0,3809924.0
80,80 a 84,2020,Mujeres,Vejez,Pasivos,Bancaria,12,0.0,20809405.0,3,2192839.0,6936468.333333333
80,80 a 84,2020,Mujeres,Pensión/Sobrevivencia,Pasivos,Bancaria,12,0.0,120876060.66666667,24,2192839.0,5036502.527777778
81,80 a 84,2020,Hombres,Vejez,Pasivos,Bancaria,12,0.0,202162443.0,28,2192839.0,7220087.25
81,80 a 84,2020,Hombres,Pensión/Sobrevivencia,Pasivos,Bancaria,12,0.0,7637392.0,1,2192839.0,7637392.0
81,80 a 84,2020,Mujeres,Vejez,Pasivos,Bancaria,12,0.0,22332754.0,3,2192839.0,7444251.333333333
81,80 a 84,2020,Mujeres,Pensión/Sobrevivencia,Pasivos,Bancaria,12,0.0,122855177.58333333,27,2192839.0,4550191.762345679
82,80 a 84,2020,Hombres,Vejez,Pasivos,Bancaria,12,0.0,145022966.08333334,23,2192839.0,6305346.351449275
82,80 a 84,2020,Hombres,Otros,Pasivos,Bancaria,12,0.0,5660099.0,1,2192839.0,5660099.0
82,80 a 84,2020,Mujeres,Vejez,Pasivos,Bancaria,12,0.0,30253392.833333336,5,2192839.0,6050678.566666667
82,80 a 84,2020,Mujeres,Pensión/Sobrevivencia,Pasivos,Bancaria,12,0.0,94248047.33333334,20,2192839.0,4712402.366666667
83,80 a 84,2020,Hombres,Vejez,Pasivos,Bancaria,12,0.0,143982844.25,25,2192839.0,5759313.77
83,80 a 84,2020,Mujeres,Vejez,Pasivos,Bancaria,12,0.0,18572916.0,3,2192839.0,6190972.0
83,80 a 84,2020,Mujeres,Invalidez,Pasivos,Bancaria,12,0.0,4946299.0,1,2192839.0,4946299.0
83,80 a 84,2020,Mujeres,Pensión/Sobrevivencia,Pasivos,Bancaria,12,0.0,118789358.58333334,26,2192839.0,4568821.483974359
84,80 a 84,2020,Hombres,Vejez,Pasivos,Bancaria,12,0.0,163506086.5,27,2192839.0,6055780.981481481
84,80 a 84,2020,Hombres,Pensión/Sobrevivencia,Pasivos,Bancaria,12,0.0,4609921.0,1,2192839.0,4609921.0
84,80 a 84,2020,Hombres,Otros,Pasivos,Bancaria,12,0.0,16802836.0,3,2192839.0,5600945.333333333
84,80 a 84,2020,Mujeres,Vejez,Pasivos,Bancaria,12,0.0,12804641.0,2,2192839.0,6402320.5
84,80 a 84,2020,Mujeres,Pensión/Sobrevivencia,Pasivos,Bancaria,12,0.0,114952745.16666667,24,2192839.0,4789697.715277778
85,85 y más,2020,Hombres,Vejez,Pasivos,Bancaria,12,0.0,112198008.91666667,19,2192839.0,5905158.364035088
85,85 y más,2020,Mujeres,Pensión/Sobrevivencia,Pasivos,Bancaria,12,0.0,127105328.25,28,2192839.0,4539476.008928572
86,85 y más,2020,Hombres,Vejez,Pasivos,Bancaria,12,0.0,109446880.91666666,20,2192839.0,5472344.045833332
86,85 y más,2020,Mujeres,Vejez,Pasivos,Bancaria,12,0.0,20739344.0,3,2192839.0,6913114.666666667
86,85 y más,2020,Mujeres,Pensión/Sobrevivencia,Pasivos,Bancaria,12,0.0,105297005.91666667,21,2192839.0,5014143.138888889
87,85 y más,2020,Hombres,Vejez,Pasivos,Bancaria,12,0.0,113168260.33333334,19,2192839.0,5956224.228070176
87,85 y más,2020,Mujeres,Vejez,Pasivos,Bancaria,12,0.0,6682329.0,1,2192839.0,6682329.0
87,85 y más,2020,Mujeres,Pensión/Sobrevivencia,Pasivos,Bancaria,12,0.0,88841262.0,19,2192839.0,4675855.894736842
88,85 y más,2020,Hombres,Vejez,Pasivos,Bancaria,12,0.0,77310650.66666666,13,2192839.0,5946973.128205127
88,85 y más,2020,Hombres,Otros,Pasivos,Bancaria,12,0.0,3703311.0,1,2192839.0,3703311.0
88,85 y más,2020,Mujeres,Vejez,Pasivos,Bancaria,12,0.0,20269069.0,3,2192839.0,6756356.333333333
88,85 y más,2020,Mujeres,Pensión/Sobrevivencia,Pasivos,Bancaria,12,0.0,114465344.0,26,2192839.0,4402513.230769231
89,85 y más,2020,Hombres,Vejez,Pasivos,Bancaria,12,0.0,130380997.75,21,2192839.0,6208618.94047619
89,85 y más,2020,Mujeres,Vejez,Pasivos,Bancaria,12,0.0,6085418.0,1,2192839.0,6085418.0
89,85 y más,2020,Mujeres,Pensión/Sobrevivencia,Pasivos,Bancaria,12,0.0,114211233.5,27,2192839.0,4230045.685185186
89,85 y más,2020,Mujeres,Otros,Pasivos,Bancaria,12,0.0,4003745.0,1,2192839.0,4003745.0
90,85 y más,2020,Hombres,Vejez,Pasivos,Bancaria,12,0.0,75585446.25,14,2192839.0,5398960.446428572
90,85 y más,2020,Mujeres,Vejez,Pasivos,Bancaria,12,0.0,6189966.0,1,2192839.0,6189966.0
90,85 y más,2020,Mujeres,Pensión/Sobrevivencia,Pasivos,Bancaria,12,0.0,66752697.583333336,16,2192839.0,4172043.5989583335
91,85 y más,2020,Hombres,Vejez,Pasivos,Bancaria,12,0.0,69759285.75,13,2192839.0,5366098.903846154
91,85 y más,2020,Hombres,Pensión/Sobrevivencia,Pasivos,Bancaria,12,0.0,4682336.0,1,2192839.0,4682336.0
91,85 y más,2020,Hombres,Otros,Pasivos,Bancaria,12,0.0,5257186.0,1,2192839.0,5257186.0
91,85 y más,2020,Mujeres,Vejez,Pasivos,Bancaria,12,0.0,6136057.0,1,2192839.0,6136057.0
91,85 y más,2020,Mujeres,Pensión/Sobrevivencia,Pasivos,Bancaria,12,0.0,91377542.66666666,22,2192839.0,4153524.666666666
92,85 y más,2020,Hombres,Vejez,Pasivos,Bancaria,12,0.0,79932657.41666666,14,2192839.0,5709475.529761904
92,85 y más,2020,Hombres,Invalidez,Pasivos,Bancaria,12,0.0,3564576.0,1,2192839.0,3564576.0
92,85 y más,2020,Mujeres,Pensión/Sobrevivencia,Pasivos,Bancaria,12,0.0,60875092.333333336,16,2192839.0,3804693.2708333335
93,85 y más,2020,Hombres,Vejez,Pasivos,Bancaria,12,0.0,52286144.33333333,10,2192839.0,5228614.433333333
93,85 y más,2020,Mujeres,Pensión/Sobrevivencia,Pasivos,Bancaria,12,0.0,15316198.5,5,2192839.0,3063239.7
94,85 y más,2020,Hombres,Vejez,Pasivos,Bancaria,12,0.0,22615752.0,4,2192839.0,5653938.0
94,85 y más,2020,Mujeres,Pensión/Sobrevivencia,Pasivos,Bancaria,12,0.0,51630602.5,12,2192839.0,4302550.208333333
95,85 y más,2020,Hombres,Vejez,Pasivos,Bancaria,12,0.0,6223276.0,1,2192839.0,6223276.0
95,85 y más,2020,Mujeres,Pensión/Sobrevivencia,Pasivos,Bancaria,12,0.0,32442901.0,7,2192839.0,4634700.142857143
96,85 y más,2020,Hombres,Vejez,Pasivos,Bancaria,12,0.0,11391928.0,2,2192839.0,5695964.0
96,85 y más,2020,Mujeres,Pensión/Sobrevivencia,Pasivos,Bancaria,12,0.0,18732795.833333336,5,2192839.0,3746559.166666667
97,85 y más,2020,Mujeres,Pensión/Sobrevivencia,Pasivos,Bancaria,12,0.0,17784938.0,4,2192839.0,4446234.5
98,85 y más,2020,Hombres,Vejez,Pasivos,Bancaria,12,0.0,10741895.0,2,2192839.0,5370947.5
98,85 y más,2020,Mujeres,Pensión/Sobrevivencia,Pasivos,Bancaria,12,0.0,10168734.0,3,2192839.0,3389578.0
99,85 y más,2020,Mujeres,Pensión/Sobrevivencia,Pasivos,Bancaria,12,0.0,22623214.0,4,2192839.0,5655803.5
100,85 y más,2020,Hombres,Vejez,Pasivos,Bancaria,12,0.0,466047.6666666667,1,2192839.0,466047.6666666667
100,85 y más,2020,Mujeres,Pensión/Sobrevivencia,Pasivos,Bancaria,12,0.0,5793226.416666667,3,2192839.0,1931075.4722222222
20,20 a 24,2021,Hombres,Activos,Activos,Ande,12,306895.8,3068958.0,1,2289324.0,3068958.0
21,20 a 24,2021,Hombres,Activos,Activos,Ande,12,2746915.5999999996,27469156.0,8,2289324.0,3433644.5
21,20 a 24,2021,Mujeres,Activos,Activos,Ande,12,407885.60000000003,4078856.0,1,2289324.0,4078856.0
22,20 a 24,2021,Hombres,Activos,Activos,Ande,12,5805216.900000001,58052169.0,14,2289324.0,4146583.5
22,20 a 24,2021,Mujeres,Activos,Activos,Ande,12,1109133.7000000002,11091337.0,5,2289324.0,2218267.4
23,20 a 24,2021,Hombres,Activos,Activos,Ande,12,2536895.9,25368959.0,9,2289324.0,2818773.222222222
23,20 a 24,2021,Mujeres,Activos,Activos,Ande,12,759589.7000000001,7595897.0,3,2289324.0,2531965.6666666665
24,20 a 24,2021,Hombres,Activos,Activos,Ande,12,7115967.600000001,71159676.0,22,2289324.0,3234530.727272727
24,20 a 24,2021,Mujeres,Activos,Activos,Ande,12,2189015.7,21890157.0,6,2289324.0,3648359.5
25,25 a 29,2021,Hombres,Activos,Activos,Ande,12,8022818.399999999,80228184.0,20,2289324.0,4011409.2
25,25 a 29,2021,Mujeres,Activos,Activos,Ande,12,5454499.9,54544999.0,12,2289324.0,4545416.583333333
26,25 a 29,2021,Hombres,Activos,Activos,Ande,12,15508012.200000005,155080122.0,34,2289324.0,4561180.05882353
26,25 a 29,2021,Mujeres,Activos,Activos,Ande,12,5672553.8999999985,56725539.0,10,2289324.0,5672553.9
27,25 a 29,2021,Hombres,Activos,Activos,Ande,12,34516022.300000004,345160223.0,52,2289324.0,6637696.596153846
27,25 a 29,2021,Mujeres,Activos,Activos,Ande,12,6996544.0,69965440.0,10,2289324.0,6996544.0
28,25 a 29,2021,Hombres,Activos,Activos,Ande,12,57015217.49999999,570152175.0,79,2289324.0,7217116.139240506
28,25 a 29,2021,Mujeres,Activos,Activos,Ande,12,12138980.999999998,121389810.0,19,2289324.0,6388937.368421053
29,25 a 29,2021,Hombres,Activos,Activos,Ande,12,62181532.799999975,621815328.0,80,2289324.0,7772691.6
29,25 a 29,2021,Mujeres,Activos,Activos,Ande,12,15051870.400000002,150518704.0,23,2289324.0,6544291.478260869
30,30 a 34,2021,Hombres,Activos,Activos,Ande,12,90016304.29999998,900163043.0,111,2289324.0,8109576.963963964
30,30 a 34,2021,Mujeres,Activos,Activos,Ande,12,25914150.0,259141500.0,35,2289324.0,7404042.857142857
31,30 a 34,2021,Hombres,Activos,Activos,Ande,12,81316324.70000002,813163247.0,92,2289324.0,8838730.945652174
31,30 a 34,2021,Mujeres,Activos,Activos,Ande,12,21495924.200000003,214959242.0,31,2289324.0,6934169.096774193
32,30 a 34,2021,Hombres,Activos,Activos,Ande,12,77583897.39999998,775838974.0,93,2289324.0,8342354.559139785
32,30 a 34,2021,Mujeres,Activos,Activos,Ande,12,22974616.400000002,229746164.0,29,2289324.0,7922281.517241379
33,30 a 34,2021,Hombres,Activos,Activos,Ande,12,103820259.3,1038202593.0,111,2289324.0,9353176.513513513
33,30 a 34,2021,Mujeres,Activos,Activos,Ande,12,24670890.6,246708906.0,32,2289324.0,7709653.3125
34,30 a 34,2021,Hombres,Activos,Activos,Ande,12,84007491.5,840074915.0,87,2289324.0,9656033.505747126
34,30 a 34,2021,Mujeres,Activos,Activos,Ande,12,28356934.699999996,283569347.0,33,2289324.0,8593010.515151516
35,35 a 39,2021,Hombres,Activos,Activos,Ande,12,102694316.70000003,1026943167.0,104,2289324.0,9874453.528846154
35,35 a 39,2021,Mujeres,Activos,Activos,Ande,12,30254449.499999996,302544495.0,35,2289324.0,8644128.42857143
36,35 a 39,2021,Hombres,Activos,Activos,Ande,12,98045913.90000005,980459139.0,106,2289324.0,9249614.518867925
36,35 a 39,2021,Mujeres,Activos,Activos,Ande,12,33505059.599999998,335050596.0,34,2289324.0,9854429.294117646
37,35 a 39,2021,Hombres,Activos,Activos,Ande,12,121649302.30000001,1216493023.0,120,2289324.0,10137441.858333332
37,35 a 39,2021,Mujeres,Activos,Activos,Ande,12,27605396.89999999,276053969.0,37,2289324.0,7460918.081081081
38,35 a 39,2021,Hombres,Activos,Activos,Ande,12,139086498.50000003,1390864985.0,137,2289324.0,10152299.160583941
38,35 a 39,2021,Mujeres,Activos,Activos,Ande,12,34336523.599999994,343365236.0,30,2289324.0,11445507.866666667
39,35 a 39,2021,Hombres,Activos,Activos,Ande,12,134984921.20000005,1349849212.0,119,2289324.0,11343270.68907563
39,35 a 39,2021,Mujeres,Activos,Activos,Ande,12,31556161.8,315561618.0,37,2289324.0,8528692.378378378
40,40 a 44,2021,Hombres,Activos,Activos,Ande,12,121589907.39999999,1215899074.0,104,2289324.0,11691337.25
40,40 a 44,2021,Mujeres,Activos,Activos,Ande,12,39478796.300000004,394787963.0,39,2289324.0,10122768.282051282
41,40 a 44,2021,Hombres,Activos,Activos,Ande,12,139526707.8,1395267078.0,126,2289324.0,11073548.238095239
41,40 a 44,2021,Mujeres,Activos,Activos,Ande,12,43939448.39999999,439394484.0,36,2289324.0,12205402.333333334
42,40 a 44,2021,Hombres,Activos,Activos,Ande,12,160512569.1,1605125691.0,134,2289324.0,11978549.932835821
42,40 a 44,2021,Mujeres,Activos,Activos,Ande,12,31597956.900000006,315979569.0,30,2289324.0,10532652.3
43,40 a 44,2021,Hombres,Activos,Activos,Ande,12,125600604.50000001,1256006045.0,106,2289324.0,11849113.632075472
43,40 a 44,2021,Mujeres,Activos,Activos,Ande,12,39780214.39999998,397802144.0,36,2289324.0,11050059.555555556
44,40 a 44,2021,Hombres,Activos,Activos,Ande,12,155859448.90000004,1558594489.0,115,2289324.0,13552995.55652174
44,40 a 44,2021,Mujeres,Activos,Activos,Ande,12,42689502.2,426895022.0,33,2289324.0,12936212.787878787
45,45 a 49,2021,Hombres,Activos,Activos,Ande,12,113954550.50000004,1139545505.0,89,2289324.0,12803882.078651685
45,45 a 49,2021,Mujeres,Activos,Activos,Ande,12,38421564.60000001,384215646.0,29,2289324.0,13248815.379310345
46,45 a 49,2021,Hombres,Activos,Activos,Ande,12,120743665.8,1207436658.0,93,2289324.0,12983189.870967742
46,45 a 49,2021,Mujeres,Activos,Activos,Ande,12,30562923.1,305629231.0,29,2289324.0,10538939.0
47,45 a 49,2021,Hombres,Activos,Activos,Ande,12,143209725.60000002,1432097256.0,119,2289324.0,12034430.722689075
47,45 a 49,2021,Mujeres,Activos,Activos,Ande,12,42611319.699999996,426113197.0,30,2289324.0,14203773.233333332
48,45 a 49,2021,Hombres,Activos,Activos,Ande,12,142387510.00000003,1423875100.0,101,2289324.0,14097773.267326733
48,45 a 49,2021,Mujeres,Activos,Activos,Ande,12,28163401.599999994,281634016.0,22,2289324.0,12801546.181818182
49,45 a 49,2021,Hombres,Activos,Activos,Ande,12,119678966.09999998,1196789661.0,88,2289324.0,13599882.511363637
49,45 a 49,2021,Mujeres,Activos,Activos,Ande,12,38884090.0,388840900.0,30,2289324.0,12961363.333333334
50,50 a 54,2021,Hombres,Activos,Activos,Ande,12,117171231.70000003,1171712317.0,85,2289324.0,13784850.788235294
50,50 a 54,2021,Mujeres,Activos,Activos,Ande,12,37777335.5,377773355.0,24,2289324.0,15740556.458333334
51,50 a 54,2021,Hombres,Activos,Activos,Ande,12,159853411.80000007,1598534118.0,110,2289324.0,14532128.345454546
51,50 a 54,2021,Mujeres,Activos,Activos,Ande,12,27010060.199999996,270100602.0,23,2289324.0,11743504.43478261
52,50 a 54,2021,Hombres,Activos,Activos,Ande,12,163846784.00000006,1638467840.0,113,2289324.0,14499715.398230089
52,50 a 54,2021,Mujeres,Activos,Activos,Ande,12,38934027.7,389340277.0,30,2289324.0,12978009.233333332
53,50 a 54,2021,Hombres,Activos,Activos,Ande,12,152901298.3,1529012983.0,102,2289324.0,14990323.362745099
53,50 a 54,2021,Mujeres,Activos,Activos,Ande,12,36545061.699999996,365450617.0,28,2289324.0,13051807.75
54,50 a 54,2021,Hombres,Activos,Activos,Ande,12,193772823.60000002,1937728236.0,128,2289324.0,15138501.84375
54,50 a 54,2021,Mujeres,Activos,Activos,Ande,12,21609847.200000003,216098472.0,21,2289324.0,10290403.42857143
55,55 a 59,2021,Hombres,Activos,Activos,Ande,12,196401984.30000004,1964019843.0,128,2289324.0,15343905.0234375
55,55 a 59,2021,Mujeres,Activos,Activos,Ande,12,42461407.70000001,424614077.0,29,2289324.0,14641864.72413793
56,55 a 59,2021,Hombres,Activos,Activos,Ande,12,216990368.5,2169903685.0,132,2289324.0,16438664.280303031
56,55 a 59,2021,Mujeres,Activos,Activos,Ande,12,34136345.7,341363457.0,25,2289324.0,13654538.28
57,55 a 59,2021,Hombres,Activos,Activos,Ande,12,230027568.00000012,2300275680.0,133,2289324.0,17295305.864661653
57,55 a 59,2021,Mujeres,Activos,Activos,Ande,12,41912078.20000001,419120782.0,29,2289324.0,14452440.75862069
58,55 a 59,2021,Hombres,Activos,Activos,Ande,12,217487673.40000004,2174876734.0,139,2289324.0,15646595.208633093
58,55 a 59,2021,Mujeres,Activos,Activos,Ande,12,42878521.300000004,428785213.0,28,2289324.0,15313757.607142856
59,55 a 59,2021,Hombres,Activos,Activos,Ande,12,202184471.70000014,2021844717.0,118,2289324.0,17134277.262711864
59,55 a 59,2021,Mujeres,Activos,Activos,Ande,12,33149701.599999994,331497016.0,24,2289324.0,13812375.666666666
60,60 a 64,2021,Hombres,Activos,Activos,Ande,12,76809531.70000002,768095317.0,57,2289324.0,13475356.43859649
60,60 a 64,2021,Mujeres,Activos,Activos,Ande,12,13870176.8,138701768.0,11,2289324.0,12609251.636363637
61,60 a 64,2021,Hombres,Activos,Activos,Ande,12,31228564.099999994,312285641.0,29,2289324.0,10768470.379310345
61,60 a 64,2021,Mujeres,Activos,Activos,Ande,12,3151046.6999999997,31510467.0,4,2289324.0,7877616.75
62,60 a 64,2021,Hombres,Activos,Activos,Ande,12,27309302.499999993,273093025.0,25,2289324.0,10923721.0
62,60 a 64,2021,Mujeres,Activos,Activos,Ande,12,668537.1000000001,6685371.0,2,2289324.0,3342685.5
63,60 a 64,2021,Hombres,Activos,Activos,Ande,12,12497539.100000001,124975391.0,16,2289324.0,7810961.9375
63,60 a 64,2021,Mujeres,Activos,Activos,Ande,12,659794.2000000001,6597942.0,3,2289324.0,2199314.0
64,60 a 64,2021,Hombres,Activos,Activos,Ande,12,17136967.9,171369679.0,18,2289324.0,9520537.722222222
64,60 a 64,2021,Mujeres,Activos,Activos,Ande,12,1041655.4,10416554.0,2,2289324.0,5208277.0
65,65 a 69,2021,Hombres,Activos,Activos,Ande,12,14989937.5,149899375.0,17,2289324.0,8817610.294117646
65,65 a 69,2021,Mujeres,Activos,Activos,Ande,12,1259281.4000000001,12592814.0,1,2289324.0,12592814.0
66,65 a 69,2021,Hombres,Activos,Activos,Ande,12,8561401.600000001,85614016.0,13,2289324.0,6585693.538461538
67,65 a 69,2021,Hombres,Activos,Activos,Ande,12,11602573.6,116025736.0,13,2289324.0,8925056.615384616
67,65 a 69,2021,Mujeres,Activos,Activos,Ande,12,219931.40000000002,2199314.0,1,2289324.0,2199314.0
68,65 a 69,2021,Hombres,Activos,Activos,Ande,12,5904018.300000001,59040183.0,9,2289324.0,6560020.333333333
68,65 a 69,2021,Mujeres,Activos,Activos,Ande,12,1689922.7000000002,16899227.0,3,2289324.0,5633075.666666667
69,65 a 69,2021,Hombres,Activos,Activos,Ande,12,7863889.300000002,78638893.0,14,2289324.0,5617063.785714285
69,65 a 69,2021,Mujeres,Activos,Activos,Ande,12,425200.70000000007,4252007.0,2,2289324.0,2126003.5
70,70 a 74,2021,Hombres,Activos,Activos,Ande,12,4267483.0,42674830.0,5,2289324.0,8534966.0
70,70 a 74,2021,Mujeres,Activos,Activos,Ande,12,456981.4,4569814.0,2,2289324.0,2284907.0
71,70 a 74,2021,Hombres,Activos,Activos,Ande,12,1505858.2000000002,15058582.0,2,2289324.0,7529291.0
72,70 a 74,2021,Hombres,Activos,Activos,Ande,12,3354330.7,33543307.0,6,2289324.0,5590551.166666667
73,70 a 74,2021,Hombres,Activos,Activos,Ande,12,363886.4,3638864.0,1,2289324.0,3638864.0
74,70 a 74,2021,Hombres,Activos,Activos,Ande,12,448705.7,4487057.0,1,2289324.0,4487057.0
75,75 a 79,2021,Hombres,Activos,Activos,Ande,12,307904.0,3079040.0,1,2289324.0,3079040.0
76,75 a 79,2021,Hombres,Activos,Activos,Ande,12,189630.2,1896302.0,1,2289324.0,1896302.0
78,75 a 79,2021,Hombres,Activos,Activos,Ande,12,219931.40000000002,2199314.0,1,2289324.0,2199314.0
82,80 a 84,2021,Hombres,Activos,Activos,Ande,12,219931.40000000002,2199314.0,1,2289324.0,2199314.0
2,0 a 4,2021,Hombres,Pensión/Sobrevivencia,Pasivos,Ande,12,0.0,1108660.0,1,2289324.0,1108660.0
3,0 a 4,2021,Mujeres,Pensión/Sobrevivencia,Pasivos,Ande,12,0.0,3089727.0,1,2289324.0,3089727.0
5,5 a 9,2021,Hombres,Pensión/Sobrevivencia,Pasivos,Ande,12,0.0,7847515.0,3,2289324.0,2615838.3333333335
5,5 a 9,2021,Mujeres,Pensión/Sobrevivencia,Pasivos,Ande,12,0.0,1063014.0,1,2289324.0,1063014.0
6,5 a 9,2021,Hombres,Pensión/Sobrevivencia,Pasivos,Ande,12,0.0,999167.0,1,2289324.0,999167.0
6,5 a 9,2021,Mujeres,Pensión/Sobrevivencia,Pasivos,Ande,12,0.0,3102688.0,1,2289324.0,3102688.0
7,5 a 9,2021,Hombres,Pensión/Sobrevivencia,Pasivos,Ande,12,0.0,1108660.0,1,2289324.0,1108660.0
7,5 a 9,2021,Mujeres,Pensión/Sobrevivencia,Pasivos,Ande,12,0.0,1690114.0,1,2289324.0,1690114.0
8,5 a 9,2021,Hombres,Pensión/Sobrevivencia,Pasivos,Ande,12,0.0,991518.0,1,2289324.0,991518.0
9,5 a 9,2021,Hombres,Pensión/Sobrevivencia,Pasivos,Ande,12,0.0,1673307.0,1,2289324.0,1673307.0
9,5 a 9,2021,Mujeres,Pensión/Sobrevivencia,Pasivos,Ande,12,0.0,5054572.0,3,2289324.0,1684857.3333333333
10,10 a 14,2021,Hombres,Pensión/Sobrevivencia,Pasivos,Ande,12,0.0,1690114.0,1,2289324.0,1690114.0
11,10 a 14,2021,Hombres,Pensión/Sobrevivencia,Pasivos,Ande,12,0.0,1816804.0,1,2289324.0,1816804.0
11,10 a 14,2021,Mujeres,Pensión/Sobrevivencia,Pasivos,Ande,12,0.0,3159060.0,2,2289324.0,1579530.0
12,10 a 14,2021,Hombres,Pensión/Sobrevivencia,Pasivos,Ande,12,0.0,2286813.0,2,2289324.0,1143406.5
13,10 a 14,2021,Hombres,Pensión/Sobrevivencia,Pasivos,Ande,12,0.0,7462475.0,5,2289324.0,1492495.0
13,10 a 14,2021,Mujeres,Pensión/Sobrevivencia,Pasivos,Ande,12,0.0,7286464.0,5,2289324.0,1457292.8
14,10 a 14,2021,Hombres,Pensión/Sobrevivencia,Pasivos,Ande,12,0.0,1018278.0,2,2289324.0,509139.0
14,10 a 14,2021,Mujeres,Pensión/Sobrevivencia,Pasivos,Ande,12,0.0,6198373.0,2,2289324.0,3099186.5
15,15 a 19,2021,Hombres,Pensión/Sobrevivencia,Pasivos,Ande,12,0.0,8885471.0,4,2289324.0,2221367.75
15,15 a 19,2021,Mujeres,Pensión/Sobrevivencia,Pasivos,Ande,12,0.0,7077614.0,4,2289324.0,1769403.5
16,15 a 19,2021,Hombres,Pensión/Sobrevivencia,Pasivos,Ande,12,0.0,7362269.0,4,2289324.0,1840567.25
16,15 a 19,2021,Mujeres,Pensión/Sobrevivencia,Pasivos,Ande,12,0.0,2971511.0,3,2289324.0,990503.6666666666
17,15 a 19,2021,Hombres,Pensión/Sobrevivencia,Pasivos,Ande,12,0.0,10107896.0,5,2289324.0,2021579.2
17,15 a 19,2021,Mujeres,Pensión/Sobrevivencia,Pasivos,Ande,12,0.0,5270077.0,4,2289324.0,1317519.25
18,15 a 19,2021,Hombres,Pensión/Sobrevivencia,Pasivos,Ande,12,0.0,12398180.0,8,2289324.0,1549772.5
18,15 a 19,2021,Mujeres,Pensión/Sobrevivencia,Pasivos,Ande,12,0.0,8847277.0,5,2289324.0,1769455.4
19,15 a 19,2021,Hombres,Pensión/Sobrevivencia,Pasivos,Ande,12,0.0,5434645.0,4,2289324.0,1358661.25
19,15 a 19,2021,Mujeres,Pensión/Sobrevivencia,Pasivos,Ande,12,0.0,9231572.0,4,2289324.0,2307893.0
20,20 a 24,2021,Mujeres,Pensión/Sobrevivencia,Pasivos,Ande,12,0.0,2627965.0,1,2289324.0,2627965.0
24,20 a 24,2021,Mujeres,Pensión/Sobrevivencia,Pasivos,Ande,12,0.0,1120256.0,1,2289324.0,1120256.0
26,25 a 29,2021,Mujeres,Pensión/Sobrevivencia,Pasivos,Ande,12,0.0,1337582.0,1,2289324.0,1337582.0
30,30 a 34,2021,Mujeres,Pensión/Sobrevivencia,Pasivos,Ande,12,0.0,576895.0,1,2289324.0,576895.0
32,30 a 34,2021,Hombres,Pensión/Sobrevivencia,Pasivos,Ande,12,0.0,1099052.0,1,2289324.0,1099052.0
39,35 a 39,2021,Hombres,Pensión/Sobrevivencia,Pasivos,Ande,12,0.0,1592596.0,1,2289324.0,1592596.0
40,40 a 44,2021,Hombres,Pensión/Sobrevivencia,Pasivos,Ande,12,0.0,1120256.0,1,2289324.0,1120256.0
40,40 a 44,2021,Mujeres,Pensión/Sobrevivencia,Pasivos,Ande,12,0.0,3899691.0,2,2289324.0,1949845.5
41,40 a 44,2021,Hombres,Pensión/Sobrevivencia,Pasivos,Ande,12,0.0,1574126.0,1,2289324.0,1574126.0
41,40 a 44,2021,Mujeres,Pensión/Sobrevivencia,Pasivos,Ande,12,0.0,1316972.0,1,2289324.0,1316972.0
42,40 a 44,2021,Mujeres,Pensión/Sobrevivencia,Pasivos,Ande,12,0.0,8690775.0,3,2289324.0,2896925.0
43,40 a 44,2021,Mujeres,Invalidez,Pasivos,Ande,12,0.0,2382969.0,1,2289324.0,2382969.0
43,40 a 44,2021,Mujeres,Pensión/Sobrevivencia,Pasivos,Ande,12,0.0,14983398.0,2,2289324.0,7491699.0
44,40 a 44,2021,Mujeres,Pensión/Sobrevivencia,Pasivos,Ande,12,0.0,12704781.0,5,2289324.0,2540956.2
45,45 a 49,2021,Mujeres,Pensión/Sobrevivencia,Pasivos,Ande,12,0.0,5115595.0,3,2289324.0,1705198.3333333333
46,45 a 49,2021,Mujeres,Invalidez,Pasivos,Ande,12,0.0,9688297.0,1,2289324.0,9688297.0
46,45 a 49,2021,Mujeres,Pensión/Sobrevivencia,Pasivos,Ande,12,0.0,5558644.0,2,2289324.0,2779322.0
47,45 a 49,2021,Hombres,Pensión/Sobrevivencia,Pasivos,Ande,12,0.0,2007693.0,1,2289324.0,2007693.0
47,45 a 49,2021,Mujeres,Pensión/Sobrevivencia,Pasivos,Ande,12,0.0,6401857.0,3,2289324.0,2133952.3333333335
48,45 a 49,2021,Hombres,Invalidez,Pasivos,Ande,12,0.0,14471223.0,1,2289324.0,14471223.0
48,45 a 49,2021,Mujeres,Pensión/Sobrevivencia,Pasivos,Ande,12,0.0,8077534.0,2,2289324.0,4038767.0
49,45 a 49,2021,Hombres,Pensión/Sobrevivencia,Pasivos,Ande,12,0.0,4264609.0,1,2289324.0,4264609.0
49,45 a 49,2021,Mujeres,Pensión/Sobrevivencia,Pasivos,Ande,12,0.0,1203427.0,1,2289324.0,1203427.0
50,50 a 54,2021,Hombres,Pensión/Sobrevivencia,Pasivos,Ande,12,0.0,1307945.0,1,2289324.0,1307945.0
50,50 a 54,2021,Mujeres,Pensión/Sobrevivencia,Pasivos,Ande,12,0.0,20526286.0,5,2289324.0,4105257.2
51,50 a 54,2021,Mujeres,Vejez,Pasivos,Ande,12,0.0,8681291.0,1,2289324.0,8681291.0
51,50 a 54,2021,Mujeres,Pensión/Sobrevivencia,Pasivos,Ande,12,0.0,16498384.0,4,2289324.0,4124596.0
52,50 a 54,2021,Hombres,Invalidez,Pasivos,Ande,12,0.0,2325894.0,1,2289324.0,2325894.0
52,50 a 54,2021,Hombres,Pensión/Sobrevivencia,Pasivos,Ande,12,0.0,1190941.0,1,2289324.0,1190941.0
52,50 a 54,2021,Mujeres,Pensión/Sobrevivencia,Pasivos,Ande,12,0.0,24972485.0,8,2289324.0,3121560.625
53,50 a 54,2021,Hombres,Pensión/Sobrevivencia,Pasivos,Ande,12,0.0,2803746.0,1,2289324.0,2803746.0
53,50 a 54,2021,Mujeres,Vejez,Pasivos,Ande,12,0.0,7019777.0,1,2289324.0,7019777.0
53,50 a 54,2021,Mujeres,Pensión/Sobrevivencia,Pasivos,Ande,12,0.0,10219578.0,4,2289324.0,2554894.5
54,50 a 54,2021,Mujeres,Invalidez,Pasivos,Ande,12,0.0,2787683.0,1,2289324.0,2787683.0
54,50 a 54,2021,Mujeres,Pensión/Sobrevivencia,Pasivos,Ande,12,0.0,17955594.0,5,2289324.0,3591118.8
55,55 a 59,2021,Hombres,Vejez,Pasivos,Ande,12,0.0,28615657.0,4,2289324.0,7153914.25
55,55 a 59,2021,Mujeres,Pensión/Sobrevivencia,Pasivos,Ande,12,0.0,37677243.0,10,2289324.0,3767724.3
56,55 a 59,2021,Hombres,Vejez,Pasivos,Ande,12,0.0,9747675.0,2,2289324.0,4873837.5
56,55 a 59,2021,Hombres,Invalidez,Pasivos,Ande,12,0.0,15906707.0,2,2289324.0,7953353.5
56,55 a 59,2021,Mujeres,Vejez,Pasivos,Ande,12,0.0,4312838.0,1,2289324.0,4312838.0
56,55 a 59,2021,Mujeres,Invalidez,Pasivos,Ande,12,0.0,5764520.0,2,2289324.0,2882260.0
56,55 a 59,2021,Mujeres,Pensión/Sobrevivencia,Pasivos,Ande,12,0.0,50111942.0,13,2289324.0,3854764.769230769
57,55 a 59,2021,Hombres,Vejez,Pasivos,Ande,12,0.0,28290003.0,4,2289324.0,7072500.75
57,55 a 59,2021,Hombres,Invalidez,Pasivos,Ande,12,0.0,8735182.0,1,2289324.0,8735182.0
57,55 a 59,2021,Hombres,Pensión/Sobrevivencia,Pasivos,Ande,12,0.0,3177729.0,2,2289324.0,1588864.5
57,55 a 59,2021,Mujeres,Vejez,Pasivos,Ande,12,0.0,7116194.0,1,2289324.0,7116194.0
57,55 a 59,2021,Mujeres,Pensión/Sobrevivencia,Pasivos,Ande,12,0.0,62830199.0,16,2289324.0,3926887.4375
58,55 a 59,2021,Hombres,Vejez,Pasivos,Ande,12,0.0,50052017.0,7,2289324.0,7150288.142857143
58,55 a 59,2021,Hombres,Invalidez,Pasivos,Ande,12,0.0,2577270.0,1,2289324.0,2577270.0
58,55 a 59,2021,Hombres,Pensión/Sobrevivencia,Pasivos,Ande,12,0.0,1278267.0,1,2289324.0,1278267.0
58,55 a 59,2021,Mujeres,Vejez,Pasivos,Ande,12,0.0,10775550.0,1,2289324.0,10775550.0
58,55 a 59,2021,Mujeres,Pensión/Sobrevivencia,Pasivos,Ande,12,0.0,99947290.0,25,2289324.0,3997891.6
59,55 a 59,2021,Hombres,Vejez,Pasivos,Ande,12,0.0,42854828.0,5,2289324.0,8570965.6
59,55 a 59,2021,Hombres,Invalidez,Pasivos,Ande,12,0.0,15435559.0,4,2289324.0,3858889.75
59,55 a 59,2021,Hombres,Otros,Pasivos,Ande,12,0.0,7151672.0,2,2289324.0,3575836.0
59,55 a 59,2021,Mujeres,Pensión/Sobrevivencia,Pasivos,Ande,12,0.0,58211100.0,11,2289324.0,5291918.181818182
60,60 a 64,2021,Hombres,Vejez,Pasivos,Ande,12,0.0,1199679075.0,116,2289324.0,10342060.99137931
60,60 a 64,2021,Hombres,Invalidez,Pasivos,Ande,12,0.0,22839203.0,3,2289324.0,7613067.666666667
60,60 a 64,2021,Mujeres,Vejez,Pasivos,Ande,12,0.0,146724127.0,18,2289324.0,8151340.388888889
60,60 a 64,2021,Mujeres,Pensión/Sobrevivencia,Pasivos,Ande,12,0.0,61944120.0,18,2289324.0,3441340.0
61,60 a 64,2021,Hombres,Vejez,Pasivos,Ande,12,0.0,1112646851.0,123,2289324.0,9045909.357723577
61,60 a 64,2021,Hombres,Invalidez,Pasivos,Ande,12,0.0,2694494.0,1,2289324.0,2694494.0
61,60 a 64,2021,Hombres,Otros,Pasivos,Ande,12,0.0,6093284.0,1,2289324.0,6093284.0
61,60 a 64,2021,Mujeres,Vejez,Pasivos,Ande,12,0.0,107147216.0,15,2289324.0,7143147.733333333
61,60 a 64,2021,Mujeres,Invalidez,Pasivos,Ande,12,0.0,2029244.0,1,2289324.0,2029244.0
61,60 a 64,2021,Mujeres,Pensión/Sobrevivencia,Pasivos,Ande,12,0.0,73809115.0,19,2289324.0,3884690.263157895
62,60 a 64,2021,Hombres,Vejez,Pasivos,Ande,12,0.0,1141003319.0,122,2289324.0,9352486.221311476
62,60 a 64,2021,Hombres,Otros,Pasivos,Ande,12,0.0,3160480.0,1,2289324.0,3160480.0
62,60 a 64,2021,Mujeres,Vejez,Pasivos,Ande,12,0.0,120119288.0,15,2289324.0,8007952.533333333
62,60 a 64,2021,Mujeres,Pensión/Sobrevivencia,Pasivos,Ande,12,0.0,61082923.0,16,2289324.0,3817682.6875
63,60 a 64,2021,Hombres,Vejez,Pasivos,Ande,12,0.0,1071234220.0,114,2289324.0,9396791.403508771
63,60 a 64,2021,Hombres,Invalidez,Pasivos,Ande,12,0.0,11807042.0,3,2289324.0,3935680.6666666665
63,60 a 64,2021,Hombres,Pensión/Sobrevivencia,Pasivos,Ande,12,0.0,10686037.0,1,2289324.0,10686037.0
63,60 a 64,2021,Hombres,Otros,Pasivos,Ande,12,0.0,32136161.0,3,2289324.0,10712053.666666666
63,60 a 64,2021,Mujeres,Vejez,Pasivos,Ande,12,0.0,93668655.0,13,2289324.0,7205281.153846154
63,60 a 64,2021,Mujeres,Invalidez,Pasivos,Ande,12,0.0,1682451.0,1,2289324.0,1682451.0
63,60 a 64,2021,Mujeres,Pensión/Sobrevivencia,Pasivos,Ande,12,0.0,32534824.0,15,2289324.0,2168988.2666666666
63,60 a 64,2021,Mujeres,Otros,Pasivos,Ande,12,0.0,19366131.0,2,2289324.0,9683065.5
64,60 a 64,2021,Hombres,Vejez,Pasivos,Ande,12,0.0,1151925664.0,111,2289324.0,10377708.684684685
64,60 a 64,2021,Hombres,Pensión/Sobrevivencia,Pasivos,Ande,12,0.0,3200060.0,1,2289324.0,3200060.0
64,60 a 64,2021,Hombres,Otros,Pasivos,Ande,12,0.0,6665921.0,1,2289324.0,6665921.0
64,60 a 64,2021,Mujeres,Vejez,Pasivos,Ande,12,0.0,76575739.0,12,2289324.0,6381311.583333333
64,60 a 64,2021,Mujeres,Invalidez,Pasivos,Ande,12,0.0,5899396.0,1,2289324.0,5899396.0
64,60 a 64,2021,Mujeres,Pensión/Sobrevivencia,Pasivos,Ande,12,0.0,59762595.0,21,2289324.0,2845837.8571428573
65,65 a 69,2021,Hombres,Vejez,Pasivos,Ande,12,0.0,1129668942.0,111,2289324.0,10177197.675675675
65,65 a 69,2021,Hombres,Invalidez,Pasivos,Ande,12,0.0,2019628.0,1,2289324.0,2019628.0
65,65 a 69,2021,Hombres,Otros,Pasivos,Ande,12,0.0,5103927.0,1,2289324.0,5103927.0
65,65 a 69,2021,Mujeres,Vejez,Pasivos,Ande,12,0.0,97474656.0,10,2289324.0,9747465.6
65,65 a 69,2021,Mujeres,Pensión/Sobrevivencia,Pasivos,Ande,12,0.0,57697518.0,15,2289324.0,3846501.2
66,65 a 69,2021,Hombres,Vejez,Pasivos,Ande,12,0.0,795033567.0,81,2289324.0,9815229.222222222
66,65 a 69,2021,Hombres,Invalidez,Pasivos,Ande,12,0.0,6893351.0,2,2289324.0,3446675.5
66,65 a 69,2021,Hombres,Pensión/Sobrevivencia,Pasivos,Ande,12,0.0,2199449.0,1,2289324.0,2199449.0
66,65 a 69,2021,Hombres,Otros,Pasivos,Ande,12,0.0,33078757.0,4,2289324.0,8269689.25
66,65 a 69,2021,Mujeres,Vejez,Pasivos,Ande,12,0.0,57810597.0,7,2289324.0,8258656.714285715
66,65 a 69,2021,Mujeres,Pensión/Sobrevivencia,Pasivos,Ande,12,0.0,47777145.0,9,2289324.0,5308571.666666667
67,65 a 69,2021,Hombres,Vejez,Pasivos,Ande,12,0.0,666790190.0,70,2289324.0,9525574.142857144
67,65 a 69,2021,Hombres,Invalidez,Pasivos,Ande,12,0.0,9152504.0,3,2289324.0,3050834.6666666665
67,65 a 69,2021,Hombres,Otros,Pasivos,Ande,12,0.0,6231245.0,1,2289324.0,6231245.0
67,65 a 69,2021,Mujeres,Vejez,Pasivos,Ande,12,0.0,75925971.0,11,2289324.0,6902361.0
67,65 a 69,2021,Mujeres,Invalidez,Pasivos,Ande,12,0.0,2408897.0,1,2289324.0,2408897.0
67,65 a 69,2021,Mujeres,Pensión/Sobrevivencia,Pasivos,Ande,12,0.0,55927741.0,19,2289324.0,2943565.3157894737
67,65 a 69,2021,Mujeres,Otros,Pasivos,Ande,12,0.0,9409186.0,1,2289324.0,9409186.0
68,65 a 69,2021,Hombres,Vejez,Pasivos,Ande,12,0.0,582441943.0,71,2289324.0,8203407.647887324
68,65 a 69,2021,Hombres,Invalidez,Pasivos,Ande,12,0.0,5625835.0,2,2289324.0,2812917.5
68,65 a 69,2021,Hombres,Pensión/Sobrevivencia,Pasivos,Ande,12,0.0,5844415.0,1,2289324.0,5844415.0
68,65 a 69,2021,Hombres,Otros,Pasivos,Ande,12,0.0,18306383.0,1,2289324.0,18306383.0
68,65 a 69,2021,Mujeres,Vejez,Pasivos,Ande,12,0.0,93995149.0,14,2289324.0,6713939.214285715
68,65 a 69,2021,Mujeres,Pensión/Sobrevivencia,Pasivos,Ande,12,0.0,55570886.0,20,2289324.0,2778544.3
69,65 a 69,2021,Hombres,Vejez,Pasivos,Ande,12,0.0,448908972.0,60,2289324.0,7481816.2
69,65 a 69,2021,Hombres,Otros,Pasivos,Ande,12,0.0,33296482.0,2,2289324.0,16648241.0
69,65 a 69,2021,Mujeres,Vejez,Pasivos,Ande,12,0.0,58492508.0,12,2289324.0,4874375.666666667
69,65 a 69,2021,Mujeres,Pensión/Sobrevivencia,Pasivos,Ande,12,0.0,51506385.0,16,2289324.0,3219149.0625
70,70 a 74,2021,Hombres,Vejez,Pasivos,Ande,12,0.0,383183255.0,51,2289324.0,7513397.156862745
70,70 a 74,2021,Hombres,Pensión/Sobrevivencia,Pasivos,Ande,12,0.0,3849181.0,1,2289324.0,3849181.0
70,70 a 74,2021,Hombres,Otros,Pasivos,Ande,12,0.0,17779636.0,1,2289324.0,17779636.0
70,70 a 74,2021,Mujeres,Vejez,Pasivos,Ande,12,0.0,40536268.0,6,2289324.0,6756044.666666667
70,70 a 74,2021,Mujeres,Pensión/Sobrevivencia,Pasivos,Ande,12,0.0,49286243.0,16,2289324.0,3080390.1875
71,70 a 74,2021,Hombres,Vejez,Pasivos,Ande,12,0.0,344943059.0,53,2289324.0,6508359.603773585
71,70 a 74,2021,Mujeres,Vejez,Pasivos,Ande,12,0.0,67904989.0,10,2289324.0,6790498.9
71,70 a 74,2021,Mujeres,Pensión/Sobrevivencia,Pasivos,Ande,12,0.0,42327173.0,10,2289324.0,4232717.3
72,70 a 74,2021,Hombres,Vejez,Pasivos,Ande,12,0.0,238679298.0,42,2289324.0,5682840.428571428
72,70 a 74,2021,Hombres,Invalidez,Pasivos,Ande,12,0.0,2931768.0,1,2289324.0,2931768.0
72,70 a 74,2021,Hombres,Otros,Pasivos,Ande,12,0.0,9291918.0,1,2289324.0,9291918.0
72,70 a 74,2021,Mujeres,Vejez,Pasivos,Ande,12,0.0,16980697.0,4,2289324.0,4245174.25
72,70 a 74,2021,Mujeres,Invalidez,Pasivos,Ande,12,0.0,4068591.0,2,2289324.0,2034295.5
72,70 a 74,2021,Mujeres,Pensión/Sobrevivencia,Pasivos,Ande,12,0.0,57224662.0,12,2289324.0,4768721.833333333
73,70 a 74,2021,Hombres,Vejez,Pasivos,Ande,12,0.0,180023337.0,33,2289324.0,5455252.636363637
73,70 a 74,2021,Mujeres,Vejez,Pasivos,Ande,12,0.0,13414430.0,3,2289324.0,4471476.666666667
73,70 a 74,2021,Mujeres,Pensión/Sobrevivencia,Pasivos,Ande,12,0.0,26433516.0,8,2289324.0,3304189.5
74,70 a 74,2021,Hombres,Vejez,Pasivos,Ande,12,0.0,203339303.0,32,2289324.0,6354353.21875
74,70 a 74,2021,Hombres,Pensión/Sobrevivencia,Pasivos,Ande,12,0.0,1165260.0,1,2289324.0,1165260.0
74,70 a 74,2021,Hombres,Otros,Pasivos,Ande,12,0.0,2679296.0,1,2289324.0,2679296.0
74,70 a 74,2021,Mujeres,Vejez,Pasivos,Ande,12,0.0,22793680.0,5,2289324.0,4558736.0
74,70 a 74,2021,Mujeres,Pensión/Sobrevivencia,Pasivos,Ande,12,0.0,50574693.0,11,2289324.0,4597699.363636363
74,70 a 74,2021,Mujeres,Otros,Pasivos,Ande,12,0.0,3369422.0,1,2289324.0,3369422.0
75,75 a 79,2021,Hombres,Vejez,Pasivos,Ande,12,0.0,221276307.0,35,2289324.0,6322180.2
75,75 a 79,2021,Hombres,Invalidez,Pasivos,Ande,12,0.0,2214700.0,1,2289324.0,2214700.0
75,75 a 79,2021,Hombres,Pensión/Sobrevivencia,Pasivos,Ande,12,0.0,1175928.0,1,2289324.0,1175928.0
75,75 a 79,2021,Mujeres,Vejez,Pasivos,Ande,12,0.0,12065751.0,3,2289324.0,4021917.0
75,75 a 79,2021,Mujeres,Pensión/Sobrevivencia,Pasivos,Ande,12,0.0,31237581.0,8,2289324.0,3904697.625
76,75 a 79,2021,Hombres,Vejez,Pasivos,Ande,12,0.0,200208403.0,32,2289324.0,6256512.59375
76,75 a 79,2021,Mujeres,Vejez,Pasivos,Ande,12,0.0,10176749.0,3,2289324.0,3392249.6666666665
76,75 a 79,2021,Mujeres,Pensión/Sobrevivencia,Pasivos,Ande,12,0.0,69443429.0,13,2289324.0,5341802.230769231
77,75 a 79,2021,Hombres,Vejez,Pasivos,Ande,12,0.0,189010137.0,30,2289324.0,6300337.9
77,75 a 79,2021,Mujeres,Vejez,Pasivos,Ande,12,0.0,6138173.0,1,2289324.0,6138173.0
77,75 a 79,2021,Mujeres,Invalidez,Pasivos,Ande,12,0.0,1938742.0,1,2289324.0,1938742.0
77,75 a 79,2021,Mujeres,Pensión/Sobrevivencia,Pasivos,Ande,12,0.0,21427292.0,9,2289324.0,2380810.222222222
78,75 a 79,2021,Hombres,Vejez,Pasivos,Ande,12,0.0,167803513.0,22,2289324.0,7627432.409090909
78,75 a 79,2021,Hombres,Pensión/Sobrevivencia,Pasivos,Ande,12,0.0,2470252.0,1,2289324.0,2470252.0
78,75 a 79,2021,Mujeres,Vejez,Pasivos,Ande,12,0.0,11614467.0,2,2289324.0,5807233.5
78,75 a 79,2021,Mujeres,Pensión/Sobrevivencia,Pasivos,Ande,12,0.0,37967588.0,12,2289324.0,3163965.6666666665
79,75 a 79,2021,Hombres,Vejez,Pasivos,Ande,12,0.0,187393649.0,26,2289324.0,7207448.038461538
79,75 a 79,2021,Mujeres,Vejez,Pasivos,Ande,12,0.0,13136970.0,2,2289324.0,6568485.0
79,75 a 79,2021,Mujeres,Pensión/Sobrevivencia,Pasivos,Ande,12,0.0,35164865.0,7,2289324.0,5023552.142857143
80,80 a 84,2021,Hombres,Vejez,Pasivos,Ande,12,0.0,47168791.0,9,2289324.0,5240976.777777778
80,80 a 84,2021,Mujeres,Vejez,Pasivos,Ande,12,0.0,4424267.0,1,2289324.0,4424267.0
80,80 a 84,2021,Mujeres,Pensión/Sobrevivencia,Pasivos,Ande,12,0.0,22400534.0,8,2289324.0,2800066.75
81,80 a 84,2021,Hombres,Vejez,Pasivos,Ande,12,0.0,69602157.0,11,2289324.0,6327468.818181818
81,80 a 84,2021,Hombres,Pensión/Sobrevivencia,Pasivos,Ande,12,0.0,598019.0,1,2289324.0,598019.0
81,80 a 84,2021,Mujeres,Vejez,Pasivos,Ande,12,0.0,7821160.0,1,2289324.0,7821160.0
81,80 a 84,2021,Mujeres,Pensión/Sobrevivencia,Pasivos,Ande,12,0.0,54469508.0,10,2289324.0,5446950.8
82,80 a 84,2021,Hombres,Vejez,Pasivos,Ande,12,0.0,94036987.0,13,2289324.0,7233614.384615385
82,80 a 84,2021,Hombres,Otros,Pasivos,Ande,12,0.0,5021342.0,1,2289324.0,5021342.0
82,80 a 84,2021,Mujeres,Vejez,Pasivos,Ande,12,0.0,16176376.0,3,2289324.0,5392125.333333333
82,80 a 84,2021,Mujeres,Pensión/Sobrevivencia,Pasivos,Ande,12,0.0,22417940.0,7,2289324.0,3202562.8571428573
83,80 a 84,2021,Hombres,Vejez,Pasivos,Ande,12,0.0,26641198.0,4,2289324.0,6660299.5
83,80 a 84,2021,Hombres,Otros,Pasivos,Ande,12,0.0,4188613.0,1,2289324.0,4188613.0
83,80 a 84,2021,Mujeres,Pensión/Sobrevivencia,Pasivos,Ande,12,0.0,14253194.0,4,2289324.0,3563298.5
84,80 a 84,2021,Hombres,Vejez,Pasivos,Ande,12,0.0,65703780.0,10,2289324.0,6570378.0
84,80 a 84,2021,Hombres,Pensión/Sobrevivencia,Pasivos,Ande,12,0.0,5840025.0,2,2289324.0,2920012.5
84,80 a 84,2021,Mujeres,Pensión/Sobrevivencia,Pasivos,Ande,12,0.0,17112039.0,8,2289324.0,2139004.875
85,85 y más,2021,Hombres,Vejez,Pasivos,Ande,12,0.0,22268964.0,5,2289324.0,4453792.8
85,85 y más,2021,Mujeres,Vejez,Pasivos,Ande,12,0.0,2005247.0,1,2289324.0,2005247.0
85,85 y más,2021,Mujeres,Pensión/Sobrevivencia,Pasivos,Ande,12,0.0,18679218.0,7,2289324.0,2668459.714285714
86,85 y más,2021,Hombres,Vejez,Pasivos,Ande,12,0.0,36817470.0,9,2289324.0,4090830.0
86,85 y más,2021,Hombres,Pensión/Sobrevivencia,Pasivos,Ande,12,0.0,702429.0,1,2289324.0,702429.0
86,85 y más,2021,Mujeres,Pensión/Sobrevivencia,Pasivos,Ande,12,0.0,20604449.0,9,2289324.0,2289383.222222222
87,85 y más,2021,Hombres,Vejez,Pasivos,Ande,12,0.0,28380034.0,6,2289324.0,4730005.666666667
87,85 y más,2021,Hombres,Invalidez,Pasivos,Ande,12,0.0,3288727.0,1,2289324.0,3288727.0
87,85 y más,2021,Hombres,Pensión/Sobrevivencia,Pasivos,Ande,12,0.0,1315038.0,1,2289324.0,1315038.0
87,85 y más,2021,Mujeres,Pensión/Sobrevivencia,Pasivos,Ande,12,0.0,16094681.0,6,2289324.0,2682446.8333333335
88,85 y más,2021,Hombres,Vejez,Pasivos,Ande,12,0.0,12913796.0,4,2289324.0,3228449.0
88,85 y más,2021,Mujeres,Vejez,Pasivos,Ande,12,0.0,3311896.0,1,2289324.0,3311896.0
88,85 y más,2021,Mujeres,Pensión/Sobrevivencia,Pasivos,Ande,12,0.0,14587690.0,6,2289324.0,2431281.6666666665
89,85 y más,2021,Hombres,Vejez,Pasivos,Ande,12,0.0,2642077.0,1,2289324.0,2642077.0
89,85 y más,2021,Mujeres,Pensión/Sobrevivencia,Pasivos,Ande,12,0.0,8254343.0,3,2289324.0,2751447.6666666665
90,85 y más,2021,Hombres,Vejez,Pasivos,Ande,12,0.0,2422153.0,1,2289324.0,2422153.0
90,85 y más,2021,Mujeres,Vejez,Pasivos,Ande,12,0.0,2819149.0,1,2289324.0,2819149.0
90,85 y más,2021,Mujeres,Pensión/Sobrevivencia,Pasivos,Ande,12,0.0,7231548.0,3,2289324.0,2410516.0
91,85 y más,2021,Hombres,Vejez,Pasivos,Ande,12,0.0,21458608.0,4,2289324.0,5364652.0
91,85 y más,2021,Mujeres,Vejez,Pasivos,Ande,12,0.0,2633612.0,1,2289324.0,2633612.0
91,85 y más,2021,Mujeres,Pensión/Sobrevivencia,Pasivos,Ande,12,0.0,8713228.0,4,2289324.0,2178307.0
92,85 y más,2021,Mujeres,Pensión/Sobrevivencia,Pasivos,Ande,12,0.0,6946352.0,3,2289324.0,2315450.6666666665
93,85 y más,2021,Hombres,Vejez,Pasivos,Ande,12,0.0,2854802.0,1,2289324.0,2854802.0
93,85 y más,2021,Mujeres,Pensión/Sobrevivencia,Pasivos,Ande,12,0.0,12835541.0,6,2289324.0,2139256.8333333335
94,85 y más,2021,Mujeres,Pensión/Sobrevivencia,Pasivos,Ande,12,0.0,4434463.0,1,2289324.0,4434463.0
95,85 y más,2021,Hombres,Pensión/Sobrevivencia,Pasivos,Ande,12,0.0,4591367.0,1,2289324.0,4591367.0
95,85 y más,2021,Mujeres,Pensión/Sobrevivencia,Pasivos,Ande,12,0.0,2508596.0,1,2289324.0,2508596.0
97,85 y más,2021,Hombres,Vejez,Pasivos,Ande,12,0.0,3158138.0,1,2289324.0,3158138.0
97,85 y más,2021,Mujeres,Pensión/Sobrevivencia,Pasivos,Ande,12,0.0,1465747.0,1,2289324.0,1465747.0
18,15 a 19,2021,Hombres,Activos,Activos,Bancaria,12,8754537.680000002,31266206.0,11,2289324.0,2842382.3636363638
18,15 a 19,2021,Mujeres,Activos,Activos,Bancaria,12,14591382.120000003,52112079.0,17,2289324.0,3065416.411764706
19,15 a 19,2021,Hombres,Activos,Activos,Bancaria,12,39620951.44000001,141503398.0,47,2289324.0,3010710.595744681
19,15 a 19,2021,Mujeres,Activos,Activos,Bancaria,12,30952400.920000006,110544289.0,39,2289324.0,2834468.9487179485
20,20 a 24,2021,Hombres,Activos,Activos,Bancaria,12,85200459.12,304287354.0,84,2289324.0,3622468.5
20,20 a 24,2021,Mujeres,Activos,Activos,Bancaria,12,50026310.040000044,178665393.0,60,2289324.0,2977756.55
21,20 a 24,2021,Hombres,Activos,Activos,Bancaria,12,115932125.96000001,414043307.0,104,2289324.0,3981185.644230769
21,20 a 24,2021,Mujeres,Activos,Activos,Bancaria,12,92409165.52000004,330032734.0,94,2289324.0,3510986.5319148935
22,20 a 24,2021,Hombres,Activos,Activos,Bancaria,12,198773545.60000008,709905520.0,174,2289324.0,4079916.7816091953
22,20 a 24,2021,Mujeres,Activos,Activos,Bancaria,12,172577142.07999995,616346936.0,153,2289324.0,4028411.3464052286
23,20 a 24,2021,Hombres,Activos,Activos,Bancaria,12,278997067.4399999,996418098.0,229,2289324.0,4351170.733624455
23,20 a 24,2021,Mujeres,Activos,Activos,Bancaria,12,147811970.32,527899894.0,130,2289324.0,4060768.4153846153
24,20 a 24,2021,Hombres,Activos,Activos,Bancaria,12,372910994.9600001,1331824982.0,274,2289324.0,4860675.116788321
24,20 a 24,2021,Mujeres,Activos,Activos,Bancaria,12,294020090.8399999,1050071753.0,227,2289324.0,4625866.753303965
25,25 a 29,2021,Hombres,Activos,Activos,Bancaria,12,483756537.0400004,1727701918.0,301,2289324.0,5739873.481727575
25,25 a 29,2021,Mujeres,Activos,Activos,Bancaria,12,293601351.67999995,1048576256.0,221,2289324.0,4744688.94117647
26,25 a 29,2021,Hombres,Activos,Activos,Bancaria,12,507253862.0799999,1811620936.0,327,2289324.0,5540125.186544343
26,25 a 29,2021,Mujeres,Activos,Activos,Bancaria,12,411951531.59999996,1471255470.0,256,2289324.0,5747091.6796875
27,25 a 29,2021,Hombres,Activos,Activos,Bancaria,12,506042808.3200002,1807295744.0,292,2289324.0,6189368.98630137
27,25 a 29,2021,Mujeres,Activos,Activos,Bancaria,12,425495538.7200001,1519626924.0,258,2289324.0,5890026.837209302
28,25 a 29,2021,Hombres,Activos,Activos,Bancaria,12,626826819.0799999,2238667211.0,320,2289324.0,6995835.034375
28,25 a 29,2021,Mujeres,Activos,Activos,Bancaria,12,476200504.35999995,1700716087.0,275,2289324.0,6184422.134545455
29,25 a 29,2021,Hombres,Activos,Activos,Bancaria,12,688033326.4000001,2457261880.0,348,2289324.0,7061097.356321839
29,25 a 29,2021,Mujeres,Activos,Activos,Bancaria,12,496010704.8400001,1771466803.0,272,2289324.0,6512745.599264706
30,30 a 34,2021,Hombres,Activos,Activos,Bancaria,12,684700379.4400003,2445358498.0,345,2289324.0,7087995.646376812
30,30 a 34,2021,Mujeres,Activos,Activos,Bancaria,12,579168033.0799999,2068457261.0,275,2289324.0,7521662.767272728
31,30 a 34,2021,Hombres,Activos,Activos,Bancaria,12,738841767.1600004,2638720597.0,350,2289324.0,7539201.705714285
31,30 a 34,2021,Mujeres,Activos,Activos,Bancaria,12,519889905.6400003,1856749663.0,254,2289324.0,7310038.043307086
32,30 a 34,2021,Hombres,Activos,Activos,Bancaria,12,786184087.0800004,2807800311.0,318,2289324.0,8829560.726415094
32,30 a 34,2021,Mujeres,Activos,Activos,Bancaria,12,535495816.80000013,1912485060.0,245,2289324.0,7806061.469387755
33,30 a 34,2021,Hombres,Activos,Activos,Bancaria,12,745962886.1999996,2664153165.0,304,2289324.0,8763661.726973685
33,30 a 34,2021,Mujeres,Activos,Activos,Bancaria,12,553091339.6399997,1975326213.0,246,2289324.0,8029781.353658536
34,30 a 34,2021,Hombres,Activos,Activos,Bancaria,12,652979205.7600001,2332068592.0,256,2289324.0,9109642.9375
34,30 a 34,2021,Mujeres,Activos,Activos,Bancaria,12,506205642.03999996,1807877293.0,205,2289324.0,8818913.624390244
35,35 a 39,2021,Hombres,Activos,Activos,Bancaria,12,601781320.5600001,2149219002.0,229,2289324.0,9385235.816593887
35,35 a 39,2021,Mujeres,Activos,Activos,Bancaria,12,538014249.3600001,1921479462.0,200,2289324.0,9607397.31
36,35 a 39,2021,Hombres,Activos,Activos,Bancaria,12,774542666.8000005,2766223810.0,266,2289324.0,10399337.631578946
36,35 a 39,2021,Mujeres,Activos,Activos,Bancaria,12,454901586.7199999,1624648524.0,163,2289324.0,9967168.858895706
37,35 a 39,2021,Hombres,Activos,Activos,Bancaria,12,678661351.7599999,2423790542.0,228,2289324.0,10630660.271929825
37,35 a 39,2021,Mujeres,Activos,Activos,Bancaria,12,423574681.88,1512766721.0,146,2289324.0,10361415.897260275
38,35 a 39,2021,Hombres,Activos,Activos,Bancaria,12,725998658.8399999,2592852353.0,220,2289324.0,11785692.513636364
38,35 a 39,2021,Mujeres,Activos,Activos,Bancaria,12,437637230.8000001,1562990110.0,151,2289324.0,10350927.880794702
39,35 a 39,2021,Hombres,Activos,Activos,Bancaria,12,641906140.4000001,2292521930.0,193,2289324.0,11878351.968911918
39,35 a 39,2021,Mujeres,Activos,Activos,Bancaria,12,383934695.7600001,1371195342.0,126,2289324.0,10882502.714285715
40,40 a 44,2021,Hombres,Activos,Activos,Bancaria,12,519022153.15999985,1853650547.0,146,2289324.0,12696236.62328767
40,40 a 44,2021,Mujeres,Activos,Activos,Bancaria,12,350522415.8800001,1251865771.0,104,2289324.0,12037170.875
41,40 a 44,2021,Hombres,Activos,Activos,Bancaria,12,526295068.0400001,1879625243.0,144,2289324.0,13052953.076388888
41,40 a 44,2021,Mujeres,Activos,Activos,Bancaria,12,373302449.52000016,1333223034.0,99,2289324.0,13466899.333333334
42,40 a 44,2021,Hombres,Activos,Activos,Bancaria,12,654661527.2400005,2338076883.0,166,2289324.0,14084800.5
42,40 a 44,2021,Mujeres,Activos,Activos,Bancaria,12,360682071.6800002,1288150256.0,103,2289324.0,12506313.165048543
43,40 a 44,2021,Hombres,Activos,Activos,Bancaria,12,447613570.60000014,1598619895.0,114,2289324.0,14022981.53508772
43,40 a 44,2021,Mujeres,Activos,Activos,Bancaria,12,217273472.35999998,775976687.0,64,2289324.0,12124635.734375
44,40 a 44,2021,Hombres,Activos,Activos,Bancaria,12,409814770.11999995,1463624179.0,105,2289324.0,13939277.895238096
44,40 a 44,2021,Mujeres,Activos,Activos,Bancaria,12,394350162.0800001,1408393436.0,91,2289324.0,15476850.945054945
45,45 a 49,2021,Hombres,Activos,Activos,Bancaria,12,512072527.6799999,1828830456.0,107,2289324.0,17091873.420560747
45,45 a 49,2021,Mujeres,Activos,Activos,Bancaria,12,276663806.16,988085022.0,75,2289324.0,13174466.96
46,45 a 49,2021,Hombres,Activos,Activos,Bancaria,12,492905955.91999984,1760378414.0,109,2289324.0,16150260.678899083
46,45 a 49,2021,Mujeres,Activos,Activos,Bancaria,12,235161051.16,839860897.0,55,2289324.0,15270198.127272727
47,45 a 49,2021,Hombres,Activos,Activos,Bancaria,12,481606196.12000006,1720022129.0,90,2289324.0,19111356.98888889
47,45 a 49,2021,Mujeres,Activos,Activos,Bancaria,12,266515770.91999996,951842039.0,63,2289324.0,15108603.793650793
48,45 a 49,2021,Hombres,Activos,Activos,Bancaria,12,600575163.1600002,2144911297.0,106,2289324.0,20235012.235849056
48,45 a 49,2021,Mujeres,Activos,Activos,Bancaria,12,170049235.44,607318698.0,38,2289324.0,15982071.0
49,45 a 49,2021,Hombres,Activos,Activos,Bancaria,12,493092269.31999993,1761043819.0,101,2289324.0,17436077.415841583
49,45 a 49,2021,Mujeres,Activos,Activos,Bancaria,12,323917142.08,1156846936.0,53,2289324.0,21827300.679245282
50,50 a 54,2021,Hombres,Activos,Activos,Bancaria,12,464004560.04000014,1657159143.0,90,2289324.0,18412879.366666667
50,50 a 54,2021,Mujeres,Activos,Activos,Bancaria,12,275888546.6400001,985316238.0,52,2289324.0,18948389.192307692
51,50 a 54,2021,Hombres,Activos,Activos,Bancaria,12,556462464.6,1987365945.0,112,2289324.0,17744338.79464286
51,50 a 54,2021,Mujeres,Activos,Activos,Bancaria,12,277527217.8,991168635.0,57,2289324.0,17388923.42105263
52,50 a 54,2021,Hombres,Activos,Activos,Bancaria,12,385388098.75999993,1376386067.0,91,2289324.0,15125121.615384616
52,50 a 54,2021,Mujeres,Activos,Activos,Bancaria,12,227628453.92000002,812958764.0,38,2289324.0,21393651.684210528
53,50 a 54,2021,Hombres,Activos,Activos,Bancaria,12,431065499.20000017,1539519640.0,76,2289324.0,20256837.36842105
53,50 a 54,2021,Mujeres,Activos,Activos,Bancaria,12,118610019.92000002,423607214.0,27,2289324.0,15689156.074074075
54,50 a 54,2021,Hombres,Activos,Activos,Bancaria,12,440271514.20000005,1572398265.0,91,2289324.0,17279101.813186813
54,50 a 54,2021,Mujeres,Activos,Activos,Bancaria,12,124939246.88000001,446211596.0,25,2289324.0,17848463.84
55,55 a 59,2021,Hombres,Activos,Activos,Bancaria,12,457769201.68000007,1634890006.0,89,2289324.0,18369550.629213482
55,55 a 59,2021,Mujeres,Activos,Activos,Bancaria,12,221007357.48,789311991.0,34,2289324.0,23215058.55882353
56,55 a 59,2021,Hombres,Activos,Activos,Bancaria,12,546431983.44,1951542798.0,89,2289324.0,21927447.168539327
56,55 a 59,2021,Mujeres,Activos,Activos,Bancaria,12,163395666.84000003,583555953.0,30,2289324.0,19451865.1
57,55 a 59,2021,Hombres,Activos,Activos,Bancaria,12,378577310.44000006,1352061823.0,67,2289324.0,20180027.208955225
57,55 a 59,2021,Mujeres,Activos,Activos,Bancaria,12,84178939.60000001,300639070.0,21,2289324.0,14316146.19047619
58,55 a 59,2021,Hombres,Activos,Activos,Bancaria,12,252945134.12,903375479.0,55,2289324.0,16425008.709090909
58,55 a 59,2021,Mujeres,Activos,Activos,Bancaria,12,118436239.88,422986571.0,22,2289324.0,19226662.318181816
59,55 a 59,2021,Hombres,Activos,Activos,Bancaria,12,179617313.12,641490404.0,39,2289324.0,16448471.897435898
59,55 a 59,2021,Mujeres,Activos,Activos,Bancaria,12,82380394.04000002,294215693.0,17,2289324.0,17306805.470588237
60,60 a 64,2021,Hombres,Activos,Activos,Bancaria,12,193872280.0,692401000.0,32,2289324.0,21637531.25
60,60 a 64,2021,Mujeres,Activos,Activos,Bancaria,12,74240292.56,265143902.0,14,2289324.0,18938850.14285714
61,60 a 64,2021,Hombres,Activos,Activos,Bancaria,12,91154880.88000001,325553146.0,19,2289324.0,17134376.10526316
61,60 a 64,2021,Mujeres,Activos,Activos,Bancaria,12,27828353.28,99386976.0,9,2289324.0,11042997.333333334
62,60 a 64,2021,Hombres,Activos,Activos,Bancaria,12,72491935.32000001,258899769.0,14,2289324.0,18492840.64285714
62,60 a 64,2021,Mujeres,Activos,Activos,Bancaria,12,41316480.800000004,147558860.0,9,2289324.0,16395428.888888888
63,60 a 64,2021,Hombres,Activos,Activos,Bancaria,12,46218238.64000001,165065138.0,9,2289324.0,18340570.888888888
63,60 a 64,2021,Mujeres,Activos,Activos,Bancaria,12,18695612.040000003,66770043.0,5,2289324.0,13354008.6
64,60 a 64,2021,Hombres,Activos,Activos,Bancaria,12,59033024.96,210832232.0,17,2289324.0,12401896.0
64,60 a 64,2021,Mujeres,Activos,Activos,Bancaria,12,6955131.680000001,24839756.0,2,2289324.0,12419878.0
65,65 a 69,2021,Hombres,Activos,Activos,Bancaria,12,49504350.28,176801251.0,14,2289324.0,12628660.785714285
65,65 a 69,2021,Mujeres,Activos,Activos,Bancaria,12,54772014.36000001,195614337.0,6,2289324.0,32602389.5
66,65 a 69,2021,Hombres,Activos,Activos,Bancaria,12,31014553.640000004,110766263.0,6,2289324.0,18461043.833333332
66,65 a 69,2021,Mujeres,Activos,Activos,Bancaria,12,2384200.0,8515000.0,1,2289324.0,8515000.0
67,65 a 69,2021,Hombres,Activos,Activos,Bancaria,12,19957812.000000004,71277900.0,4,2289324.0,17819475.0
67,65 a 69,2021,Mujeres,Activos,Activos,Bancaria,12,6860000.000000001,24500000.0,1,2289324.0,24500000.0
68,65 a 69,2021,Hombres,Activos,Activos,Bancaria,12,43075282.32000001,153840294.0,8,2289324.0,19230036.75
68,65 a 69,2021,Mujeres,Activos,Activos,Bancaria,12,4564000.0,16300000.0,1,2289324.0,16300000.0
69,65 a 69,2021,Hombres,Activos,Activos,Bancaria,12,22581384.84,80647803.0,6,2289324.0,13441300.5
69,65 a 69,2021,Mujeres,Activos,Activos,Bancaria,12,10317583.920000002,36848514.0,3,2289324.0,12282838.0
70,70 a 74,2021,Hombres,Activos,Activos,Bancaria,12,5959171.68,21282756.0,2,2289324.0,10641378.0
71,70 a 74,2021,Hombres,Activos,Activos,Bancaria,12,21398585.880000003,76423521.0,4,2289324.0,19105880.25
72,70 a 74,2021,Hombres,Activos,Activos,Bancaria,12,11409423.200000003,40747940.0,4,2289324.0,10186985.0
72,70 a 74,2021,Mujeres,Activos,Activos,Bancaria,12,6519168.32,23282744.0,1,2289324.0,23282744.0
73,70 a 74,2021,Hombres,Activos,Activos,Bancaria,12,4141063.64,14789513.0,2,2289324.0,7394756.5
74,70 a 74,2021,Hombres,Activos,Activos,Bancaria,12,6887108.200000001,24596815.0,3,2289324.0,8198938.333333333
75,75 a 79,2021,Hombres,Activos,Activos,Bancaria,12,6104000.000000001,21800000.0,1,2289324.0,21800000.0
76,75 a 79,2021,Hombres,Activos,Activos,Bancaria,12,11480000.000000002,41000000.0,2,2289324.0,20500000.0
76,75 a 79,2021,Mujeres,Activos,Activos,Bancaria,12,5205200.000000001,18590000.0,1,2289324.0,18590000.0
77,75 a 79,2021,Hombres,Activos,Activos,Bancaria,12,3492203.12,12472154.0,2,2289324.0,6236077.0
80,80 a 84,2021,Hombres,Activos,Activos,Bancaria,12,2520000.0000000005,9000000.0,1,2289324.0,9000000.0
87,85 y más,2021,Hombres,Activos,Activos,Bancaria,12,5073335.960000001,18119057.0,1,2289324.0,18119057.0
89,85 y más,2021,Mujeres,Activos,Activos,Bancaria,12,2996000.0000000005,10700000.0,1,2289324.0,10700000.0
14,10 a 14,2021,Hombres,Pensión/Sobrevivencia,Pasivos,Bancaria,12,0.0,1620373.0,1,2289324.0,1620373.0
15,15 a 19,2021,Hombres,Pensión/Sobrevivencia,Pasivos,Bancaria,12,0.0,7805415.0,1,2289324.0,7805415.0
27,25 a 29,2021,Hombres,Pensión/Sobrevivencia,Pasivos,Bancaria,12,0.0,2948762.0,1,2289324.0,2948762.0
40,40 a 44,2021,Hombres,Pensión/Sobrevivencia,Pasivos,Bancaria,12,0.0,4786276.0,1,2289324.0,4786276.0
47,45 a 49,2021,Mujeres,Invalidez,Pasivos,Bancaria,12,0.0,5409892.0,1,2289324.0,5409892.0
47,45 a 49,2021,Mujeres,Pensión/Sobrevivencia,Pasivos,Bancaria,12,0.0,8360413.666666666,2,2289324.0,4180206.833333333
50,50 a 54,2021,Hombres,Invalidez,Pasivos,Bancaria,12,0.0,9139250.0,1,2289324.0,9139250.0
50,50 a 54,2021,Mujeres,Pensión/Sobrevivencia,Pasivos,Bancaria,12,0.0,6969590.0,2,2289324.0,3484795.0
51,50 a 54,2021,Hombres,Invalidez,Pasivos,Bancaria,12,0.0,7254076.0,1,2289324.0,7254076.0
51,50 a 54,2021,Hombres,Pensión/Sobrevivencia,Pasivos,Bancaria,12,0.0,2867934.0,1,2289324.0,2867934.0
51,50 a 54,2021,Mujeres,Pensión/Sobrevivencia,Pasivos,Bancaria,12,0.0,4201643.0,1,2289324.0,4201643.0
52,50 a 54,2021,Hombres,Invalidez,Pasivos,Bancaria,12,0.0,28548452.0,2,2289324.0,14274226.0
53,50 a 54,2021,Mujeres,Invalidez,Pasivos,Bancaria,12,0.0,18855275.0,1,2289324.0,18855275.0
53,50 a 54,2021,Mujeres,Pensión/Sobrevivencia,Pasivos,Bancaria,12,0.0,6584886.0,2,2289324.0,3292443.0
55,55 a 59,2021,Hombres,Invalidez,Pasivos,Bancaria,12,0.0,9489174.333333332,2,2289324.0,4744587.166666666
55,55 a 59,2021,Mujeres,Pensión/Sobrevivencia,Pasivos,Bancaria,12,0.0,9072871.0,2,2289324.0,4536435.5
56,55 a 59,2021,Hombres,Invalidez,Pasivos,Bancaria,12,0.0,53148812.0,5,2289324.0,10629762.4
56,55 a 59,2021,Hombres,Pensión/Sobrevivencia,Pasivos,Bancaria,12,0.0,1823029.0,1,2289324.0,1823029.0
56,55 a 59,2021,Mujeres,Pensión/Sobrevivencia,Pasivos,Bancaria,12,0.0,13113437.0,2,2289324.0,6556718.5
57,55 a 59,2021,Hombres,Otros,Pasivos,Bancaria,12,0.0,9345491.5,2,2289324.0,4672745.75
57,55 a 59,2021,Mujeres,Pensión/Sobrevivencia,Pasivos,Bancaria,12,0.0,9075970.0,2,2289324.0,4537985.0
58,55 a 59,2021,Hombres,Invalidez,Pasivos,Bancaria,12,0.0,6742459.0,2,2289324.0,3371229.5
58,55 a 59,2021,Hombres,Otros,Pasivos,Bancaria,12,0.0,96094937.0,11,2289324.0,8735903.363636363
58,55 a 59,2021,Mujeres,Pensión/Sobrevivencia,Pasivos,Bancaria,12,0.0,50463279.0,6,2289324.0,8410546.5
58,55 a 59,2021,Mujeres,Otros,Pasivos,Bancaria,12,0.0,16329941.0,2,2289324.0,8164970.5
59,55 a 59,2021,Hombres,Invalidez,Pasivos,Bancaria,12,0.0,9210444.0,1,2289324.0,9210444.0
59,55 a 59,2021,Hombres,Otros,Pasivos,Bancaria,12,0.0,102489787.0,12,2289324.0,8540815.583333334
59,55 a 59,2021,Mujeres,Invalidez,Pasivos,Bancaria,12,0.0,3615394.0,1,2289324.0,3615394.0
59,55 a 59,2021,Mujeres,Pensión/Sobrevivencia,Pasivos,Bancaria,12,0.0,7391676.0,1,2289324.0,7391676.0
59,55 a 59,2021,Mujeres,Otros,Pasivos,Bancaria,12,0.0,10871022.0,2,2289324.0,5435511.0
60,60 a 64,2021,Hombres,Vejez,Pasivos,Bancaria,12,0.0,612269065.8333333,50,2289324.0,12245381.316666665
60,60 a 64,2021,Hombres,Invalidez,Pasivos,Bancaria,12,0.0,18017566.0,2,2289324.0,9008783.0
60,60 a 64,2021,Hombres,Pensión/Sobrevivencia,Pasivos,Bancaria,12,0.0,37385182.83333333,8,2289324.0,4673147.854166666
60,60 a 64,2021,Hombres,Otros,Pasivos,Bancaria,12,0.0,129192511.0,16,2289324.0,8074531.9375
60,60 a 64,2021,Mujeres,Vejez,Pasivos,Bancaria,12,0.0,72632431.0,5,2289324.0,14526486.2
60,60 a 64,2021,Mujeres,Pensión/Sobrevivencia,Pasivos,Bancaria,12,0.0,68452771.66666667,13,2289324.0,5265597.820512821
60,60 a 64,2021,Mujeres,Otros,Pasivos,Bancaria,12,0.0,73948143.0,11,2289324.0,6722558.454545454
61,60 a 64,2021,Hombres,Vejez,Pasivos,Bancaria,12,0.0,1621317929.9166665,121,2289324.0,13399321.734848484
61,60 a 64,2021,Hombres,Pensión/Sobrevivencia,Pasivos,Bancaria,12,0.0,8777860.666666668,3,2289324.0,2925953.555555556
61,60 a 64,2021,Hombres,Otros,Pasivos,Bancaria,12,0.0,145218634.0,17,2289324.0,8542272.588235294
61,60 a 64,2021,Mujeres,Vejez,Pasivos,Bancaria,12,0.0,327818588.4166666,25,2289324.0,13112743.536666665
61,60 a 64,2021,Mujeres,Pensión/Sobrevivencia,Pasivos,Bancaria,12,0.0,86550502.0,13,2289324.0,6657730.923076923
61,60 a 64,2021,Mujeres,Otros,Pasivos,Bancaria,12,0.0,58321154.0,6,2289324.0,9720192.333333334
62,60 a 64,2021,Hombres,Vejez,Pasivos,Bancaria,12,0.0,1215972772.0,91,2289324.0,13362338.153846154
62,60 a 64,2021,Hombres,Invalidez,Pasivos,Bancaria,12,0.0,3288141.0,1,2289324.0,3288141.0
62,60 a 64,2021,Hombres,Pensión/Sobrevivencia,Pasivos,Bancaria,12,0.0,2415966.0,1,2289324.0,2415966.0
62,60 a 64,2021,Hombres,Otros,Pasivos,Bancaria,12,0.0,135172903.0,19,2289324.0,7114363.315789473
62,60 a 64,2021,Mujeres,Vejez,Pasivos,Bancaria,12,0.0,305072088.1666666,22,2289324.0,13866913.098484846
62,60 a 64,2021,Mujeres,Invalidez,Pasivos,Bancaria,12,0.0,4273565.0,1,2289324.0,4273565.0
62,60 a 64,2021,Mujeres,Pensión/Sobrevivencia,Pasivos,Bancaria,12,0.0,113176222.75,16,2289324.0,7073513.921875
62,60 a 64,2021,Mujeres,Otros,Pasivos,Bancaria,12,0.0,30449693.0,6,2289324.0,5074948.833333333
63,60 a 64,2021,Hombres,Vejez,Pasivos,Bancaria,12,0.0,939685048.8333334,74,2289324.0,12698446.605855856
63,60 a 64,2021,Hombres,Invalidez,Pasivos,Bancaria,12,0.0,46104150.0,3,2289324.0,15368050.0
63,60 a 64,2021,Hombres,Pensión/Sobrevivencia,Pasivos,Bancaria,12,0.0,13708461.0,2,2289324.0,6854230.5
63,60 a 64,2021,Hombres,Otros,Pasivos,Bancaria,12,0.0,177403259.0,19,2289324.0,9337013.631578946
63,60 a 64,2021,Mujeres,Vejez,Pasivos,Bancaria,12,0.0,174789308.0,13,2289324.0,13445331.384615384
63,60 a 64,2021,Mujeres,Pensión/Sobrevivencia,Pasivos,Bancaria,12,0.0,118731199.5,17,2289324.0,6984188.205882353
63,60 a 64,2021,Mujeres,Otros,Pasivos,Bancaria,12,0.0,115691762.0,16,2289324.0,7230735.125
64,60 a 64,2021,Hombres,Vejez,Pasivos,Bancaria,12,0.0,1020529805.5833334,78,2289324.0,13083715.456196582
64,60 a 64,2021,Hombres,Invalidez,Pasivos,Bancaria,12,0.0,14481817.0,2,2289324.0,7240908.5
64,60 a 64,2021,Hombres,Pensión/Sobrevivencia,Pasivos,Bancaria,12,0.0,2577781.0,1,2289324.0,2577781.0
64,60 a 64,2021,Hombres,Otros,Pasivos,Bancaria,12,0.0,161446913.5,21,2289324.0,7687948.261904762
64,60 a 64,2021,Mujeres,Vejez,Pasivos,Bancaria,12,0.0,136590372.0,9,2289324.0,15176708.0
64,60 a 64,2021,Mujeres,Pensión/Sobrevivencia,Pasivos,Bancaria,12,0.0,115021779.33333333,18,2289324.0,6390098.851851852
64,60 a 64,2021,Mujeres,Otros,Pasivos,Bancaria,12,0.0,104359692.0,14,2289324.0,7454263.714285715
65,65 a 69,2021,Hombres,Vejez,Pasivos,Bancaria,12,0.0,1106496337.9166667,87,2289324.0,12718348.711685825
65,65 a 69,2021,Hombres,Invalidez,Pasivos,Bancaria,12,0.0,28440229.0,3,2289324.0,9480076.333333334
65,65 a 69,2021,Hombres,Pensión/Sobrevivencia,Pasivos,Bancaria,12,0.0,5277593.0,1,2289324.0,5277593.0
65,65 a 69,2021,Hombres,Otros,Pasivos,Bancaria,12,0.0,158233191.0,18,2289324.0,8790732.833333334
65,65 a 69,2021,Mujeres,Vejez,Pasivos,Bancaria,12,0.0,130707313.5,11,2289324.0,11882483.045454545
65,65 a 69,2021,Mujeres,Pensión/Sobrevivencia,Pasivos,Bancaria,12,0.0,61090808.66666667,11,2289324.0,5553709.878787879
65,65 a 69,2021,Mujeres,Otros,Pasivos,Bancaria,12,0.0,149491985.0,20,2289324.0,7474599.25
66,65 a 69,2021,Hombres,Vejez,Pasivos,Bancaria,12,0.0,874541944.0,70,2289324.0,12493456.342857143
66,65 a 69,2021,Hombres,Pensión/Sobrevivencia,Pasivos,Bancaria,12,0.0,5705232.0,1,2289324.0,5705232.0
66,65 a 69,2021,Hombres,Otros,Pasivos,Bancaria,12,0.0,170613742.5,21,2289324.0,8124463.928571428
66,65 a 69,2021,Mujeres,Vejez,Pasivos,Bancaria,12,0.0,168127829.0,13,2289324.0,12932909.923076924
66,65 a 69,2021,Mujeres,Invalidez,Pasivos,Bancaria,12,0.0,17073533.0,2,2289324.0,8536766.5
66,65 a 69,2021,Mujeres,Pensión/Sobrevivencia,Pasivos,Bancaria,12,0.0,77505908.33333333,11,2289324.0,7045991.666666666
66,65 a 69,2021,Mujeres,Otros,Pasivos,Bancaria,12,0.0,66638769.0,9,2289324.0,7404307.666666667
67,65 a 69,2021,Hombres,Vejez,Pasivos,Bancaria,12,0.0,693067677.75,63,2289324.0,11001074.25
67,65 a 69,2021,Hombres,Invalidez,Pasivos,Bancaria,12,0.0,10879527.0,2,2289324.0,5439763.5
67,65 a 69,2021,Hombres,Pensión/Sobrevivencia,Pasivos,Bancaria,12,0.0,20521167.0,3,2289324.0,6840389.0
67,65 a 69,2021,Hombres,Otros,Pasivos,Bancaria,12,0.0,215855283.3333333,24,2289324.0,8993970.138888888
67,65 a 69,2021,Mujeres,Vejez,Pasivos,Bancaria,12,0.0,204511598.25,14,2289324.0,14607971.30357143
67,65 a 69,2021,Mujeres,Invalidez,Pasivos,Bancaria,12,0.0,8835845.0,2,2289324.0,4417922.5
67,65 a 69,2021,Mujeres,Pensión/Sobrevivencia,Pasivos,Bancaria,12,0.0,54249203.0,10,2289324.0,5424920.3
67,65 a 69,2021,Mujeres,Otros,Pasivos,Bancaria,12,0.0,98689739.0,11,2289324.0,8971794.454545455
68,65 a 69,2021,Hombres,Vejez,Pasivos,Bancaria,12,0.0,632109925.3333334,57,2289324.0,11089647.812865498
68,65 a 69,2021,Hombres,Invalidez,Pasivos,Bancaria,12,0.0,5327601.25,2,2289324.0,2663800.625
68,65 a 69,2021,Hombres,Pensión/Sobrevivencia,Pasivos,Bancaria,12,0.0,15991967.0,3,2289324.0,5330655.666666667
68,65 a 69,2021,Hombres,Otros,Pasivos,Bancaria,12,0.0,208142428.66666666,23,2289324.0,9049670.811594203
68,65 a 69,2021,Mujeres,Vejez,Pasivos,Bancaria,12,0.0,143603575.0,13,2289324.0,11046428.846153846
68,65 a 69,2021,Mujeres,Invalidez,Pasivos,Bancaria,12,0.0,19855718.416666664,4,2289324.0,4963929.604166666
68,65 a 69,2021,Mujeres,Pensión/Sobrevivencia,Pasivos,Bancaria,12,0.0,90559209.08333333,16,2289324.0,5659950.567708333
68,65 a 69,2021,Mujeres,Otros,Pasivos,Bancaria,12,0.0,109141901.0,13,2289324.0,8395530.846153846
69,65 a 69,2021,Hombres,Vejez,Pasivos,Bancaria,12,0.0,632825564.1666667,63,2289324.0,10044850.224867726
69,65 a 69,2021,Hombres,Invalidez,Pasivos,Bancaria,12,0.0,1363942.3333333333,1,2289324.0,1363942.3333333333
69,65 a 69,2021,Hombres,Pensión/Sobrevivencia,Pasivos,Bancaria,12,0.0,5829707.0,1,2289324.0,5829707.0
69,65 a 69,2021,Hombres,Otros,Pasivos,Bancaria,12,0.0,159956531.0,18,2289324.0,8886473.944444444
69,65 a 69,2021,Mujeres,Vejez,Pasivos,Bancaria,12,0.0,132442938.0,14,2289324.0,9460209.857142856
69,65 a 69,2021,Mujeres,Invalidez,Pasivos,Bancaria,12,0.0,13442648.0,1,2289324.0,13442648.0
69,65 a 69,2021,Mujeres,Pensión/Sobrevivencia,Pasivos,Bancaria,12,0.0,73245541.50000001,13,2289324.0,5634272.423076924
69,65 a 69,2021,Mujeres,Otros,Pasivos,Bancaria,12,0.0,130523743.0,17,2289324.0,7677867.235294118
70,70 a 74,2021,Hombres,Vejez,Pasivos,Bancaria,12,0.0,586295410.8333334,58,2289324.0,10108541.566091955
70,70 a 74,2021,Hombres,Invalidez,Pasivos,Bancaria,12,0.0,746498.75,1,2289324.0,746498.75
70,70 a 74,2021,Hombres,Pensión/Sobrevivencia,Pasivos,Bancaria,12,0.0,6525685.0,2,2289324.0,3262842.5
70,70 a 74,2021,Hombres,Otros,Pasivos,Bancaria,12,0.0,105339167.66666666,13,2289324.0,8103012.897435897
70,70 a 74,2021,Mujeres,Vejez,Pasivos,Bancaria,12,0.0,178530912.0,19,2289324.0,9396363.789473685
70,70 a 74,2021,Mujeres,Pensión/Sobrevivencia,Pasivos,Bancaria,12,0.0,71559379.41666666,13,2289324.0,5504567.647435897
70,70 a 74,2021,Mujeres,Otros,Pasivos,Bancaria,12,0.0,27478009.0,5,2289324.0,5495601.8
71,70 a 74,2021,Hombres,Vejez,Pasivos,Bancaria,12,0.0,630072611.0,68,2289324.0,9265773.69117647
71,70 a 74,2021,Hombres,Invalidez,Pasivos,Bancaria,12,0.0,13060327.0,2,2289324.0,6530163.5
71,70 a 74,2021,Hombres,Pensión/Sobrevivencia,Pasivos,Bancaria,12,0.0,11349405.0,3,2289324.0,3783135.0
71,70 a 74,2021,Hombres,Otros,Pasivos,Bancaria,12,0.0,82022267.0,11,2289324.0,7456569.7272727275
71,70 a 74,2021,Mujeres,Vejez,Pasivos,Bancaria,12,0.0,178202704.0,19,2289324.0,9379089.684210526
71,70 a 74,2021,Mujeres,Invalidez,Pasivos,Bancaria,12,0.0,4091827.0,1,2289324.0,4091827.0
71,70 a 74,2021,Mujeres,Pensión/Sobrevivencia,Pasivos,Bancaria,12,0.0,98092048.33333334,21,2289324.0,4671049.920634921
71,70 a 74,2021,Mujeres,Otros,Pasivos,Bancaria,12,0.0,32172497.0,4,2289324.0,8043124.25
72,70 a 74,2021,Hombres,Vejez,Pasivos,Bancaria,12,0.0,455469071.0,51,2289324.0,8930766.098039215
72,70 a 74,2021,Hombres,Invalidez,Pasivos,Bancaria,12,0.0,5962707.0,2,2289324.0,2981353.5
72,70 a 74,2021,Hombres,Otros,Pasivos,Bancaria,12,0.0,60834237.66666667,7,2289324.0,8690605.380952382
72,70 a 74,2021,Mujeres,Vejez,Pasivos,Bancaria,12,0.0,124916569.25,13,2289324.0,9608966.865384616
72,70 a 74,2021,Mujeres,Invalidez,Pasivos,Bancaria,12,0.0,4177553.0,1,2289324.0,4177553.0
72,70 a 74,2021,Mujeres,Pensión/Sobrevivencia,Pasivos,Bancaria,12,0.0,101054677.0,16,2289324.0,6315917.3125
72,70 a 74,2021,Mujeres,Otros,Pasivos,Bancaria,12,0.0,4928963.0,1,2289324.0,4928963.0
73,70 a 74,2021,Hombres,Vejez,Pasivos,Bancaria,12,0.0,512676777.6666667,51,2289324.0,10052485.836601308
73,70 a 74,2021,Hombres,Otros,Pasivos,Bancaria,12,0.0,37342199.0,5,2289324.0,7468439.8
73,70 a 74,2021,Mujeres,Vejez,Pasivos,Bancaria,12,0.0,162158847.75,17,2289324.0,9538755.75
73,70 a 74,2021,Mujeres,Invalidez,Pasivos,Bancaria,12,0.0,6518679.666666666,2,2289324.0,3259339.833333333
73,70 a 74,2021,Mujeres,Pensión/Sobrevivencia,Pasivos,Bancaria,12,0.0,111540885.0,21,2289324.0,5311470.714285715
73,70 a 74,2021,Mujeres,Otros,Pasivos,Bancaria,12,0.0,38405176.0,6,2289324.0,6400862.666666667
74,70 a 74,2021,Hombres,Vejez,Pasivos,Bancaria,12,0.0,304014215.25,36,2289324.0,8444839.3125
74,70 a 74,2021,Hombres,Pensión/Sobrevivencia,Pasivos,Bancaria,12,0.0,9066817.0,1,2289324.0,9066817.0
74,70 a 74,2021,Hombres,Otros,Pasivos,Bancaria,12,0.0,27103555.0,4,2289324.0,6775888.75
74,70 a 74,2021,Mujeres,Vejez,Pasivos,Bancaria,12,0.0,111450205.0,12,2289324.0,9287517.083333334
74,70 a 74,2021,Mujeres,Pensión/Sobrevivencia,Pasivos,Bancaria,12,0.0,117710540.0,26,2289324.0,4527328.461538462
74,70 a 74,2021,Mujeres,Otros,Pasivos,Bancaria,12,0.0,10884510.0,2,2289324.0,5442255.0
75,75 a 79,2021,Hombres,Vejez,Pasivos,Bancaria,12,0.0,275872517.5,33,2289324.0,8359773.257575758
75,75 a 79,2021,Hombres,Invalidez,Pasivos,Bancaria,12,0.0,21727168.25,3,2289324.0,7242389.416666667
75,75 a 79,2021,Hombres,Pensión/Sobrevivencia,Pasivos,Bancaria,12,0.0,3604546.0,1,2289324.0,3604546.0
75,75 a 79,2021,Hombres,Otros,Pasivos,Bancaria,12,0.0,26120500.0,4,2289324.0,6530125.0
75,75 a 79,2021,Mujeres,Vejez,Pasivos,Bancaria,12,0.0,98559973.25,13,2289324.0,7581536.403846154
75,75 a 79,2021,Mujeres,Pensión/Sobrevivencia,Pasivos,Bancaria,12,0.0,94633741.0,17,2289324.0,5566690.647058823
75,75 a 79,2021,Mujeres,Otros,Pasivos,Bancaria,12,0.0,23762291.0,4,2289324.0,5940572.75
76,75 a 79,2021,Hombres,Vejez,Pasivos,Bancaria,12,0.0,297919036.3333334,38,2289324.0,7839974.640350878
76,75 a 79,2021,Hombres,Pensión/Sobrevivencia,Pasivos,Bancaria,12,0.0,8675515.0,2,2289324.0,4337757.5
76,75 a 79,2021,Hombres,Otros,Pasivos,Bancaria,12,0.0,23603026.0,4,2289324.0,5900756.5
76,75 a 79,2021,Mujeres,Vejez,Pasivos,Bancaria,12,0.0,49613673.0,7,2289324.0,7087667.571428572
76,75 a 79,2021,Mujeres,Invalidez,Pasivos,Bancaria,12,0.0,4457084.0,1,2289324.0,4457084.0
76,75 a 79,2021,Mujeres,Pensión/Sobrevivencia,Pasivos,Bancaria,12,0.0,78979330.75,18,2289324.0,4387740.597222222
76,75 a 79,2021,Mujeres,Otros,Pasivos,Bancaria,12,0.0,11275669.0,2,2289324.0,5637834.5
77,75 a 79,2021,Hombres,Vejez,Pasivos,Bancaria,12,0.0,325684631.0,42,2289324.0,7754395.976190476
77,75 a 79,2021,Hombres,Invalidez,Pasivos,Bancaria,12,0.0,20238434.0,3,2289324.0,6746144.666666667
77,75 a 79,2021,Hombres,Pensión/Sobrevivencia,Pasivos,Bancaria,12,0.0,3068872.0,1,2289324.0,3068872.0
77,75 a 79,2021,Hombres,Otros,Pasivos,Bancaria,12,0.0,17293606.666666668,3,2289324.0,5764535.555555556
77,75 a 79,2021,Mujeres,Vejez,Pasivos,Bancaria,12,0.0,138417104.0,16,2289324.0,8651069.0
77,75 a 79,2021,Mujeres,Pensión/Sobrevivencia,Pasivos,Bancaria,12,0.0,118213494.5,24,2289324.0,4925562.270833333
78,75 a 79,2021,Hombres,Vejez,Pasivos,Bancaria,12,0.0,258574083.0,37,2289324.0,6988488.72972973
78,75 a 79,2021,Hombres,Pensión/Sobrevivencia,Pasivos,Bancaria,12,0.0,7458573.0,2,2289324.0,3729286.5
78,75 a 79,2021,Mujeres,Vejez,Pasivos,Bancaria,12,0.0,53349762.0,8,2289324.0,6668720.25
78,75 a 79,2021,Mujeres,Pensión/Sobrevivencia,Pasivos,Bancaria,12,0.0,58423004.66666667,13,2289324.0,4494077.282051282
79,75 a 79,2021,Hombres,Vejez,Pasivos,Bancaria,12,0.0,146615018.6666667,21,2289324.0,6981667.555555557
79,75 a 79,2021,Hombres,Otros,Pasivos,Bancaria,12,0.0,7311520.0,1,2289324.0,7311520.0
79,75 a 79,2021,Mujeres,Vejez,Pasivos,Bancaria,12,0.0,111004252.83333334,16,2289324.0,6937765.802083334
79,75 a 79,2021,Mujeres,Pensión/Sobrevivencia,Pasivos,Bancaria,12,0.0,57593022.25,11,2289324.0,5235729.295454546
79,75 a 79,2021,Mujeres,Otros,Pasivos,Bancaria,12,0.0,11150574.0,2,2289324.0,5575287.0
80,80 a 84,2021,Hombres,Vejez,Pasivos,Bancaria,12,0.0,154596213.25,22,2289324.0,7027100.6022727275
80,80 a 84,2021,Hombres,Invalidez,Pasivos,Bancaria,12,0.0,3994541.0,1,2289324.0,3994541.0
80,80 a 84,2021,Hombres,Otros,Pasivos,Bancaria,12,0.0,3960240.0,1,2289324.0,3960240.0
80,80 a 84,2021,Mujeres,Vejez,Pasivos,Bancaria,12,0.0,18081281.0,3,2289324.0,6027093.666666667
80,80 a 84,2021,Mujeres,Pensión/Sobrevivencia,Pasivos,Bancaria,12,0.0,72956641.25,17,2289324.0,4291567.132352941
81,80 a 84,2021,Hombres,Vejez,Pasivos,Bancaria,12,0.0,183475917.1666667,26,2289324.0,7056766.044871796
81,80 a 84,2021,Hombres,Pensión/Sobrevivencia,Pasivos,Bancaria,12,0.0,7787485.0,2,2289324.0,3893742.5
81,80 a 84,2021,Mujeres,Vejez,Pasivos,Bancaria,12,0.0,21267211.0,3,2289324.0,7089070.333333333
81,80 a 84,2021,Mujeres,Pensión/Sobrevivencia,Pasivos,Bancaria,12,0.0,127454716.5,25,2289324.0,5098188.66
82,80 a 84,2021,Hombres,Vejez,Pasivos,Bancaria,12,0.0,194965157.83333334,27,2289324.0,7220931.771604938
82,80 a 84,2021,Hombres,Pensión/Sobrevivencia,Pasivos,Bancaria,12,0.0,4553158.75,1,2289324.0,4553158.75
82,80 a 84,2021,Mujeres,Vejez,Pasivos,Bancaria,12,0.0,22824075.0,3,2289324.0,7608025.0
82,80 a 84,2021,Mujeres,Pensión/Sobrevivencia,Pasivos,Bancaria,12,0.0,121718175.16666666,28,2289324.0,4347077.684523809
83,80 a 84,2021,Hombres,Vejez,Pasivos,Bancaria,12,0.0,133880568.91666666,22,2289324.0,6085480.40530303
83,80 a 84,2021,Hombres,Otros,Pasivos,Bancaria,12,0.0,5784621.0,1,2289324.0,5784621.0
83,80 a 84,2021,Mujeres,Vejez,Pasivos,Bancaria,12,0.0,29738679.0,4,2289324.0,7434669.75
83,80 a 84,2021,Mujeres,Pensión/Sobrevivencia,Pasivos,Bancaria,12,0.0,98530705.0,21,2289324.0,4691938.333333333
84,80 a 84,2021,Hombres,Vejez,Pasivos,Bancaria,12,0.0,131838198.66666667,23,2289324.0,5732095.594202898
84,80 a 84,2021,Hombres,Pensión/Sobrevivencia,Pasivos,Bancaria,12,0.0,7020925.0,1,2289324.0,7020925.0
84,80 a 84,2021,Mujeres,Vejez,Pasivos,Bancaria,12,0.0,18981520.0,3,2289324.0,6327173.333333333
84,80 a 84,2021,Mujeres,Invalidez,Pasivos,Bancaria,12,0.0,5055118.0,1,2289324.0,5055118.0
84,80 a 84,2021,Mujeres,Pensión/Sobrevivencia,Pasivos,Bancaria,12,0.0,114491610.91666667,27,2289324.0,4240430.033950618
85,85 y más,2021,Hombres,Vejez,Pasivos,Bancaria,12,0.0,142621473.25,24,2289324.0,5942561.385416667
85,85 y más,2021,Hombres,Pensión/Sobrevivencia,Pasivos,Bancaria,12,0.0,4711339.0,1,2289324.0,4711339.0
85,85 y más,2021,Hombres,Otros,Pasivos,Bancaria,12,0.0,13478108.0,2,2289324.0,6739054.0
85,85 y más,2021,Mujeres,Vejez,Pasivos,Bancaria,12,0.0,6949096.0,1,2289324.0,6949096.0
85,85 y más,2021,Mujeres,Pensión/Sobrevivencia,Pasivos,Bancaria,12,0.0,117160721.16666667,24,2289324.0,4881696.715277778
86,85 y más,2021,Hombres,Vejez,Pasivos,Bancaria,12,0.0,102088616.91666667,17,2289324.0,6005212.759803922
86,85 y más,2021,Mujeres,Vejez,Pasivos,Bancaria,12,0.0,7288364.0,1,2289324.0,7288364.0
86,85 y más,2021,Mujeres,Pensión/Sobrevivencia,Pasivos,Bancaria,12,0.0,114562231.41666667,25,2289324.0,4582489.256666667
87,85 y más,2021,Hombres,Vejez,Pasivos,Bancaria,12,0.0,99663426.16666666,16,2289324.0,6228964.135416666
87,85 y más,2021,Mujeres,Vejez,Pasivos,Bancaria,12,0.0,28121951.0,4,2289324.0,7030487.75
87,85 y más,2021,Mujeres,Pensión/Sobrevivencia,Pasivos,Bancaria,12,0.0,103060890.25,20,2289324.0,5153044.5125
88,85 y más,2021,Hombres,Vejez,Pasivos,Bancaria,12,0.0,95775102.5,18,2289324.0,5320839.027777778
88,85 y más,2021,Mujeres,Vejez,Pasivos,Bancaria,12,0.0,6829340.0,1,2289324.0,6829340.0
88,85 y más,2021,Mujeres,Pensión/Sobrevivencia,Pasivos,Bancaria,12,0.0,90795771.0,19,2289324.0,4778724.7894736845
89,85 y más,2021,Hombres,Vejez,Pasivos,Bancaria,12,0.0,60165309.25,10,2289324.0,6016530.925
89,85 y más,2021,Hombres,Otros,Pasivos,Bancaria,12,0.0,3784784.0,1,2289324.0,3784784.0
89,85 y más,2021,Mujeres,Vejez,Pasivos,Bancaria,12,0.0,20714988.0,3,2289324.0,6904996.0
89,85 y más,2021,Mujeres,Pensión/Sobrevivencia,Pasivos,Bancaria,12,0.0,111381689.0,25,2289324.0,4455267.56
90,85 y más,2021,Hombres,Vejez,Pasivos,Bancaria,12,0.0,107049172.91666666,19,2289324.0,5634166.995614034
90,85 y más,2021,Mujeres,Vejez,Pasivos,Bancaria,12,0.0,6219297.0,1,2289324.0,6219297.0
90,85 y más,2021,Mujeres,Pensión/Sobrevivencia,Pasivos,Bancaria,12,0.0,104069014.50000001,25,2289324.0,4162760.5800000005
90,85 y más,2021,Mujeres,Otros,Pasivos,Bancaria,12,0.0,2045913.5,1,2289324.0,2045913.5
91,85 y más,2021,Hombres,Vejez,Pasivos,Bancaria,12,0.0,58769394.833333336,10,2289324.0,5876939.483333333
91,85 y más,2021,Mujeres,Vejez,Pasivos,Bancaria,12,0.0,6326145.0,1,2289324.0,6326145.0
91,85 y más,2021,Mujeres,Pensión/Sobrevivencia,Pasivos,Bancaria,12,0.0,58309631.75,14,2289324.0,4164973.6964285714
92,85 y más,2021,Hombres,Vejez,Pasivos,Bancaria,12,0.0,47247446.833333336,9,2289324.0,5249716.314814815
92,85 y más,2021,Hombres,Pensión/Sobrevivencia,Pasivos,Bancaria,12,0.0,4785347.0,1,2289324.0,4785347.0
92,85 y más,2021,Hombres,Otros,Pasivos,Bancaria,12,0.0,5372844.0,1,2289324.0,5372844.0
92,85 y más,2021,Mujeres,Vejez,Pasivos,Bancaria,12,0.0,6271050.0,1,2289324.0,6271050.0
92,85 y más,2021,Mujeres,Pensión/Sobrevivencia,Pasivos,Bancaria,12,0.0,88268493.16666666,20,2289324.0,4413424.658333333
93,85 y más,2021,Hombres,Vejez,Pasivos,Bancaria,12,0.0,62868584.75,12,2289324.0,5239048.729166667
93,85 y más,2021,Hombres,Invalidez,Pasivos,Bancaria,12,0.0,303583.0833333333,1,2289324.0,303583.0833333333
93,85 y más,2021,Mujeres,Pensión/Sobrevivencia,Pasivos,Bancaria,12,0.0,62311797.0,14,2289324.0,4450842.642857143
94,85 y más,2021,Hombres,Vejez,Pasivos,Bancaria,12,0.0,36400720.75,7,2289324.0,5200102.964285715
94,85 y más,2021,Mujeres,Pensión/Sobrevivencia,Pasivos,Bancaria,12,0.0,9883526.083333334,4,2289324.0,2470881.5208333335
95,85 y más,2021,Hombres,Vejez,Pasivos,Bancaria,12,0.0,23113298.0,4,2289324.0,5778324.5
95,85 y más,2021,Mujeres,Pensión/Sobrevivencia,Pasivos,Bancaria,12,0.0,44058810.0,11,2289324.0,4005346.3636363638
96,85 y más,2021,Hombres,Vejez,Pasivos,Bancaria,12,0.0,6360188.0,1,2289324.0,6360188.0
96,85 y más,2021,Mujeres,Pensión/Sobrevivencia,Pasivos,Bancaria,12,0.0,33156643.0,7,2289324.0,4736663.285714285
97,85 y más,2021,Hombres,Vejez,Pasivos,Bancaria,12,0.0,6853126.666666667,2,2289324.0,3426563.3333333335
97,85 y más,2021,Mujeres,Pensión/Sobrevivencia,Pasivos,Bancaria,12,0.0,11360883.583333334,4,2289324.0,2840220.8958333335
98,85 y más,2021,Mujeres,Pensión/Sobrevivencia,Pasivos,Bancaria,12,0.0,18176206.0,4,2289324.0,4544051.5
99,85 y más,2021,Hombres,Vejez,Pasivos,Bancaria,12,0.0,3501310.583333333,2,2289324.0,1750655.2916666665
99,85 y más,2021,Mujeres,Pensión/Sobrevivencia,Pasivos,Bancaria,12,0.0,10392447.0,3,2289324.0,3464149.0
100,85 y más,2021,Mujeres,Pensión/Sobrevivencia,Pasivos,Bancaria,12,0.0,23120924.0,4,2289324.0,5780231.0
20,20 a 24,2022,Hombres,Activos,Activos,Ande,12,1445913.9,14459139.0,2,2550307.0,7229569.5
21,20 a 24,2022,Hombres,Activos,Activos,Ande,12,1499479.3,14994793.0,2,2550307.0,7497396.5
22,20 a 24,2022,Hombres,Activos,Activos,Ande,12,4467543.800000001,44675438.0,9,2550307.0,4963937.555555556
22,20 a 24,2022,Mujeres,Activos,Activos,Ande,12,765760.0,7657600.0,1,2550307.0,7657600.0
23,20 a 24,2022,Hombres,Activos,Activos,Ande,12,15070231.900000002,150702319.0,19,2550307.0,7931701.0
23,20 a 24,2022,Mujeres,Activos,Activos,Ande,12,686797.2000000001,6867972.0,3,2550307.0,2289324.0
24,20 a 24,2022,Hombres,Activos,Activos,Ande,12,10340682.9,103406829.0,15,2550307.0,6893788.6
24,20 a 24,2022,Mujeres,Activos,Activos,Ande,12,1330967.4,13309674.0,3,2550307.0,4436558.0
25,25 a 29,2022,Hombres,Activos,Activos,Ande,12,21366727.599999998,213667276.0,28,2550307.0,7630974.142857143
25,25 a 29,2022,Mujeres,Activos,Activos,Ande,12,5480699.4,54806994.0,10,2550307.0,5480699.4
26,25 a 29,2022,Hombres,Activos,Activos,Ande,12,24785344.799999997,247853448.0,35,2550307.0,7081527.085714285
26,25 a 29,2022,Mujeres,Activos,Activos,Ande,12,6708058.4,67080584.0,13,2550307.0,5160044.923076923
27,25 a 29,2022,Hombres,Activos,Activos,Ande,12,34841894.1,348418941.0,47,2550307.0,7413168.957446809
27,25 a 29,2022,Mujeres,Activos,Activos,Ande,12,7137688.600000001,71376886.0,9,2550307.0,7930765.111111111
28,25 a 29,2022,Hombres,Activos,Activos,Ande,12,57337689.599999994,573376896.0,65,2550307.0,8821183.015384614
28,25 a 29,2022,Mujeres,Activos,Activos,Ande,12,8682823.3,86828233.0,11,2550307.0,7893475.7272727275
29,25 a 29,2022,Hombres,Activos,Activos,Ande,12,76536348.2,765363482.0,84,2550307.0,9111470.023809524
29,25 a 29,2022,Mujeres,Activos,Activos,Ande,12,16984767.799999997,169847678.0,21,2550307.0,8087984.666666667
30,30 a 34,2022,Hombres,Activos,Activos,Ande,12,80535303.00000001,805353030.0,90,2550307.0,8948367.0
30,30 a 34,2022,Mujeres,Activos,Activos,Ande,12,17743610.700000003,177436107.0,21,2550307.0,8449338.42857143
31,30 a 34,2022,Hombres,Activos,Activos,Ande,12,114978224.50000001,1149782245.0,120,2550307.0,9581518.708333334
31,30 a 34,2022,Mujeres,Activos,Activos,Ande,12,30720020.4,307200204.0,35,2550307.0,8777148.685714286
32,30 a 34,2022,Hombres,Activos,Activos,Ande,12,94118165.59999993,941181656.0,96,2550307.0,9803975.583333334
32,30 a 34,2022,Mujeres,Activos,Activos,Ande,12,26146846.199999996,261468462.0,32,2550307.0,8170889.4375
33,30 a 34,2022,Hombres,Activos,Activos,Ande,12,96061304.5,960613045.0,100,2550307.0,9606130.45
33,30 a 34,2022,Mujeres,Activos,Activos,Ande,12,26164041.4,261640414.0,28,2550307.0,9344300.5
34,30 a 34,2022,Hombres,Activos,Activos,Ande,12,119058590.40000004,1190585904.0,114,2550307.0,10443736.0
34,30 a 34,2022,Mujeres,Activos,Activos,Ande,12,29751903.3,297519033.0,33,2550307.0,9015728.272727273
35,35 a 39,2022,Hombres,Activos,Activos,Ande,12,99583489.50000003,995834895.0,92,2550307.0,10824292.336956521
35,35 a 39,2022,Mujeres,Activos,Activos,Ande,12,33725605.6,337256056.0,34,2550307.0,9919295.764705881
36,35 a 39,2022,Hombres,Activos,Activos,Ande,12,114631212.99999999,1146312130.0,105,2550307.0,10917258.38095238
36,35 a 39,2022,Mujeres,Activos,Activos,Ande,12,33959828.199999996,339598282.0,36,2550307.0,9433285.611111112
37,35 a 39,2022,Hombres,Activos,Activos,Ande,12,112876723.40000002,1128767234.0,107,2550307.0,10549226.485981308
37,35 a 39,2022,Mujeres,Activos,Activos,Ande,12,35873646.199999996,358736462.0,34,2550307.0,10551072.411764706
38,35 a 39,2022,Hombres,Activos,Activos,Ande,12,140883676.40000004,1408836764.0,122,2550307.0,11547842.327868853
38,35 a 39,2022,Mujeres,Activos,Activos,Ande,12,36294222.699999996,362942227.0,39,2550307.0,9306210.948717948
39,35 a 39,2022,Hombres,Activos,Activos,Ande,12,155297904.3,1552979043.0,135,2550307.0,11503548.466666667
39,35 a 39,2022,Mujeres,Activos,Activos,Ande,12,37055957.6,370559576.0,31,2550307.0,11953534.709677419
40,40 a 44,2022,Hombres,Activos,Activos,Ande,12,145783953.6999999,1457839537.0,120,2550307.0,12148662.808333334
40,40 a 44,2022,Mujeres,Activos,Activos,Ande,12,37658593.699999996,376585937.0,38,2550307.0,9910156.236842105
41,40 a 44,2022,Hombres,Activos,Activos,Ande,12,134196139.30000003,1341961393.0,105,2550307.0,12780584.695238095
41,40 a 44,2022,Mujeres,Activos,Activos,Ande,12,41374730.300000004,413747303.0,38,2550307.0,10888086.921052631
42,40 a 44,2022,Hombres,Activos,Activos,Ande,12,151139849.1000001,1511398491.0,127,2550307.0,11900775.51968504
42,40 a 44,2022,Mujeres,Activos,Activos,Ande,12,47836696.900000006,478366969.0,37,2550307.0,12928837.0
43,40 a 44,2022,Hombres,Activos,Activos,Ande,12,174286829.00000015,1742868290.0,134,2550307.0,13006479.776119404
43,40 a 44,2022,Mujeres,Activos,Activos,Ande,12,34827171.699999996,348271717.0,30,2550307.0,11609057.233333332
44,40 a 44,2022,Hombres,Activos,Activos,Ande,12,140228234.0,1402282340.0,107,2550307.0,13105442.429906541
44,40 a 44,2022,Mujeres,Activos,Activos,Ande,12,42692808.00000001,426928080.0,36,2550307.0,11859113.333333334
45,45 a 49,2022,Hombres,Activos,Activos,Ande,12,164700511.90000004,1647005119.0,114,2550307.0,14447413.324561404
45,45 a 49,2022,Mujeres,Activos,Activos,Ande,12,46214066.199999996,462140662.0,33,2550307.0,14004262.484848484
46,45 a 49,2022,Hombres,Activos,Activos,Ande,12,123315310.20000003,1233153102.0,88,2550307.0,14013103.431818182
46,45 a 49,2022,Mujeres,Activos,Activos,Ande,12,42720873.60000001,427208736.0,30,2550307.0,14240291.2
47,45 a 49,2022,Hombres,Activos,Activos,Ande,12,126919429.20000002,1269194292.0,91,2550307.0,13947190.021978023
47,45 a 49,2022,Mujeres,Activos,Activos,Ande,12,33104158.1,331041581.0,29,2550307.0,11415226.931034483
48,45 a 49,2022,Hombres,Activos,Activos,Ande,12,152679854.2,1526798542.0,117,2550307.0,13049560.188034188
48,45 a 49,2022,Mujeres,Activos,Activos,Ande,12,44721438.0,447214380.0,29,2550307.0,15421185.51724138
49,45 a 49,2022,Hombres,Activos,Activos,Ande,12,150291010.30000004,1502910103.0,101,2550307.0,14880298.04950495
49,45 a 49,2022,Mujeres,Activos,Activos,Ande,12,28199915.299999997,281999153.0,20,2550307.0,14099957.65
50,50 a 54,2022,Hombres,Activos,Activos,Ande,12,129044506.20000003,1290445062.0,88,2550307.0,14664148.431818182
50,50 a 54,2022,Mujeres,Activos,Activos,Ande,12,42162186.4,421621864.0,30,2550307.0,14054062.133333333
51,50 a 54,2022,Hombres,Activos,Activos,Ande,12,126631175.79999998,1266311758.0,85,2550307.0,14897785.388235293
51,50 a 54,2022,Mujeres,Activos,Activos,Ande,12,39776826.0,397768260.0,24,2550307.0,16573677.5
52,50 a 54,2022,Hombres,Activos,Activos,Ande,12,165893814.99999994,1658938150.0,108,2550307.0,15360538.425925925
52,50 a 54,2022,Mujeres,Activos,Activos,Ande,12,29425694.300000004,294256943.0,24,2550307.0,12260705.958333334
53,50 a 54,2022,Hombres,Activos,Activos,Ande,12,173881240.9000001,1738812409.0,113,2550307.0,15387720.433628319
53,50 a 54,2022,Mujeres,Activos,Activos,Ande,12,39051129.6,390511296.0,28,2550307.0,13946832.0
54,50 a 54,2022,Hombres,Activos,Activos,Ande,12,164090353.39999998,1640903534.0,101,2550307.0,16246569.643564356
54,50 a 54,2022,Mujeres,Activos,Activos,Ande,12,37097863.1,370978631.0,27,2550307.0,13739949.296296297
55,55 a 59,2022,Hombres,Activos,Activos,Ande,12,201818485.39999995,2018184854.0,125,2550307.0,16145478.832
55,55 a 59,2022,Mujeres,Activos,Activos,Ande,12,24018348.100000005,240183481.0,21,2550307.0,11437308.61904762
56,55 a 59,2022,Hombres,Activos,Activos,Ande,12,205394676.0,2053946760.0,127,2550307.0,16172809.133858267
56,55 a 59,2022,Mujeres,Activos,Activos,Ande,12,44781495.49999999,447814955.0,28,2550307.0,15993391.25
57,55 a 59,2022,Hombres,Activos,Activos,Ande,12,228120099.00000006,2281200990.0,132,2550307.0,17281825.681818184
57,55 a 59,2022,Mujeres,Activos,Activos,Ande,12,35352241.0,353522410.0,24,2550307.0,14730100.416666666
58,55 a 59,2022,Hombres,Activos,Activos,Ande,12,232493360.49999994,2324933605.0,128,2550307.0,18163543.7890625
58,55 a 59,2022,Mujeres,Activos,Activos,Ande,12,41650072.60000001,416500726.0,28,2550307.0,14875025.92857143
59,55 a 59,2022,Hombres,Activos,Activos,Ande,12,227983169.09999993,2279831691.0,137,2550307.0,16641107.233576642
59,55 a 59,2022,Mujeres,Activos,Activos,Ande,12,45497430.3,454974303.0,26,2550307.0,17499011.653846152
60,60 a 64,2022,Hombres,Activos,Activos,Ande,12,80667464.49999999,806674645.0,51,2550307.0,15817149.901960785
60,60 a 64,2022,Mujeres,Activos,Activos,Ande,12,11559769.1,115597691.0,9,2550307.0,12844187.888888888
61,60 a 64,2022,Hombres,Activos,Activos,Ande,12,29834804.8,298348048.0,27,2550307.0,11049927.703703703
61,60 a 64,2022,Mujeres,Activos,Activos,Ande,12,1590966.6,15909666.0,2,2550307.0,7954833.0
62,60 a 64,2022,Hombres,Activos,Activos,Ande,12,34398409.7,343984097.0,28,2550307.0,12285146.32142857
62,60 a 64,2022,Mujeres,Activos,Activos,Ande,12,3633914.7,36339147.0,4,2550307.0,9084786.75
63,60 a 64,2022,Hombres,Activos,Activos,Ande,12,26675535.6,266755356.0,24,2550307.0,11114806.5
63,60 a 64,2022,Mujeres,Activos,Activos,Ande,12,1246029.6,12460296.0,3,2550307.0,4153432.0
64,60 a 64,2022,Hombres,Activos,Activos,Ande,12,14927184.9,149271849.0,15,2550307.0,9951456.6
64,60 a 64,2022,Mujeres,Activos,Activos,Ande,12,1053664.8,10536648.0,3,2550307.0,3512216.0
65,65 a 69,2022,Hombres,Activos,Activos,Ande,12,15107452.2,151074522.0,16,2550307.0,9442157.625
65,65 a 69,2022,Mujeres,Activos,Activos,Ande,12,1509936.6,15099366.0,2,2550307.0,7549683.0
66,65 a 69,2022,Hombres,Activos,Activos,Ande,12,15895916.600000001,158959166.0,16,2550307.0,9934947.875
66,65 a 69,2022,Mujeres,Activos,Activos,Ande,12,1201178.4000000001,12011784.0,1,2550307.0,12011784.0
67,65 a 69,2022,Hombres,Activos,Activos,Ande,12,11274309.100000001,112743091.0,14,2550307.0,8053077.928571428
68,65 a 69,2022,Hombres,Activos,Activos,Ande,12,13744764.300000003,137447643.0,13,2550307.0,10572895.615384616
68,65 a 69,2022,Mujeres,Activos,Activos,Ande,12,228932.40000000002,2289324.0,1,2550307.0,2289324.0
69,65 a 69,2022,Hombres,Activos,Activos,Ande,12,7718141.500000001,77181415.0,9,2550307.0,8575712.777777778
69,65 a 69,2022,Mujeres,Activos,Activos,Ande,12,1325459.8,13254598.0,3,2550307.0,4418199.333333333
70,70 a 74,2022,Hombres,Activos,Activos,Ande,12,9853335.9,98533359.0,14,2550307.0,7038097.071428572
70,70 a 74,2022,Mujeres,Activos,Activos,Ande,12,457864.80000000005,4578648.0,2,2550307.0,2289324.0
71,70 a 74,2022,Hombres,Activos,Activos,Ande,12,4628770.200000001,46287702.0,5,2550307.0,9257540.4
71,70 a 74,2022,Mujeres,Activos,Activos,Ande,12,355359.10000000003,3553591.0,2,2550307.0,1776795.5
72,70 a 74,2022,Hombres,Activos,Activos,Ande,12,1515914.9,15159149.0,2,2550307.0,7579574.5
73,70 a 74,2022,Hombres,Activos,Activos,Ande,12,4292281.7,42922817.0,6,2550307.0,7153802.833333333
74,70 a 74,2022,Hombres,Activos,Activos,Ande,12,380397.60000000003,3803976.0,1,2550307.0,3803976.0
75,75 a 79,2022,Hombres,Activos,Activos,Ande,12,397009.10000000003,3970091.0,1,2550307.0,3970091.0
76,75 a 79,2022,Hombres,Activos,Activos,Ande,12,322892.4,3228924.0,1,2550307.0,3228924.0
77,75 a 79,2022,Hombres,Activos,Activos,Ande,12,837137.5,8371375.0,1,2550307.0,8371375.0
79,75 a 79,2022,Hombres,Activos,Activos,Ande,12,228932.40000000002,2289324.0,1,2550307.0,2289324.0
83,80 a 84,2022,Hombres,Activos,Activos,Ande,12,228932.40000000002,2289324.0,1,2550307.0,2289324.0
2,0 a 4,2022,Hombres,Pensión/Sobrevivencia,Pasivos,Ande,12,0.0,3959025.0,1,2550307.0,3959025.0
3,0 a 4,2022,Hombres,Pensión/Sobrevivencia,Pasivos,Ande,12,0.0,1184049.0,1,2550307.0,1184049.0
4,0 a 4,2022,Mujeres,Pensión/Sobrevivencia,Pasivos,Ande,12,0.0,3281290.0,1,2550307.0,3281290.0
6,5 a 9,2022,Hombres,Pensión/Sobrevivencia,Pasivos,Ande,12,0.0,8115860.0,3,2550307.0,2705286.6666666665
6,5 a 9,2022,Mujeres,Pensión/Sobrevivencia,Pasivos,Ande,12,0.0,2119212.0,2,2550307.0,1059606.0
7,5 a 9,2022,Hombres,Pensión/Sobrevivencia,Pasivos,Ande,12,0.0,1067110.0,1,2550307.0,1067110.0
7,5 a 9,2022,Mujeres,Pensión/Sobrevivencia,Pasivos,Ande,12,0.0,3313671.0,1,2550307.0,3313671.0
8,5 a 9,2022,Hombres,Pensión/Sobrevivencia,Pasivos,Ande,12,0.0,1184049.0,1,2550307.0,1184049.0
8,5 a 9,2022,Mujeres,Pensión/Sobrevivencia,Pasivos,Ande,12,0.0,11955797.0,2,2550307.0,5977898.5
9,5 a 9,2022,Hombres,Pensión/Sobrevivencia,Pasivos,Ande,12,0.0,1919872.0,2,2550307.0,959936.0
9,5 a 9,2022,Mujeres,Pensión/Sobrevivencia,Pasivos,Ande,12,0.0,5833621.0,1,2550307.0,5833621.0
10,10 a 14,2022,Hombres,Pensión/Sobrevivencia,Pasivos,Ande,12,0.0,1760319.0,1,2550307.0,1760319.0
10,10 a 14,2022,Mujeres,Pensión/Sobrevivencia,Pasivos,Ande,12,0.0,5398283.0,3,2550307.0,1799427.6666666667
11,10 a 14,2022,Hombres,Pensión/Sobrevivencia,Pasivos,Ande,12,0.0,1805042.0,1,2550307.0,1805042.0
11,10 a 14,2022,Mujeres,Pensión/Sobrevivencia,Pasivos,Ande,12,0.0,1649962.0,2,2550307.0,824981.0
12,10 a 14,2022,Hombres,Pensión/Sobrevivencia,Pasivos,Ande,12,0.0,4853950.0,2,2550307.0,2426975.0
12,10 a 14,2022,Mujeres,Pensión/Sobrevivencia,Pasivos,Ande,12,0.0,3363761.0,2,2550307.0,1681880.5
13,10 a 14,2022,Hombres,Pensión/Sobrevivencia,Pasivos,Ande,12,0.0,4502166.0,3,2550307.0,1500722.0
13,10 a 14,2022,Mujeres,Pensión/Sobrevivencia,Pasivos,Ande,12,0.0,4404175.0,2,2550307.0,2202087.5
14,10 a 14,2022,Hombres,Pensión/Sobrevivencia,Pasivos,Ande,12,0.0,7950947.0,5,2550307.0,1590189.4
14,10 a 14,2022,Mujeres,Pensión/Sobrevivencia,Pasivos,Ande,12,0.0,8570974.0,6,2550307.0,1428495.6666666667
15,15 a 19,2022,Hombres,Pensión/Sobrevivencia,Pasivos,Ande,12,0.0,2019042.0,3,2550307.0,673014.0
15,15 a 19,2022,Mujeres,Pensión/Sobrevivencia,Pasivos,Ande,12,0.0,6619862.0,2,2550307.0,3309931.0
16,15 a 19,2022,Hombres,Pensión/Sobrevivencia,Pasivos,Ande,12,0.0,13265791.0,6,2550307.0,2210965.1666666665
16,15 a 19,2022,Mujeres,Pensión/Sobrevivencia,Pasivos,Ande,12,0.0,7558891.0,4,2550307.0,1889722.75
17,15 a 19,2022,Hombres,Pensión/Sobrevivencia,Pasivos,Ande,12,0.0,7833811.0,4,2550307.0,1958452.75
17,15 a 19,2022,Mujeres,Pensión/Sobrevivencia,Pasivos,Ande,12,0.0,10603964.0,5,2550307.0,2120792.8
18,15 a 19,2022,Hombres,Pensión/Sobrevivencia,Pasivos,Ande,12,0.0,8961089.0,4,2550307.0,2240272.25
18,15 a 19,2022,Mujeres,Pensión/Sobrevivencia,Pasivos,Ande,12,0.0,2579901.0,3,2550307.0,859967.0
19,15 a 19,2022,Hombres,Pensión/Sobrevivencia,Pasivos,Ande,12,0.0,13241256.0,8,2550307.0,1655157.0
19,15 a 19,2022,Mujeres,Pensión/Sobrevivencia,Pasivos,Ande,12,0.0,9448892.0,5,2550307.0,1889778.4
20,20 a 24,2022,Mujeres,Pensión/Sobrevivencia,Pasivos,Ande,12,0.0,7476052.0,2,2550307.0,3738026.0
21,20 a 24,2022,Hombres,Pensión/Sobrevivencia,Pasivos,Ande,12,0.0,983913.0,1,2550307.0,983913.0
21,20 a 24,2022,Mujeres,Pensión/Sobrevivencia,Pasivos,Ande,12,0.0,2806668.0,1,2550307.0,2806668.0
25,25 a 29,2022,Mujeres,Pensión/Sobrevivencia,Pasivos,Ande,12,0.0,1189712.0,1,2550307.0,1189712.0
27,25 a 29,2022,Mujeres,Pensión/Sobrevivencia,Pasivos,Ande,12,0.0,1428538.0,1,2550307.0,1428538.0
31,30 a 34,2022,Mujeres,Pensión/Sobrevivencia,Pasivos,Ande,12,0.0,616124.0,1,2550307.0,616124.0
32,30 a 34,2022,Mujeres,Pensión/Sobrevivencia,Pasivos,Ande,12,0.0,860932.0,1,2550307.0,860932.0
33,30 a 34,2022,Hombres,Pensión/Sobrevivencia,Pasivos,Ande,12,0.0,1173788.0,1,2550307.0,1173788.0
40,40 a 44,2022,Hombres,Pensión/Sobrevivencia,Pasivos,Ande,12,0.0,3417152.0,2,2550307.0,1708576.0
40,40 a 44,2022,Mujeres,Pensión/Sobrevivencia,Pasivos,Ande,12,0.0,931520.0,1,2550307.0,931520.0
41,40 a 44,2022,Mujeres,Pensión/Sobrevivencia,Pasivos,Ande,12,0.0,4164870.0,2,2550307.0,2082435.0
42,40 a 44,2022,Hombres,Pensión/Sobrevivencia,Pasivos,Ande,12,0.0,1681167.0,1,2550307.0,1681167.0
42,40 a 44,2022,Mujeres,Pensión/Sobrevivencia,Pasivos,Ande,12,0.0,1406526.0,1,2550307.0,1406526.0
43,40 a 44,2022,Hombres,Pensión/Sobrevivencia,Pasivos,Ande,12,0.0,3825428.0,1,2550307.0,3825428.0
43,40 a 44,2022,Mujeres,Pensión/Sobrevivencia,Pasivos,Ande,12,0.0,12275770.0,4,2550307.0,3068942.5
44,40 a 44,2022,Mujeres,Invalidez,Pasivos,Ande,12,0.0,2545011.0,1,2550307.0,2545011.0
44,40 a 44,2022,Mujeres,Pensión/Sobrevivencia,Pasivos,Ande,12,0.0,19354668.0,3,2550307.0,6451556.0
45,45 a 49,2022,Mujeres,Pensión/Sobrevivencia,Pasivos,Ande,12,0.0,13517493.0,5,2550307.0,2703498.6
46,45 a 49,2022,Mujeres,Pensión/Sobrevivencia,Pasivos,Ande,12,0.0,5463455.0,3,2550307.0,1821151.6666666667
47,45 a 49,2022,Hombres,Invalidez,Pasivos,Ande,12,0.0,3465411.0,1,2550307.0,3465411.0
47,45 a 49,2022,Hombres,Pensión/Sobrevivencia,Pasivos,Ande,12,0.0,1233019.0,1,2550307.0,1233019.0
47,45 a 49,2022,Mujeres,Invalidez,Pasivos,Ande,12,0.0,10347101.0,1,2550307.0,10347101.0
47,45 a 49,2022,Mujeres,Pensión/Sobrevivencia,Pasivos,Ande,12,0.0,13448466.0,3,2550307.0,4482822.0
48,45 a 49,2022,Hombres,Invalidez,Pasivos,Ande,12,0.0,3152337.0,1,2550307.0,3152337.0
48,45 a 49,2022,Mujeres,Invalidez,Pasivos,Ande,12,0.0,2904538.0,1,2550307.0,2904538.0
48,45 a 49,2022,Mujeres,Pensión/Sobrevivencia,Pasivos,Ande,12,0.0,12929433.0,5,2550307.0,2585886.6
49,45 a 49,2022,Hombres,Invalidez,Pasivos,Ande,12,0.0,15455266.0,1,2550307.0,15455266.0
49,45 a 49,2022,Mujeres,Pensión/Sobrevivencia,Pasivos,Ande,12,0.0,8626807.0,2,2550307.0,4313403.5
50,50 a 54,2022,Mujeres,Pensión/Sobrevivencia,Pasivos,Ande,12,0.0,14133397.0,3,2550307.0,4711132.333333333
51,50 a 54,2022,Hombres,Pensión/Sobrevivencia,Pasivos,Ande,12,0.0,1396885.0,1,2550307.0,1396885.0
51,50 a 54,2022,Mujeres,Pensión/Sobrevivencia,Pasivos,Ande,12,0.0,39365137.0,7,2550307.0,5623591.0
52,50 a 54,2022,Mujeres,Vejez,Pasivos,Ande,12,0.0,9271619.0,1,2550307.0,9271619.0
52,50 a 54,2022,Mujeres,Pensión/Sobrevivencia,Pasivos,Ande,12,0.0,17620275.0,4,2550307.0,4405068.75
53,50 a 54,2022,Hombres,Invalidez,Pasivos,Ande,12,0.0,8822167.0,1,2550307.0,8822167.0
53,50 a 54,2022,Hombres,Pensión/Sobrevivencia,Pasivos,Ande,12,0.0,1271925.0,1,2550307.0,1271925.0
53,50 a 54,2022,Mujeres,Invalidez,Pasivos,Ande,12,0.0,4572273.0,1,2550307.0,4572273.0
53,50 a 54,2022,Mujeres,Pensión/Sobrevivencia,Pasivos,Ande,12,0.0,56611792.0,13,2550307.0,4354753.230769231
54,50 a 54,2022,Hombres,Pensión/Sobrevivencia,Pasivos,Ande,12,0.0,2994401.0,1,2550307.0,2994401.0
54,50 a 54,2022,Mujeres,Vejez,Pasivos,Ande,12,0.0,7497122.0,1,2550307.0,7497122.0
54,50 a 54,2022,Mujeres,Invalidez,Pasivos,Ande,12,0.0,2076861.0,1,2550307.0,2076861.0
54,50 a 54,2022,Mujeres,Pensión/Sobrevivencia,Pasivos,Ande,12,0.0,22035988.0,7,2550307.0,3147998.285714286
55,55 a 59,2022,Hombres,Pensión/Sobrevivencia,Pasivos,Ande,12,0.0,11250242.0,1,2550307.0,11250242.0
55,55 a 59,2022,Mujeres,Invalidez,Pasivos,Ande,12,0.0,2977245.0,1,2550307.0,2977245.0
55,55 a 59,2022,Mujeres,Pensión/Sobrevivencia,Pasivos,Ande,12,0.0,27778335.0,6,2550307.0,4629722.5
56,55 a 59,2022,Hombres,Vejez,Pasivos,Ande,12,0.0,29993839.0,4,2550307.0,7498459.75
56,55 a 59,2022,Hombres,Invalidez,Pasivos,Ande,12,0.0,19945984.0,2,2550307.0,9972992.0
56,55 a 59,2022,Mujeres,Pensión/Sobrevivencia,Pasivos,Ande,12,0.0,53424087.0,12,2550307.0,4452007.25
57,55 a 59,2022,Hombres,Vejez,Pasivos,Ande,12,0.0,14685163.0,3,2550307.0,4895054.333333333
57,55 a 59,2022,Hombres,Invalidez,Pasivos,Ande,12,0.0,23655505.0,3,2550307.0,7885168.333333333
57,55 a 59,2022,Mujeres,Vejez,Pasivos,Ande,12,0.0,4606111.0,1,2550307.0,4606111.0
57,55 a 59,2022,Mujeres,Invalidez,Pasivos,Ande,12,0.0,6099912.0,2,2550307.0,3049956.0
57,55 a 59,2022,Mujeres,Pensión/Sobrevivencia,Pasivos,Ande,12,0.0,67437044.0,15,2550307.0,4495802.933333334
58,55 a 59,2022,Hombres,Vejez,Pasivos,Ande,12,0.0,30213724.0,4,2550307.0,7553431.0
58,55 a 59,2022,Hombres,Invalidez,Pasivos,Ande,12,0.0,8918621.0,1,2550307.0,8918621.0
58,55 a 59,2022,Hombres,Pensión/Sobrevivencia,Pasivos,Ande,12,0.0,1707562.0,1,2550307.0,1707562.0
58,55 a 59,2022,Mujeres,Vejez,Pasivos,Ande,12,0.0,16211405.0,2,2550307.0,8105702.5
58,55 a 59,2022,Mujeres,Pensión/Sobrevivencia,Pasivos,Ande,12,0.0,78002375.0,19,2550307.0,4105388.1578947366
59,55 a 59,2022,Hombres,Vejez,Pasivos,Ande,12,0.0,52681736.0,7,2550307.0,7525962.285714285
59,55 a 59,2022,Hombres,Invalidez,Pasivos,Ande,12,0.0,2752524.0,1,2550307.0,2752524.0
59,55 a 59,2022,Hombres,Pensión/Sobrevivencia,Pasivos,Ande,12,0.0,1365189.0,1,2550307.0,1365189.0
59,55 a 59,2022,Mujeres,Vejez,Pasivos,Ande,12,0.0,11508287.0,1,2550307.0,11508287.0
59,55 a 59,2022,Mujeres,Pensión/Sobrevivencia,Pasivos,Ande,12,0.0,114379753.0,27,2550307.0,4236287.148148148
60,60 a 64,2022,Hombres,Vejez,Pasivos,Ande,12,0.0,956862688.0,85,2550307.0,11257208.094117647
60,60 a 64,2022,Hombres,Invalidez,Pasivos,Ande,12,0.0,16485177.0,4,2550307.0,4121294.25
60,60 a 64,2022,Hombres,Otros,Pasivos,Ande,12,0.0,7637985.0,2,2550307.0,3818992.5
60,60 a 64,2022,Mujeres,Vejez,Pasivos,Ande,12,0.0,153712681.0,17,2550307.0,9041922.411764706
60,60 a 64,2022,Mujeres,Pensión/Sobrevivencia,Pasivos,Ande,12,0.0,73050871.0,13,2550307.0,5619297.769230769
61,60 a 64,2022,Hombres,Vejez,Pasivos,Ande,12,0.0,1332143733.0,124,2550307.0,10743094.620967742
61,60 a 64,2022,Hombres,Invalidez,Pasivos,Ande,12,0.0,24392269.0,3,2550307.0,8130756.333333333
61,60 a 64,2022,Mujeres,Vejez,Pasivos,Ande,12,0.0,173063507.0,20,2550307.0,8653175.35
61,60 a 64,2022,Mujeres,Pensión/Sobrevivencia,Pasivos,Ande,12,0.0,71963656.0,19,2550307.0,3787560.8421052634
62,60 a 64,2022,Hombres,Vejez,Pasivos,Ande,12,0.0,1187625847.0,123,2550307.0,9655494.69105691
62,60 a 64,2022,Hombres,Invalidez,Pasivos,Ande,12,0.0,2877720.0,1,2550307.0,2877720.0
62,60 a 64,2022,Hombres,Otros,Pasivos,Ande,12,0.0,6507627.0,1,2550307.0,6507627.0
62,60 a 64,2022,Mujeres,Vejez,Pasivos,Ande,12,0.0,114433227.0,15,2550307.0,7628881.8
62,60 a 64,2022,Mujeres,Invalidez,Pasivos,Ande,12,0.0,2167233.0,1,2550307.0,2167233.0
62,60 a 64,2022,Mujeres,Pensión/Sobrevivencia,Pasivos,Ande,12,0.0,88957640.0,21,2550307.0,4236078.095238095
63,60 a 64,2022,Hombres,Vejez,Pasivos,Ande,12,0.0,1193473297.0,120,2550307.0,9945610.808333334
63,60 a 64,2022,Hombres,Invalidez,Pasivos,Ande,12,0.0,5096620.0,1,2550307.0,5096620.0
63,60 a 64,2022,Hombres,Otros,Pasivos,Ande,12,0.0,3375393.0,1,2550307.0,3375393.0
63,60 a 64,2022,Mujeres,Vejez,Pasivos,Ande,12,0.0,128287400.0,15,2550307.0,8552493.333333334
63,60 a 64,2022,Mujeres,Pensión/Sobrevivencia,Pasivos,Ande,12,0.0,96715881.0,22,2550307.0,4396176.409090909
64,60 a 64,2022,Hombres,Vejez,Pasivos,Ande,12,0.0,1132382114.0,112,2550307.0,10110554.589285715
64,60 a 64,2022,Hombres,Invalidez,Pasivos,Ande,12,0.0,12609921.0,3,2550307.0,4203307.0
64,60 a 64,2022,Hombres,Pensión/Sobrevivencia,Pasivos,Ande,12,0.0,16267507.0,2,2550307.0,8133753.5
64,60 a 64,2022,Hombres,Otros,Pasivos,Ande,12,0.0,34321420.0,3,2550307.0,11440473.333333334
64,60 a 64,2022,Mujeres,Vejez,Pasivos,Ande,12,0.0,100038122.0,13,2550307.0,7695240.153846154
64,60 a 64,2022,Mujeres,Invalidez,Pasivos,Ande,12,0.0,1796858.0,1,2550307.0,1796858.0
64,60 a 64,2022,Mujeres,Pensión/Sobrevivencia,Pasivos,Ande,12,0.0,57545885.0,18,2550307.0,3196993.611111111
64,60 a 64,2022,Mujeres,Otros,Pasivos,Ande,12,0.0,20683028.0,2,2550307.0,10341514.0
65,65 a 69,2022,Hombres,Vejez,Pasivos,Ande,12,0.0,1223771147.0,111,2550307.0,11024965.288288288
65,65 a 69,2022,Hombres,Pensión/Sobrevivencia,Pasivos,Ande,12,0.0,7395981.0,2,2550307.0,3697990.5
65,65 a 69,2022,Hombres,Otros,Pasivos,Ande,12,0.0,7119204.0,1,2550307.0,7119204.0
65,65 a 69,2022,Mujeres,Vejez,Pasivos,Ande,12,0.0,81782889.0,12,2550307.0,6815240.75
65,65 a 69,2022,Mujeres,Invalidez,Pasivos,Ande,12,0.0,6300555.0,1,2550307.0,6300555.0
65,65 a 69,2022,Mujeres,Pensión/Sobrevivencia,Pasivos,Ande,12,0.0,66919079.0,22,2550307.0,3041776.3181818184
66,65 a 69,2022,Hombres,Vejez,Pasivos,Ande,12,0.0,1183978841.0,109,2550307.0,10862191.201834863
66,65 a 69,2022,Hombres,Invalidez,Pasivos,Ande,12,0.0,2156963.0,1,2550307.0,2156963.0
66,65 a 69,2022,Hombres,Pensión/Sobrevivencia,Pasivos,Ande,12,0.0,2953209.0,1,2550307.0,2953209.0
66,65 a 69,2022,Hombres,Otros,Pasivos,Ande,12,0.0,5450994.0,1,2550307.0,5450994.0
66,65 a 69,2022,Mujeres,Vejez,Pasivos,Ande,12,0.0,104102932.0,10,2550307.0,10410293.2
66,65 a 69,2022,Mujeres,Pensión/Sobrevivencia,Pasivos,Ande,12,0.0,66528233.0,17,2550307.0,3913425.470588235
67,65 a 69,2022,Hombres,Vejez,Pasivos,Ande,12,0.0,837626839.0,80,2550307.0,10470335.4875
67,65 a 69,2022,Hombres,Invalidez,Pasivos,Ande,12,0.0,7362099.0,2,2550307.0,3681049.5
67,65 a 69,2022,Hombres,Pensión/Sobrevivencia,Pasivos,Ande,12,0.0,2349012.0,1,2550307.0,2349012.0
67,65 a 69,2022,Hombres,Otros,Pasivos,Ande,12,0.0,35328113.0,4,2550307.0,8832028.25
67,65 a 69,2022,Mujeres,Vejez,Pasivos,Ande,12,0.0,56341692.0,6,2550307.0,9390282.0
67,65 a 69,2022,Mujeres,Pensión/Sobrevivencia,Pasivos,Ande,12,0.0,57652381.0,11,2550307.0,5241125.545454546
68,65 a 69,2022,Hombres,Vejez,Pasivos,Ande,12,0.0,705707893.0,69,2550307.0,10227650.623188406
68,65 a 69,2022,Hombres,Invalidez,Pasivos,Ande,12,0.0,9774874.0,3,2550307.0,3258291.3333333335
68,65 a 69,2022,Hombres,Otros,Pasivos,Ande,12,0.0,6654970.0,1,2550307.0,6654970.0
68,65 a 69,2022,Mujeres,Vejez,Pasivos,Ande,12,0.0,81088937.0,11,2550307.0,7371721.545454546
68,65 a 69,2022,Mujeres,Invalidez,Pasivos,Ande,12,0.0,2572702.0,1,2550307.0,2572702.0
68,65 a 69,2022,Mujeres,Pensión/Sobrevivencia,Pasivos,Ande,12,0.0,65262288.0,20,2550307.0,3263114.4
68,65 a 69,2022,Mujeres,Otros,Pasivos,Ande,12,0.0,10049011.0,1,2550307.0,10049011.0
69,65 a 69,2022,Hombres,Vejez,Pasivos,Ande,12,0.0,606654459.0,68,2550307.0,8921389.102941176
69,65 a 69,2022,Hombres,Invalidez,Pasivos,Ande,12,0.0,6008392.0,2,2550307.0,3004196.0
69,65 a 69,2022,Hombres,Pensión/Sobrevivencia,Pasivos,Ande,12,0.0,11227256.0,2,2550307.0,5613628.0
69,65 a 69,2022,Hombres,Otros,Pasivos,Ande,12,0.0,19551217.0,1,2550307.0,19551217.0
69,65 a 69,2022,Mujeres,Vejez,Pasivos,Ande,12,0.0,106942445.0,15,2550307.0,7129496.333333333
69,65 a 69,2022,Mujeres,Pensión/Sobrevivencia,Pasivos,Ande,12,0.0,72230027.0,23,2550307.0,3140435.9565217393
70,70 a 74,2022,Hombres,Vejez,Pasivos,Ande,12,0.0,472291506.0,59,2550307.0,8004940.779661017
70,70 a 74,2022,Hombres,Otros,Pasivos,Ande,12,0.0,35560642.0,2,2550307.0,17780321.0
70,70 a 74,2022,Mujeres,Vejez,Pasivos,Ande,12,0.0,62469997.0,12,2550307.0,5205833.083333333
70,70 a 74,2022,Mujeres,Pensión/Sobrevivencia,Pasivos,Ande,12,0.0,72936512.0,20,2550307.0,3646825.6
71,70 a 74,2022,Hombres,Vejez,Pasivos,Ande,12,0.0,409239712.0,51,2550307.0,8024308.0784313725
71,70 a 74,2022,Hombres,Pensión/Sobrevivencia,Pasivos,Ande,12,0.0,4110925.0,1,2550307.0,4110925.0
71,70 a 74,2022,Hombres,Otros,Pasivos,Ande,12,0.0,18988651.0,1,2550307.0,18988651.0
71,70 a 74,2022,Mujeres,Vejez,Pasivos,Ande,12,0.0,43292735.0,6,2550307.0,7215455.833333333
71,70 a 74,2022,Mujeres,Pensión/Sobrevivencia,Pasivos,Ande,12,0.0,71649746.0,20,2550307.0,3582487.3
72,70 a 74,2022,Hombres,Vejez,Pasivos,Ande,12,0.0,361877456.0,52,2550307.0,6959181.846153846
72,70 a 74,2022,Hombres,Pensión/Sobrevivencia,Pasivos,Ande,12,0.0,100909.0,1,2550307.0,100909.0
72,70 a 74,2022,Mujeres,Vejez,Pasivos,Ande,12,0.0,72522527.0,10,2550307.0,7252252.7
72,70 a 74,2022,Mujeres,Pensión/Sobrevivencia,Pasivos,Ande,12,0.0,63216508.0,13,2550307.0,4862808.307692308
73,70 a 74,2022,Hombres,Vejez,Pasivos,Ande,12,0.0,246575475.0,40,2550307.0,6164386.875
73,70 a 74,2022,Hombres,Invalidez,Pasivos,Ande,12,0.0,3131128.0,1,2550307.0,3131128.0
73,70 a 74,2022,Hombres,Otros,Pasivos,Ande,12,0.0,9923768.0,1,2550307.0,9923768.0
73,70 a 74,2022,Mujeres,Vejez,Pasivos,Ande,12,0.0,18135384.0,4,2550307.0,4533846.0
73,70 a 74,2022,Mujeres,Invalidez,Pasivos,Ande,12,0.0,4345256.0,2,2550307.0,2172628.0
73,70 a 74,2022,Mujeres,Pensión/Sobrevivencia,Pasivos,Ande,12,0.0,56187255.0,12,2550307.0,4682271.25
74,70 a 74,2022,Hombres,Vejez,Pasivos,Ande,12,0.0,192264921.0,33,2550307.0,5826209.7272727275
74,70 a 74,2022,Mujeres,Vejez,Pasivos,Ande,12,0.0,14326611.0,3,2550307.0,4775537.0
74,70 a 74,2022,Mujeres,Pensión/Sobrevivencia,Pasivos,Ande,12,0.0,40548263.0,10,2550307.0,4054826.3
75,75 a 79,2022,Hombres,Vejez,Pasivos,Ande,12,0.0,198596879.0,29,2550307.0,6848168.24137931
75,75 a 79,2022,Hombres,Pensión/Sobrevivencia,Pasivos,Ande,12,0.0,1244498.0,1,2550307.0,1244498.0
75,75 a 79,2022,Mujeres,Vejez,Pasivos,Ande,12,0.0,24343651.0,5,2550307.0,4868730.2
75,75 a 79,2022,Mujeres,Pensión/Sobrevivencia,Pasivos,Ande,12,0.0,67455113.0,14,2550307.0,4818222.357142857
75,75 a 79,2022,Mujeres,Otros,Pasivos,Ande,12,0.0,3598543.0,1,2550307.0,3598543.0
76,75 a 79,2022,Hombres,Vejez,Pasivos,Ande,12,0.0,236323098.0,35,2550307.0,6752088.514285714
76,75 a 79,2022,Mujeres,Vejez,Pasivos,Ande,12,0.0,12886222.0,3,2550307.0,4295407.333333333
76,75 a 79,2022,Mujeres,Pensión/Sobrevivencia,Pasivos,Ande,12,0.0,47173621.0,11,2550307.0,4288511.0
77,75 a 79,2022,Hombres,Vejez,Pasivos,Ande,12,0.0,213822574.0,32,2550307.0,6681955.4375
77,75 a 79,2022,Mujeres,Vejez,Pasivos,Ande,12,0.0,10868767.0,3,2550307.0,3622922.3333333335
77,75 a 79,2022,Mujeres,Pensión/Sobrevivencia,Pasivos,Ande,12,0.0,77577624.0,14,2550307.0,5541258.857142857
78,75 a 79,2022,Hombres,Vejez,Pasivos,Ande,12,0.0,201862828.0,30,2550307.0,6728760.933333334
78,75 a 79,2022,Hombres,Pensión/Sobrevivencia,Pasivos,Ande,12,0.0,5224704.0,1,2550307.0,5224704.0
78,75 a 79,2022,Mujeres,Vejez,Pasivos,Ande,12,0.0,6555569.0,1,2550307.0,6555569.0
78,75 a 79,2022,Mujeres,Invalidez,Pasivos,Ande,12,0.0,2070576.0,1,2550307.0,2070576.0
78,75 a 79,2022,Mujeres,Pensión/Sobrevivencia,Pasivos,Ande,12,0.0,35382585.0,11,2550307.0,3216598.6363636362
79,75 a 79,2022,Hombres,Vejez,Pasivos,Ande,12,0.0,179214151.0,22,2550307.0,8146097.7727272725
79,75 a 79,2022,Mujeres,Vejez,Pasivos,Ande,12,0.0,5437978.0,1,2550307.0,5437978.0
79,75 a 79,2022,Mujeres,Pensión/Sobrevivencia,Pasivos,Ande,12,0.0,43187612.0,13,2550307.0,3322124.0
80,80 a 84,2022,Hombres,Vejez,Pasivos,Ande,12,0.0,193506221.0,25,2550307.0,7740248.84
80,80 a 84,2022,Mujeres,Vejez,Pasivos,Ande,12,0.0,14030284.0,2,2550307.0,7015142.0
80,80 a 84,2022,Mujeres,Pensión/Sobrevivencia,Pasivos,Ande,12,0.0,37510305.0,7,2550307.0,5358615.0
81,80 a 84,2022,Hombres,Vejez,Pasivos,Ande,12,0.0,47120464.0,8,2550307.0,5890058.0
81,80 a 84,2022,Mujeres,Vejez,Pasivos,Ande,12,0.0,4725117.0,1,2550307.0,4725117.0
81,80 a 84,2022,Mujeres,Pensión/Sobrevivencia,Pasivos,Ande,12,0.0,29691247.0,10,2550307.0,2969124.7
82,80 a 84,2022,Hombres,Vejez,Pasivos,Ande,12,0.0,74335103.0,11,2550307.0,6757736.636363637
82,80 a 84,2022,Hombres,Pensión/Sobrevivencia,Pasivos,Ande,12,0.0,638684.0,1,2550307.0,638684.0
82,80 a 84,2022,Mujeres,Vejez,Pasivos,Ande,12,0.0,8352999.0,1,2550307.0,8352999.0
82,80 a 84,2022,Mujeres,Pensión/Sobrevivencia,Pasivos,Ande,12,0.0,58173434.0,10,2550307.0,5817343.4
83,80 a 84,2022,Hombres,Vejez,Pasivos,Ande,12,0.0,90810137.0,11,2550307.0,8255467.0
83,80 a 84,2022,Hombres,Otros,Pasivos,Ande,12,0.0,5362793.0,1,2550307.0,5362793.0
83,80 a 84,2022,Mujeres,Vejez,Pasivos,Ande,12,0.0,17276370.0,3,2550307.0,5758790.0
83,80 a 84,2022,Mujeres,Pensión/Sobrevivencia,Pasivos,Ande,12,0.0,23942362.0,7,2550307.0,3420337.4285714286
84,80 a 84,2022,Hombres,Vejez,Pasivos,Ande,12,0.0,19938753.0,3,2550307.0,6646251.0
84,80 a 84,2022,Hombres,Otros,Pasivos,Ande,12,0.0,4473439.0,1,2550307.0,4473439.0
84,80 a 84,2022,Mujeres,Pensión/Sobrevivencia,Pasivos,Ande,12,0.0,15353297.0,4,2550307.0,3838324.25
85,85 y más,2022,Hombres,Vejez,Pasivos,Ande,12,0.0,70171637.0,10,2550307.0,7017163.7
85,85 y más,2022,Hombres,Pensión/Sobrevivencia,Pasivos,Ande,12,0.0,6237147.0,2,2550307.0,3118573.5
85,85 y más,2022,Mujeres,Pensión/Sobrevivencia,Pasivos,Ande,12,0.0,18275658.0,8,2550307.0,2284457.25
86,85 y más,2022,Hombres,Vejez,Pasivos,Ande,12,0.0,19837574.0,4,2550307.0,4959393.5
86,85 y más,2022,Mujeres,Vejez,Pasivos,Ande,12,0.0,2141604.0,1,2550307.0,2141604.0
86,85 y más,2022,Mujeres,Pensión/Sobrevivencia,Pasivos,Ande,12,0.0,19949406.0,7,2550307.0,2849915.1428571427
87,85 y más,2022,Hombres,Vejez,Pasivos,Ande,12,0.0,39321057.0,9,2550307.0,4369006.333333333
87,85 y más,2022,Hombres,Pensión/Sobrevivencia,Pasivos,Ande,12,0.0,750194.0,1,2550307.0,750194.0
87,85 y más,2022,Mujeres,Pensión/Sobrevivencia,Pasivos,Ande,12,0.0,22005553.0,9,2550307.0,2445061.4444444445
88,85 y más,2022,Hombres,Vejez,Pasivos,Ande,12,0.0,30309877.0,6,2550307.0,5051646.166666667
88,85 y más,2022,Hombres,Invalidez,Pasivos,Ande,12,0.0,3512360.0,1,2550307.0,3512360.0
88,85 y más,2022,Hombres,Pensión/Sobrevivencia,Pasivos,Ande,12,0.0,1404461.0,1,2550307.0,1404461.0
88,85 y más,2022,Mujeres,Pensión/Sobrevivencia,Pasivos,Ande,12,0.0,26856127.0,8,2550307.0,3357015.875
89,85 y más,2022,Hombres,Vejez,Pasivos,Ande,12,0.0,13791934.0,4,2550307.0,3447983.5
89,85 y más,2022,Mujeres,Pensión/Sobrevivencia,Pasivos,Ande,12,0.0,18627582.0,7,2550307.0,2661083.1428571427
90,85 y más,2022,Hombres,Vejez,Pasivos,Ande,12,0.0,2821738.0,1,2550307.0,2821738.0
90,85 y más,2022,Mujeres,Pensión/Sobrevivencia,Pasivos,Ande,12,0.0,8815639.0,3,2550307.0,2938546.3333333335
91,85 y más,2022,Hombres,Vejez,Pasivos,Ande,12,0.0,2586859.0,1,2550307.0,2586859.0
91,85 y más,2022,Mujeres,Vejez,Pasivos,Ande,12,0.0,3010851.0,1,2550307.0,3010851.0
91,85 y más,2022,Mujeres,Pensión/Sobrevivencia,Pasivos,Ande,12,0.0,5320497.0,2,2550307.0,2660248.5
92,85 y más,2022,Hombres,Vejez,Pasivos,Ande,12,0.0,15961704.0,2,2550307.0,7980852.0
92,85 y más,2022,Mujeres,Vejez,Pasivos,Ande,12,0.0,2812698.0,1,2550307.0,2812698.0
92,85 y más,2022,Mujeres,Pensión/Sobrevivencia,Pasivos,Ande,12,0.0,7170663.0,3,2550307.0,2390221.0
93,85 y más,2022,Mujeres,Pensión/Sobrevivencia,Pasivos,Ande,12,0.0,7418704.0,3,2550307.0,2472901.3333333335
94,85 y más,2022,Hombres,Vejez,Pasivos,Ande,12,0.0,3048929.0,1,2550307.0,3048929.0
94,85 y más,2022,Mujeres,Pensión/Sobrevivencia,Pasivos,Ande,12,0.0,13708358.0,6,2550307.0,2284726.3333333335
95,85 y más,2022,Mujeres,Pensión/Sobrevivencia,Pasivos,Ande,12,0.0,4736006.0,1,2550307.0,4736006.0
96,85 y más,2022,Hombres,Pensión/Sobrevivencia,Pasivos,Ande,12,0.0,4903580.0,1,2550307.0,4903580.0
96,85 y más,2022,Mujeres,Pensión/Sobrevivencia,Pasivos,Ande,12,0.0,5047785.0,2,2550307.0,2523892.5
98,85 y más,2022,Mujeres,Pensión/Sobrevivencia,Pasivos,Ande,12,0.0,1565418.0,1,2550307.0,1565418.0
18,15 a 19,2022,Hombres,Activos,Activos,Bancaria,12,11700923.92,41789014.0,15,2550307.0,2785934.2666666666
18,15 a 19,2022,Mujeres,Activos,Activos,Bancaria,12,12061695.24,43077483.0,15,2550307.0,2871832.2
19,15 a 19,2022,Hombres,Activos,Activos,Bancaria,12,69513776.64000002,248263488.0,69,2550307.0,3598021.565217391
19,15 a 19,2022,Mujeres,Activos,Activos,Bancaria,12,51131951.36000002,182614112.0,51,2550307.0,3580668.862745098
20,20 a 24,2022,Hombres,Activos,Activos,Bancaria,12,118378064.8399999,422778803.0,109,2550307.0,3878704.6146788993
20,20 a 24,2022,Mujeres,Activos,Activos,Bancaria,12,89434911.99999996,319410400.0,84,2550307.0,3802504.761904762
21,20 a 24,2022,Hombres,Activos,Activos,Bancaria,12,167673208.07999983,598832886.0,147,2550307.0,4073693.102040816
21,20 a 24,2022,Mujeres,Activos,Activos,Bancaria,12,103988185.83999991,371386378.0,97,2550307.0,3828725.5463917525
22,20 a 24,2022,Hombres,Activos,Activos,Bancaria,12,198506733.31999975,708952619.0,163,2550307.0,4349402.570552147
22,20 a 24,2022,Mujeres,Activos,Activos,Bancaria,12,177159996.1599997,632714272.0,148,2550307.0,4275096.432432433
23,20 a 24,2022,Hombres,Activos,Activos,Bancaria,12,281965295.6399997,1007018913.0,209,2550307.0,4818272.311004785
23,20 a 24,2022,Mujeres,Activos,Activos,Bancaria,12,236064316.31999972,843086844.0,191,2550307.0,4414067.246073298
24,20 a 24,2022,Hombres,Activos,Activos,Bancaria,12,357582255.51999974,1277079484.0,248,2550307.0,5149514.048387097
24,20 a 24,2022,Mujeres,Activos,Activos,Bancaria,12,209640544.11999974,748716229.0,156,2550307.0,4799463.006410256
25,25 a 29,2022,Hombres,Activos,Activos,Bancaria,12,444551644.8800001,1587684446.0,297,2550307.0,5345738.875420876
25,25 a 29,2022,Mujeres,Activos,Activos,Bancaria,12,387367048.87999976,1383453746.0,253,2550307.0,5468196.624505929
26,25 a 29,2022,Hombres,Activos,Activos,Bancaria,12,509470422.4399999,1819537223.0,293,2550307.0,6210024.651877133
26,25 a 29,2022,Mujeres,Activos,Activos,Bancaria,12,375364690.9599999,1340588182.0,246,2550307.0,5449545.455284553
27,25 a 29,2022,Hombres,Activos,Activos,Bancaria,12,583382441.0400003,2083508718.0,333,2550307.0,6256782.936936937
27,25 a 29,2022,Mujeres,Activos,Activos,Bancaria,12,409518843.72,1462567299.0,242,2550307.0,6043666.524793388
28,25 a 29,2022,Hombres,Activos,Activos,Bancaria,12,556029175.2400001,1985818483.0,279,2550307.0,7117628.971326165
28,25 a 29,2022,Mujeres,Activos,Activos,Bancaria,12,475270033.28,1697392976.0,252,2550307.0,6735686.412698412
29,25 a 29,2022,Hombres,Activos,Activos,Bancaria,12,649674093.0400002,2320264618.0,302,2550307.0,7682995.423841059
29,25 a 29,2022,Mujeres,Activos,Activos,Bancaria,12,501092304.44000006,1789615373.0,255,2550307.0,7018099.501960784
30,30 a 34,2022,Hombres,Activos,Activos,Bancaria,12,693922991.4399999,2478296398.0,320,2550307.0,7744676.24375
30,30 a 34,2022,Mujeres,Activos,Activos,Bancaria,12,488929962.6399998,1746178438.0,252,2550307.0,6929279.515873016
31,30 a 34,2022,Hombres,Activos,Activos,Bancaria,12,726667025.5600003,2595239377.0,324,2550307.0,8009998.0771604935
31,30 a 34,2022,Mujeres,Activos,Activos,Bancaria,12,579236142.2400001,2068700508.0,253,2550307.0,8176681.849802371
32,30 a 34,2022,Hombres,Activos,Activos,Bancaria,12,763841710.2400001,2728006108.0,323,2550307.0,8445839.34365325
32,30 a 34,2022,Mujeres,Activos,Activos,Bancaria,12,545508532.2400001,1948244758.0,234,2550307.0,8325832.299145299
33,30 a 34,2022,Hombres,Activos,Activos,Bancaria,12,831207777.96,2968599207.0,298,2550307.0,9961742.305369128
33,30 a 34,2022,Mujeres,Activos,Activos,Bancaria,12,576423288.0000002,2058654600.0,238,2550307.0,8649809.24369748
34,30 a 34,2022,Hombres,Activos,Activos,Bancaria,12,767137593.3200002,2739777119.0,276,2550307.0,9926728.692028986
34,30 a 34,2022,Mujeres,Activos,Activos,Bancaria,12,600598880.84,2144996003.0,233,2550307.0,9205991.429184549
35,35 a 39,2022,Hombres,Activos,Activos,Bancaria,12,725191049.5199999,2589968034.0,253,2550307.0,10237027.802371541
35,35 a 39,2022,Mujeres,Activos,Activos,Bancaria,12,512422092.83999985,1830078903.0,195,2550307.0,9385020.015384614
36,35 a 39,2022,Hombres,Activos,Activos,Bancaria,12,646805633.8800004,2310020121.0,218,2550307.0,10596422.573394496
36,35 a 39,2022,Mujeres,Activos,Activos,Bancaria,12,610601582.0800002,2180719936.0,198,2550307.0,11013737.050505051
37,35 a 39,2022,Hombres,Activos,Activos,Bancaria,12,779830229.3599999,2785107962.0,239,2550307.0,11653171.389121339
37,35 a 39,2022,Mujeres,Activos,Activos,Bancaria,12,471195834.2,1682842265.0,154,2550307.0,10927547.175324675
38,35 a 39,2022,Hombres,Activos,Activos,Bancaria,12,671551786.36,2398399237.0,203,2550307.0,11814774.566502463
38,35 a 39,2022,Mujeres,Activos,Activos,Bancaria,12,454211165.52,1622182734.0,147,2550307.0,11035256.693877552
39,35 a 39,2022,Hombres,Activos,Activos,Bancaria,12,750059679.8800001,2678784571.0,208,2550307.0,12878771.975961538
39,35 a 39,2022,Mujeres,Activos,Activos,Bancaria,12,463878839.20000005,1656710140.0,135,2550307.0,12271926.962962963
40,40 a 44,2022,Hombres,Activos,Activos,Bancaria,12,705525637.0400001,2519734418.0,187,2550307.0,13474515.604278075
40,40 a 44,2022,Mujeres,Activos,Activos,Bancaria,12,371508019.12,1326814354.0,115,2550307.0,11537516.12173913
41,40 a 44,2022,Hombres,Activos,Activos,Bancaria,12,545817836.76,1949349417.0,141,2550307.0,13825173.170212766
41,40 a 44,2022,Mujeres,Activos,Activos,Bancaria,12,381124770.04,1361159893.0,100,2550307.0,13611598.93
42,40 a 44,2022,Hombres,Activos,Activos,Bancaria,12,555329047.5600001,1983318027.0,137,2550307.0,14476773.919708028
42,40 a 44,2022,Mujeres,Activos,Activos,Bancaria,12,371617596.56000006,1327205702.0,93,2550307.0,14271029.053763442
43,40 a 44,2022,Hombres,Activos,Activos,Bancaria,12,713324676.9600003,2547588132.0,165,2550307.0,15439928.072727272
43,40 a 44,2022,Mujeres,Activos,Activos,Bancaria,12,378172718.2800001,1350616851.0,99,2550307.0,13642594.454545455
44,40 a 44,2022,Hombres,Activos,Activos,Bancaria,12,454669349.96000016,1623819107.0,110,2550307.0,14761991.88181818
44,40 a 44,2022,Mujeres,Activos,Activos,Bancaria,12,221587663.92,791384514.0,62,2550307.0,12764266.35483871
45,45 a 49,2022,Hombres,Activos,Activos,Bancaria,12,436236896.2,1557988915.0,101,2550307.0,15425632.821782177
45,45 a 49,2022,Mujeres,Activos,Activos,Bancaria,12,416123005.75999993,1486153592.0,89,2550307.0,16698354.966292135
46,45 a 49,2022,Hombres,Activos,Activos,Bancaria,12,535133646.88000005,1911191596.0,101,2550307.0,18922689.069306932
46,45 a 49,2022,Mujeres,Activos,Activos,Bancaria,12,336301758.79999995,1201077710.0,71,2550307.0,16916587.46478873
47,45 a 49,2022,Hombres,Activos,Activos,Bancaria,12,533094949.52,1903910534.0,107,2550307.0,17793556.392523363
47,45 a 49,2022,Mujeres,Activos,Activos,Bancaria,12,230791612.24000004,824255758.0,50,2550307.0,16485115.16
48,45 a 49,2022,Hombres,Activos,Activos,Bancaria,12,447419327.59999996,1597926170.0,87,2550307.0,18366967.471264366
48,45 a 49,2022,Mujeres,Activos,Activos,Bancaria,12,295359778.56000006,1054856352.0,62,2550307.0,17013812.129032258
49,45 a 49,2022,Hombres,Activos,Activos,Bancaria,12,623988987.72,2228532099.0,103,2550307.0,21636233.970873788
49,45 a 49,2022,Mujeres,Activos,Activos,Bancaria,12,176602726.72000003,630724024.0,36,2550307.0,17520111.777777776
50,50 a 54,2022,Hombres,Activos,Activos,Bancaria,12,519175465.1999999,1854198090.0,98,2550307.0,18920388.673469387
50,50 a 54,2022,Mujeres,Activos,Activos,Bancaria,12,338794932.56,1209981902.0,51,2550307.0,23725135.333333332
51,50 a 54,2022,Hombres,Activos,Activos,Bancaria,12,456220580.2000001,1629359215.0,83,2550307.0,19630833.91566265
51,50 a 54,2022,Mujeres,Activos,Activos,Bancaria,12,298046841.6800001,1064453006.0,50,2550307.0,21289060.12
52,50 a 54,2022,Hombres,Activos,Activos,Bancaria,12,550318271.44,1965422398.0,108,2550307.0,18198355.537037037
52,50 a 54,2022,Mujeres,Activos,Activos,Bancaria,12,300660334.52000004,1073786909.0,58,2550307.0,18513567.396551725
53,50 a 54,2022,Hombres,Activos,Activos,Bancaria,12,421796212.31999993,1506415044.0,91,2550307.0,16554011.472527472
53,50 a 54,2022,Mujeres,Activos,Activos,Bancaria,12,248492592.04000002,887473543.0,38,2550307.0,23354566.92105263
54,50 a 54,2022,Hombres,Activos,Activos,Bancaria,12,459791282.44,1642111723.0,77,2550307.0,21326126.272727273
54,50 a 54,2022,Mujeres,Activos,Activos,Bancaria,12,109195084.88,389982446.0,26,2550307.0,14999324.846153846
55,55 a 59,2022,Hombres,Activos,Activos,Bancaria,12,410309004.84000003,1465389303.0,80,2550307.0,18317366.2875
55,55 a 59,2022,Mujeres,Activos,Activos,Bancaria,12,135172348.64000002,482758388.0,25,2550307.0,19310335.52
56,55 a 59,2022,Hombres,Activos,Activos,Bancaria,12,485457289.24,1733776033.0,81,2550307.0,21404642.38271605
56,55 a 59,2022,Mujeres,Activos,Activos,Bancaria,12,164003129.07999998,585725461.0,27,2550307.0,21693535.592592593
57,55 a 59,2022,Hombres,Activos,Activos,Bancaria,12,478061466.3999999,1707362380.0,74,2550307.0,23072464.594594594
57,55 a 59,2022,Mujeres,Activos,Activos,Bancaria,12,144579289.68,516354606.0,25,2550307.0,20654184.24
58,55 a 59,2022,Hombres,Activos,Activos,Bancaria,12,338590395.3600001,1209251412.0,55,2550307.0,21986389.30909091
58,55 a 59,2022,Mujeres,Activos,Activos,Bancaria,12,83025841.92,296520864.0,20,2550307.0,14826043.2
59,55 a 59,2022,Hombres,Activos,Activos,Bancaria,12,241606953.84,862881978.0,49,2550307.0,17609836.285714287
59,55 a 59,2022,Mujeres,Activos,Activos,Bancaria,12,108939614.56,389070052.0,19,2550307.0,20477371.157894738
60,60 a 64,2022,Hombres,Activos,Activos,Bancaria,12,113128627.07999998,404030811.0,28,2550307.0,14429671.82142857
60,60 a 64,2022,Mujeres,Activos,Activos,Bancaria,12,65814742.00000001,235052650.0,15,2550307.0,15670176.666666666
61,60 a 64,2022,Hombres,Activos,Activos,Bancaria,12,130297422.64000002,465347938.0,21,2550307.0,22159425.61904762
61,60 a 64,2022,Mujeres,Activos,Activos,Bancaria,12,35497049.0,126775175.0,7,2550307.0,18110739.285714287
62,60 a 64,2022,Hombres,Activos,Activos,Bancaria,12,89785189.76,320661392.0,18,2550307.0,17814521.777777776
62,60 a 64,2022,Mujeres,Activos,Activos,Bancaria,12,26398400.280000005,94280001.0,8,2550307.0,11785000.125
63,60 a 64,2022,Hombres,Activos,Activos,Bancaria,12,70392612.36000001,251402187.0,10,2550307.0,25140218.7
63,60 a 64,2022,Mujeres,Activos,Activos,Bancaria,12,53719174.88000001,191854196.0,10,2550307.0,19185419.6
64,60 a 64,2022,Hombres,Activos,Activos,Bancaria,12,41745050.2,149089465.0,9,2550307.0,16565496.111111112
64,60 a 64,2022,Mujeres,Activos,Activos,Bancaria,12,14490080.36,51750287.0,4,2550307.0,12937571.75
65,65 a 69,2022,Hombres,Activos,Activos,Bancaria,12,55773047.400000006,199189455.0,15,2550307.0,13279297.0
65,65 a 69,2022,Mujeres,Activos,Activos,Bancaria,12,7381050.880000001,26360896.0,2,2550307.0,13180448.0
66,65 a 69,2022,Hombres,Activos,Activos,Bancaria,12,46562873.0,166295975.0,14,2550307.0,11878283.92857143
66,65 a 69,2022,Mujeres,Activos,Activos,Bancaria,12,59323649.84,211870178.0,5,2550307.0,42374035.6
67,65 a 69,2022,Hombres,Activos,Activos,Bancaria,12,33413080.960000005,119332432.0,6,2550307.0,19888738.666666668
67,65 a 69,2022,Mujeres,Activos,Activos,Bancaria,12,3030352.08,10822686.0,1,2550307.0,10822686.0
68,65 a 69,2022,Hombres,Activos,Activos,Bancaria,12,26277412.000000004,93847900.0,5,2550307.0,18769580.0
68,65 a 69,2022,Mujeres,Activos,Activos,Bancaria,12,6860000.000000001,24500000.0,1,2550307.0,24500000.0
69,65 a 69,2022,Hombres,Activos,Activos,Bancaria,12,28482452.320000004,101723044.0,7,2550307.0,14531863.42857143
69,65 a 69,2022,Mujeres,Activos,Activos,Bancaria,12,4925200.000000001,17590000.0,1,2550307.0,17590000.0
70,70 a 74,2022,Hombres,Activos,Activos,Bancaria,12,12897360.0,46062000.0,4,2550307.0,11515500.0
70,70 a 74,2022,Mujeres,Activos,Activos,Bancaria,12,6613183.920000001,23618514.0,2,2550307.0,11809257.0
71,70 a 74,2022,Hombres,Activos,Activos,Bancaria,12,1346800.0000000002,4810000.0,1,2550307.0,4810000.0
72,70 a 74,2022,Hombres,Activos,Activos,Bancaria,12,15405802.72,55020724.0,2,2550307.0,27510362.0
73,70 a 74,2022,Hombres,Activos,Activos,Bancaria,12,12270396.88,43822846.0,5,2550307.0,8764569.2
73,70 a 74,2022,Mujeres,Activos,Activos,Bancaria,12,6959524.32,24855444.0,1,2550307.0,24855444.0
74,70 a 74,2022,Hombres,Activos,Activos,Bancaria,12,19479865.720000003,69570949.0,3,2550307.0,23190316.333333332
75,75 a 79,2022,Hombres,Activos,Activos,Bancaria,12,5222000.000000001,18650000.0,2,2550307.0,9325000.0
76,75 a 79,2022,Hombres,Activos,Activos,Bancaria,12,6179600.000000001,22070000.0,1,2550307.0,22070000.0
77,75 a 79,2022,Hombres,Activos,Activos,Bancaria,12,12200872.880000003,43574546.0,2,2550307.0,21787273.0
77,75 a 79,2022,Mujeres,Activos,Activos,Bancaria,12,5261200.000000001,18790000.0,1,2550307.0,18790000.0
78,75 a 79,2022,Hombres,Activos,Activos,Bancaria,12,3962110.8800000004,14150396.0,2,2550307.0,7075198.0
81,80 a 84,2022,Hombres,Activos,Activos,Bancaria,12,2856000.0000000005,10200000.0,1,2550307.0,10200000.0
88,85 y más,2022,Hombres,Activos,Activos,Bancaria,12,5398053.08,19278761.0,1,2550307.0,19278761.0
90,85 y más,2022,Mujeres,Activos,Activos,Bancaria,12,2996000.0000000005,10700000.0,1,2550307.0,10700000.0
15,15 a 19,2022,Hombres,Pensión/Sobrevivencia,Pasivos,Bancaria,12,0.0,691651.0,1,2550307.0,691651.0
20,20 a 24,2022,Mujeres,Pensión/Sobrevivencia,Pasivos,Bancaria,12,0.0,1247915.4166666667,1,2550307.0,1247915.4166666667
21,20 a 24,2022,Mujeres,Pensión/Sobrevivencia,Pasivos,Bancaria,12,0.0,2702593.6666666665,1,2550307.0,2702593.6666666665
22,20 a 24,2022,Hombres,Pensión/Sobrevivencia,Pasivos,Bancaria,12,0.0,2271980.0,1,2550307.0,2271980.0
22,20 a 24,2022,Mujeres,Pensión/Sobrevivencia,Pasivos,Bancaria,12,0.0,458970.3333333333,1,2550307.0,458970.3333333333
23,20 a 24,2022,Hombres,Pensión/Sobrevivencia,Pasivos,Bancaria,12,0.0,690311.25,1,2550307.0,690311.25
23,20 a 24,2022,Mujeres,Pensión/Sobrevivencia,Pasivos,Bancaria,12,0.0,13456712.583333334,2,2550307.0,6728356.291666667
24,20 a 24,2022,Hombres,Pensión/Sobrevivencia,Pasivos,Bancaria,12,0.0,7095666.5,2,2550307.0,3547833.25
28,25 a 29,2022,Hombres,Pensión/Sobrevivencia,Pasivos,Bancaria,12,0.0,2504864.0,1,2550307.0,2504864.0
41,40 a 44,2022,Hombres,Pensión/Sobrevivencia,Pasivos,Bancaria,12,0.0,4251348.166666667,1,2550307.0,4251348.166666667
48,45 a 49,2022,Mujeres,Invalidez,Pasivos,Bancaria,12,0.0,1989469.5833333333,1,2550307.0,1989469.5833333333
48,45 a 49,2022,Mujeres,Pensión/Sobrevivencia,Pasivos,Bancaria,12,0.0,3910268.0,1,2550307.0,3910268.0
51,50 a 54,2022,Mujeres,Pensión/Sobrevivencia,Pasivos,Bancaria,12,0.0,3654690.583333333,2,2550307.0,1827345.2916666665
52,50 a 54,2022,Hombres,Invalidez,Pasivos,Bancaria,12,0.0,1067064.8333333333,1,2550307.0,1067064.8333333333
52,50 a 54,2022,Hombres,Pensión/Sobrevivencia,Pasivos,Bancaria,12,0.0,2436204.0,1,2550307.0,2436204.0
52,50 a 54,2022,Mujeres,Pensión/Sobrevivencia,Pasivos,Bancaria,12,0.0,3738754.5833333335,1,2550307.0,3738754.5833333335
53,50 a 54,2022,Hombres,Invalidez,Pasivos,Bancaria,12,0.0,12370787.0,1,2550307.0,12370787.0
53,50 a 54,2022,Mujeres,Invalidez,Pasivos,Bancaria,12,0.0,2064793.0,1,2550307.0,2064793.0
54,50 a 54,2022,Mujeres,Invalidez,Pasivos,Bancaria,12,0.0,4160378.75,1,2550307.0,4160378.75
54,50 a 54,2022,Mujeres,Pensión/Sobrevivencia,Pasivos,Bancaria,12,0.0,2830221.5,2,2550307.0,1415110.75
56,55 a 59,2022,Hombres,Invalidez,Pasivos,Bancaria,12,0.0,2772280.0,1,2550307.0,2772280.0
56,55 a 59,2022,Mujeres,Pensión/Sobrevivencia,Pasivos,Bancaria,12,0.0,3890287.25,1,2550307.0,3890287.25
57,55 a 59,2022,Hombres,Invalidez,Pasivos,Bancaria,12,0.0,21565824.0,3,2550307.0,7188608.0
57,55 a 59,2022,Mujeres,Pensión/Sobrevivencia,Pasivos,Bancaria,12,0.0,11311610.0,2,2550307.0,5655805.0
58,55 a 59,2022,Hombres,Otros,Pasivos,Bancaria,12,0.0,10698362.083333334,2,2550307.0,5349181.041666667
58,55 a 59,2022,Mujeres,Pensión/Sobrevivencia,Pasivos,Bancaria,12,0.0,6932794.083333334,2,2550307.0,3466397.041666667
59,55 a 59,2022,Hombres,Invalidez,Pasivos,Bancaria,12,0.0,9801169.083333332,3,2550307.0,3267056.3611111105
59,55 a 59,2022,Hombres,Otros,Pasivos,Bancaria,12,0.0,84807619.5,11,2550307.0,7709783.590909091
59,55 a 59,2022,Mujeres,Pensión/Sobrevivencia,Pasivos,Bancaria,12,0.0,20120356.0,3,2550307.0,6706785.333333333
59,55 a 59,2022,Mujeres,Otros,Pasivos,Bancaria,12,0.0,14615715.083333332,2,2550307.0,7307857.541666666
60,60 a 64,2022,Hombres,Invalidez,Pasivos,Bancaria,12,0.0,25505025.0,2,2550307.0,12752512.5
60,60 a 64,2022,Hombres,Pensión/Sobrevivencia,Pasivos,Bancaria,12,0.0,2985401.333333333,5,2550307.0,597080.2666666666
60,60 a 64,2022,Hombres,Otros,Pasivos,Bancaria,12,0.0,91685723.5,12,2550307.0,7640476.958333333
60,60 a 64,2022,Mujeres,Invalidez,Pasivos,Bancaria,12,0.0,3071144.0,1,2550307.0,3071144.0
60,60 a 64,2022,Mujeres,Pensión/Sobrevivencia,Pasivos,Bancaria,12,0.0,19729448.166666664,8,2550307.0,2466181.020833333
60,60 a 64,2022,Mujeres,Otros,Pasivos,Bancaria,12,0.0,9624903.416666666,2,2550307.0,4812451.708333333
61,60 a 64,2022,Hombres,Vejez,Pasivos,Bancaria,12,0.0,38707640.166666664,5,2550307.0,7741528.033333333
61,60 a 64,2022,Hombres,Invalidez,Pasivos,Bancaria,12,0.0,29523588.749999996,4,2550307.0,7380897.187499999
61,60 a 64,2022,Hombres,Otros,Pasivos,Bancaria,12,0.0,115268323.91666667,16,2550307.0,7204270.244791667
61,60 a 64,2022,Mujeres,Pensión/Sobrevivencia,Pasivos,Bancaria,12,0.0,18274809.333333336,3,2550307.0,6091603.111111112
61,60 a 64,2022,Mujeres,Otros,Pasivos,Bancaria,12,0.0,65624747.41666666,11,2550307.0,5965886.128787878
62,60 a 64,2022,Hombres,Vejez,Pasivos,Bancaria,12,0.0,110601558.41666667,13,2550307.0,8507812.185897436
62,60 a 64,2022,Hombres,Pensión/Sobrevivencia,Pasivos,Bancaria,12,0.0,1966245.0,1,2550307.0,1966245.0
62,60 a 64,2022,Hombres,Otros,Pasivos,Bancaria,12,0.0,137068534.75,18,2550307.0,7614918.597222222
62,60 a 64,2022,Mujeres,Vejez,Pasivos,Bancaria,12,0.0,16627349.25,2,2550307.0,8313674.625
62,60 a 64,2022,Mujeres,Pensión/Sobrevivencia,Pasivos,Bancaria,12,0.0,36597906.833333336,7,2550307.0,5228272.404761905
62,60 a 64,2022,Mujeres,Otros,Pasivos,Bancaria,12,0.0,52204908.5,6,2550307.0,8700818.083333334
63,60 a 64,2022,Hombres,Vejez,Pasivos,Bancaria,12,0.0,147617317.91666666,18,2550307.0,8200962.106481481
63,60 a 64,2022,Hombres,Invalidez,Pasivos,Bancaria,12,0.0,2915414.8333333335,1,2550307.0,2915414.8333333335
63,60 a 64,2022,Hombres,Pensión/Sobrevivencia,Pasivos,Bancaria,12,0.0,2115481.25,1,2550307.0,2115481.25
63,60 a 64,2022,Hombres,Otros,Pasivos,Bancaria,12,0.0,120546657.25,19,2550307.0,6344560.907894737
63,60 a 64,2022,Mujeres,Vejez,Pasivos,Bancaria,12,0.0,76938404.16666667,7,2550307.0,10991200.595238095
63,60 a 64,2022,Mujeres,Invalidez,Pasivos,Bancaria,12,0.0,3809597.1666666665,1,2550307.0,3809597.1666666665
63,60 a 64,2022,Mujeres,Pensión/Sobrevivencia,Pasivos,Bancaria,12,0.0,44850815.99999999,10,2550307.0,4485081.6
63,60 a 64,2022,Mujeres,Otros,Pasivos,Bancaria,12,0.0,26962829.25,6,2550307.0,4493804.875
64,60 a 64,2022,Hombres,Vejez,Pasivos,Bancaria,12,0.0,230728553.08333334,23,2550307.0,10031676.221014494
64,60 a 64,2022,Hombres,Invalidez,Pasivos,Bancaria,12,0.0,19665749.416666668,2,2550307.0,9832874.708333334
64,60 a 64,2022,Hombres,Pensión/Sobrevivencia,Pasivos,Bancaria,12,0.0,11678743.5,2,2550307.0,5839371.75
64,60 a 64,2022,Hombres,Otros,Pasivos,Bancaria,12,0.0,159088952.75,19,2550307.0,8373102.77631579
64,60 a 64,2022,Mujeres,Vejez,Pasivos,Bancaria,12,0.0,72553195.08333334,8,2550307.0,9069149.385416668
64,60 a 64,2022,Mujeres,Pensión/Sobrevivencia,Pasivos,Bancaria,12,0.0,45811921.33333333,10,2550307.0,4581192.133333333
64,60 a 64,2022,Mujeres,Otros,Pasivos,Bancaria,12,0.0,103174012.66666667,16,2550307.0,6448375.791666667
65,65 a 69,2022,Hombres,Vejez,Pasivos,Bancaria,12,0.0,421622003.6666666,42,2550307.0,10038619.134920634
65,65 a 69,2022,Hombres,Invalidez,Pasivos,Bancaria,12,0.0,13047804.916666668,2,2550307.0,6523902.458333334
65,65 a 69,2022,Hombres,Otros,Pasivos,Bancaria,12,0.0,159965371.25,22,2550307.0,7271153.238636363
65,65 a 69,2022,Mujeres,Vejez,Pasivos,Bancaria,12,0.0,37329250.166666664,3,2550307.0,12443083.388888888
65,65 a 69,2022,Mujeres,Pensión/Sobrevivencia,Pasivos,Bancaria,12,0.0,58342645.583333336,12,2550307.0,4861887.131944445
65,65 a 69,2022,Mujeres,Otros,Pasivos,Bancaria,12,0.0,93109618.33333333,14,2550307.0,6650687.023809523
66,65 a 69,2022,Hombres,Vejez,Pasivos,Bancaria,12,0.0,547354372.0,56,2550307.0,9774185.214285715
66,65 a 69,2022,Hombres,Invalidez,Pasivos,Bancaria,12,0.0,18288258.0,2,2550307.0,9144129.0
66,65 a 69,2022,Hombres,Pensión/Sobrevivencia,Pasivos,Bancaria,12,0.0,4755610.083333333,1,2550307.0,4755610.083333333
66,65 a 69,2022,Hombres,Otros,Pasivos,Bancaria,12,0.0,142216723.4166667,18,2550307.0,7900929.078703705
66,65 a 69,2022,Mujeres,Vejez,Pasivos,Bancaria,12,0.0,56539372.166666664,7,2550307.0,8077053.166666666
66,65 a 69,2022,Mujeres,Pensión/Sobrevivencia,Pasivos,Bancaria,12,0.0,30000204.0,6,2550307.0,5000034.0
66,65 a 69,2022,Mujeres,Otros,Pasivos,Bancaria,12,0.0,133860729.66666666,20,2550307.0,6693036.483333332
67,65 a 69,2022,Hombres,Vejez,Pasivos,Bancaria,12,0.0,563309099.9166667,56,2550307.0,10059091.069940478
67,65 a 69,2022,Hombres,Invalidez,Pasivos,Bancaria,12,0.0,8045247.083333333,1,2550307.0,8045247.083333333
67,65 a 69,2022,Hombres,Pensión/Sobrevivencia,Pasivos,Bancaria,12,0.0,5154597.666666667,1,2550307.0,5154597.666666667
67,65 a 69,2022,Hombres,Otros,Pasivos,Bancaria,12,0.0,181424056.6666667,23,2550307.0,7888002.463768117
67,65 a 69,2022,Mujeres,Vejez,Pasivos,Bancaria,12,0.0,118039313.66666667,11,2550307.0,10730846.696969697
67,65 a 69,2022,Mujeres,Invalidez,Pasivos,Bancaria,12,0.0,5372944.083333333,1,2550307.0,5372944.083333333
67,65 a 69,2022,Mujeres,Pensión/Sobrevivencia,Pasivos,Bancaria,12,0.0,47147802.83333333,7,2550307.0,6735400.404761904
67,65 a 69,2022,Mujeres,Otros,Pasivos,Bancaria,12,0.0,59941835.58333334,9,2550307.0,6660203.953703705
68,65 a 69,2022,Hombres,Vejez,Pasivos,Bancaria,12,0.0,535158134.7500002,51,2550307.0,10493296.759803925
68,65 a 69,2022,Hombres,Invalidez,Pasivos,Bancaria,12,0.0,4047433.5833333335,1,2550307.0,4047433.5833333335
68,65 a 69,2022,Hombres,Pensión/Sobrevivencia,Pasivos,Bancaria,12,0.0,18706368.5,3,2550307.0,6235456.166666667
68,65 a 69,2022,Hombres,Otros,Pasivos,Bancaria,12,0.0,214246974.83333337,26,2550307.0,8240268.262820514
68,65 a 69,2022,Mujeres,Vejez,Pasivos,Bancaria,12,0.0,131989227.66666667,11,2550307.0,11999020.696969697
68,65 a 69,2022,Mujeres,Invalidez,Pasivos,Bancaria,12,0.0,7923937.083333334,2,2550307.0,3961968.541666667
68,65 a 69,2022,Mujeres,Pensión/Sobrevivencia,Pasivos,Bancaria,12,0.0,36150936.25,8,2550307.0,4518867.03125
68,65 a 69,2022,Mujeres,Otros,Pasivos,Bancaria,12,0.0,86427636.0,11,2550307.0,7857057.818181818
69,65 a 69,2022,Hombres,Vejez,Pasivos,Bancaria,12,0.0,501961747.50000006,50,2550307.0,10039234.950000001
69,65 a 69,2022,Hombres,Invalidez,Pasivos,Bancaria,12,0.0,8816598.833333332,2,2550307.0,4408299.416666666
69,65 a 69,2022,Hombres,Pensión/Sobrevivencia,Pasivos,Bancaria,12,0.0,12965324.25,3,2550307.0,4321774.75
69,65 a 69,2022,Hombres,Otros,Pasivos,Bancaria,12,0.0,210946284.91666663,24,2550307.0,8789428.538194442
69,65 a 69,2022,Mujeres,Vejez,Pasivos,Bancaria,12,0.0,114150532.5,12,2550307.0,9512544.375
69,65 a 69,2022,Mujeres,Invalidez,Pasivos,Bancaria,12,0.0,23580274.666666668,4,2550307.0,5895068.666666667
69,65 a 69,2022,Mujeres,Pensión/Sobrevivencia,Pasivos,Bancaria,12,0.0,28960246.833333332,7,2550307.0,4137178.119047619
69,65 a 69,2022,Mujeres,Otros,Pasivos,Bancaria,12,0.0,112432636.91666667,14,2550307.0,8030902.636904762
70,70 a 74,2022,Hombres,Vejez,Pasivos,Bancaria,12,0.0,600992717.0833333,65,2550307.0,9246041.80128205
70,70 a 74,2022,Hombres,Invalidez,Pasivos,Bancaria,12,0.0,14460020.666666668,3,2550307.0,4820006.888888889
70,70 a 74,2022,Hombres,Otros,Pasivos,Bancaria,12,0.0,146589101.5,18,2550307.0,8143838.972222222
70,70 a 74,2022,Mujeres,Vejez,Pasivos,Bancaria,12,0.0,129327306.08333334,14,2550307.0,9237664.720238095
70,70 a 74,2022,Mujeres,Pensión/Sobrevivencia,Pasivos,Bancaria,12,0.0,38497149.50000001,9,2550307.0,4277461.055555556
70,70 a 74,2022,Mujeres,Otros,Pasivos,Bancaria,12,0.0,123850030.91666667,17,2550307.0,7285295.93627451
71,70 a 74,2022,Hombres,Vejez,Pasivos,Bancaria,12,0.0,524299113.83333343,57,2550307.0,9198230.067251464
71,70 a 74,2022,Hombres,Invalidez,Pasivos,Bancaria,12,0.0,7968249.416666666,2,2550307.0,3984124.708333333
71,70 a 74,2022,Hombres,Pensión/Sobrevivencia,Pasivos,Bancaria,12,0.0,3515290.3333333335,1,2550307.0,3515290.3333333335
71,70 a 74,2022,Hombres,Otros,Pasivos,Bancaria,12,0.0,96054173.25,12,2550307.0,8004514.4375
71,70 a 74,2022,Mujeres,Vejez,Pasivos,Bancaria,12,0.0,133778924.16666667,17,2550307.0,7869348.480392157
71,70 a 74,2022,Mujeres,Pensión/Sobrevivencia,Pasivos,Bancaria,12,0.0,50986013.75000001,9,2550307.0,5665112.63888889
71,70 a 74,2022,Mujeres,Otros,Pasivos,Bancaria,12,0.0,25047484.75,5,2550307.0,5009496.95
72,70 a 74,2022,Hombres,Vejez,Pasivos,Bancaria,12,0.0,590874726.9166669,69,2550307.0,8563401.839371983
72,70 a 74,2022,Hombres,Invalidez,Pasivos,Bancaria,12,0.0,11725798.333333332,2,2550307.0,5862899.166666666
72,70 a 74,2022,Hombres,Pensión/Sobrevivencia,Pasivos,Bancaria,12,0.0,7047967.833333333,2,2550307.0,3523983.9166666665
72,70 a 74,2022,Hombres,Otros,Pasivos,Bancaria,12,0.0,97774018.25,14,2550307.0,6983858.446428572
72,70 a 74,2022,Mujeres,Vejez,Pasivos,Bancaria,12,0.0,137136608.50000003,17,2550307.0,8066859.323529414
72,70 a 74,2022,Mujeres,Invalidez,Pasivos,Bancaria,12,0.0,3699536.5,1,2550307.0,3699536.5
72,70 a 74,2022,Mujeres,Pensión/Sobrevivencia,Pasivos,Bancaria,12,0.0,65022221.25,13,2550307.0,5001709.326923077
72,70 a 74,2022,Mujeres,Otros,Pasivos,Bancaria,12,0.0,36282943.333333336,5,2550307.0,7256588.666666667
73,70 a 74,2022,Hombres,Vejez,Pasivos,Bancaria,12,0.0,466924406.6666666,56,2550307.0,8337935.833333333
73,70 a 74,2022,Hombres,Invalidez,Pasivos,Bancaria,12,0.0,5682079.75,2,2550307.0,2841039.875
73,70 a 74,2022,Hombres,Otros,Pasivos,Bancaria,12,0.0,58467650.75000001,7,2550307.0,8352521.535714286
73,70 a 74,2022,Mujeres,Vejez,Pasivos,Bancaria,12,0.0,95455068.08333333,11,2550307.0,8677733.462121211
73,70 a 74,2022,Mujeres,Invalidez,Pasivos,Bancaria,12,0.0,3799892.8333333335,1,2550307.0,3799892.8333333335
73,70 a 74,2022,Mujeres,Pensión/Sobrevivencia,Pasivos,Bancaria,12,0.0,75086825.58333333,13,2550307.0,5775909.66025641
73,70 a 74,2022,Mujeres,Otros,Pasivos,Bancaria,12,0.0,7828330.166666667,2,2550307.0,3914165.0833333335
74,70 a 74,2022,Hombres,Vejez,Pasivos,Bancaria,12,0.0,441588320.0833333,50,2550307.0,8831766.401666665
74,70 a 74,2022,Hombres,Otros,Pasivos,Bancaria,12,0.0,59243530.083333336,8,2550307.0,7405441.260416667
74,70 a 74,2022,Mujeres,Vejez,Pasivos,Bancaria,12,0.0,138028795.91666666,16,2550307.0,8626799.744791666
74,70 a 74,2022,Mujeres,Invalidez,Pasivos,Bancaria,12,0.0,11274913.583333334,3,2550307.0,3758304.527777778
74,70 a 74,2022,Mujeres,Pensión/Sobrevivencia,Pasivos,Bancaria,12,0.0,75618780.08333333,16,2550307.0,4726173.755208333
74,70 a 74,2022,Mujeres,Otros,Pasivos,Bancaria,12,0.0,41582716.33333333,7,2550307.0,5940388.047619047
75,75 a 79,2022,Hombres,Vejez,Pasivos,Bancaria,12,0.0,317717258.5833333,41,2550307.0,7749201.4288617885
75,75 a 79,2022,Hombres,Pensión/Sobrevivencia,Pasivos,Bancaria,12,0.0,8382164.416666667,1,2550307.0,8382164.416666667
75,75 a 79,2022,Hombres,Otros,Pasivos,Bancaria,12,0.0,24895479.083333332,4,2550307.0,6223869.770833333
75,75 a 79,2022,Mujeres,Vejez,Pasivos,Bancaria,12,0.0,104122648.58333333,12,2550307.0,8676887.381944444
75,75 a 79,2022,Mujeres,Pensión/Sobrevivencia,Pasivos,Bancaria,12,0.0,91682333.33333331,21,2550307.0,4365825.3968253955
75,75 a 79,2022,Mujeres,Otros,Pasivos,Bancaria,12,0.0,9888379.583333332,2,2550307.0,4944189.791666666
76,75 a 79,2022,Hombres,Vejez,Pasivos,Bancaria,12,0.0,308782148.5833333,40,2550307.0,7719553.714583333
76,75 a 79,2022,Hombres,Invalidez,Pasivos,Bancaria,12,0.0,6591869.166666667,1,2550307.0,6591869.166666667
76,75 a 79,2022,Hombres,Pensión/Sobrevivencia,Pasivos,Bancaria,12,0.0,3246629.0833333335,1,2550307.0,3246629.0833333335
76,75 a 79,2022,Hombres,Otros,Pasivos,Bancaria,12,0.0,23999544.666666668,4,2550307.0,5999886.166666667
76,75 a 79,2022,Mujeres,Vejez,Pasivos,Bancaria,12,0.0,79812061.66666669,11,2550307.0,7255641.969696972
76,75 a 79,2022,Mujeres,Invalidez,Pasivos,Bancaria,12,0.0,5493628.166666667,1,2550307.0,5493628.166666667
76,75 a 79,2022,Mujeres,Pensión/Sobrevivencia,Pasivos,Bancaria,12,0.0,69384831.0,12,2550307.0,5782069.25
76,75 a 79,2022,Mujeres,Otros,Pasivos,Bancaria,12,0.0,21797152.583333332,4,2550307.0,5449288.145833333
77,75 a 79,2022,Hombres,Vejez,Pasivos,Bancaria,12,0.0,289555243.24999994,39,2550307.0,7424493.416666665
77,75 a 79,2022,Hombres,Otros,Pasivos,Bancaria,12,0.0,21737576.0,4,2550307.0,5434394.0
77,75 a 79,2022,Mujeres,Vejez,Pasivos,Bancaria,12,0.0,57801764.083333336,9,2550307.0,6422418.231481481
77,75 a 79,2022,Mujeres,Invalidez,Pasivos,Bancaria,12,0.0,9151055.75,2,2550307.0,4575527.875
77,75 a 79,2022,Mujeres,Pensión/Sobrevivencia,Pasivos,Bancaria,12,0.0,39371914.75,10,2550307.0,3937191.475
77,75 a 79,2022,Mujeres,Otros,Pasivos,Bancaria,12,0.0,10378024.75,2,2550307.0,5189012.375
78,75 a 79,2022,Hombres,Vejez,Pasivos,Bancaria,12,0.0,375470367.3333333,53,2550307.0,7084346.553459119
78,75 a 79,2022,Hombres,Invalidez,Pasivos,Bancaria,12,0.0,8989963.583333334,2,2550307.0,4494981.791666667
78,75 a 79,2022,Hombres,Otros,Pasivos,Bancaria,12,0.0,16908269.333333332,3,2550307.0,5636089.777777777
78,75 a 79,2022,Mujeres,Vejez,Pasivos,Bancaria,12,0.0,129353016.75,16,2550307.0,8084563.546875
78,75 a 79,2022,Mujeres,Pensión/Sobrevivencia,Pasivos,Bancaria,12,0.0,64435873.66666667,16,2550307.0,4027242.104166667
79,75 a 79,2022,Hombres,Vejez,Pasivos,Bancaria,12,0.0,235014859.08333337,38,2550307.0,6184601.554824563
79,75 a 79,2022,Hombres,Pensión/Sobrevivencia,Pasivos,Bancaria,12,0.0,9096808.583333332,3,2550307.0,3032269.5277777775
79,75 a 79,2022,Mujeres,Vejez,Pasivos,Bancaria,12,0.0,59635119.416666664,10,2550307.0,5963511.941666666
79,75 a 79,2022,Mujeres,Pensión/Sobrevivencia,Pasivos,Bancaria,12,0.0,52095752.91666666,13,2550307.0,4007365.608974358
80,80 a 84,2022,Hombres,Vejez,Pasivos,Bancaria,12,0.0,185092216.25,28,2550307.0,6610436.294642857
80,80 a 84,2022,Hombres,Otros,Pasivos,Bancaria,12,0.0,6793512.75,1,2550307.0,6793512.75
80,80 a 84,2022,Mujeres,Vejez,Pasivos,Bancaria,12,0.0,116875561.24999997,18,2550307.0,6493086.736111109
80,80 a 84,2022,Mujeres,Pensión/Sobrevivencia,Pasivos,Bancaria,12,0.0,37030679.16666667,8,2550307.0,4628834.895833334
80,80 a 84,2022,Mujeres,Otros,Pasivos,Bancaria,12,0.0,10252251.833333332,2,2550307.0,5126125.916666666
81,80 a 84,2022,Hombres,Vejez,Pasivos,Bancaria,12,0.0,187073312.66666672,29,2550307.0,6450803.885057473
81,80 a 84,2022,Hombres,Invalidez,Pasivos,Bancaria,12,0.0,3435836.0833333335,1,2550307.0,3435836.0833333335
81,80 a 84,2022,Hombres,Otros,Pasivos,Bancaria,12,0.0,3625968.1666666665,1,2550307.0,3625968.1666666665
81,80 a 84,2022,Mujeres,Vejez,Pasivos,Bancaria,12,0.0,22870583.833333332,4,2550307.0,5717645.958333333
81,80 a 84,2022,Mujeres,Pensión/Sobrevivencia,Pasivos,Bancaria,12,0.0,62089120.25,15,2550307.0,4139274.683333333
82,80 a 84,2022,Hombres,Vejez,Pasivos,Bancaria,12,0.0,209462736.25,30,2550307.0,6982091.208333333
82,80 a 84,2022,Hombres,Pensión/Sobrevivencia,Pasivos,Bancaria,12,0.0,3041092.3333333335,1,2550307.0,3041092.3333333335
82,80 a 84,2022,Mujeres,Vejez,Pasivos,Bancaria,12,0.0,19903354.666666668,3,2550307.0,6634451.555555556
82,80 a 84,2022,Mujeres,Pensión/Sobrevivencia,Pasivos,Bancaria,12,0.0,109144061.91666666,23,2550307.0,4745393.9963768115
83,80 a 84,2022,Hombres,Vejez,Pasivos,Bancaria,12,0.0,219317032.6666667,34,2550307.0,6450500.960784314
83,80 a 84,2022,Hombres,Pensión/Sobrevivencia,Pasivos,Bancaria,12,0.0,4823357.666666667,1,2550307.0,4823357.666666667
83,80 a 84,2022,Mujeres,Vejez,Pasivos,Bancaria,12,0.0,27216709.833333332,4,2550307.0,6804177.458333333
83,80 a 84,2022,Mujeres,Pensión/Sobrevivencia,Pasivos,Bancaria,12,0.0,126491036.49999999,30,2550307.0,4216367.883333333
84,80 a 84,2022,Hombres,Vejez,Pasivos,Bancaria,12,0.0,156815500.75,25,2550307.0,6272620.03
84,80 a 84,2022,Hombres,Otros,Pasivos,Bancaria,12,0.0,5372271.833333333,1,2550307.0,5372271.833333333
84,80 a 84,2022,Mujeres,Vejez,Pasivos,Bancaria,12,0.0,51151568.083333336,7,2550307.0,7307366.869047619
84,80 a 84,2022,Mujeres,Pensión/Sobrevivencia,Pasivos,Bancaria,12,0.0,87706061.41666666,20,2550307.0,4385303.070833333
85,85 y más,2022,Hombres,Vejez,Pasivos,Bancaria,12,0.0,184593560.25,34,2550307.0,5429222.360294118
85,85 y más,2022,Mujeres,Vejez,Pasivos,Bancaria,12,0.0,17651868.5,3,2550307.0,5883956.166666667
85,85 y más,2022,Mujeres,Invalidez,Pasivos,Bancaria,12,0.0,4670601.583333333,1,2550307.0,4670601.583333333
85,85 y más,2022,Mujeres,Pensión/Sobrevivencia,Pasivos,Bancaria,12,0.0,120339610.75,27,2550307.0,4457022.62037037
86,85 y más,2022,Hombres,Vejez,Pasivos,Bancaria,12,0.0,197991870.0,34,2550307.0,5823290.294117647
86,85 y más,2022,Hombres,Invalidez,Pasivos,Bancaria,12,0.0,7564256.0,2,2550307.0,3782128.0
86,85 y más,2022,Hombres,Otros,Pasivos,Bancaria,12,0.0,18459649.0,3,2550307.0,6153216.333333333
86,85 y más,2022,Mujeres,Vejez,Pasivos,Bancaria,12,0.0,6478454.916666667,1,2550307.0,6478454.916666667
86,85 y más,2022,Mujeres,Pensión/Sobrevivencia,Pasivos,Bancaria,12,0.0,109673485.66666666,23,2550307.0,4768412.4202898545
87,85 y más,2022,Hombres,Vejez,Pasivos,Bancaria,12,0.0,132697157.5833333,23,2550307.0,5769441.63405797
87,85 y más,2022,Mujeres,Vejez,Pasivos,Bancaria,12,0.0,12014837.083333334,2,2550307.0,6007418.541666667
87,85 y más,2022,Mujeres,Pensión/Sobrevivencia,Pasivos,Bancaria,12,0.0,111523833.24999999,24,2550307.0,4646826.385416666
88,85 y más,2022,Hombres,Vejez,Pasivos,Bancaria,12,0.0,158688728.58333334,30,2550307.0,5289624.286111112
88,85 y más,2022,Mujeres,Vejez,Pasivos,Bancaria,12,0.0,26562094.166666668,4,2550307.0,6640523.541666667
88,85 y más,2022,Mujeres,Pensión/Sobrevivencia,Pasivos,Bancaria,12,0.0,117097086.08333333,26,2550307.0,4503734.080128205
89,85 y más,2022,Hombres,Vejez,Pasivos,Bancaria,12,0.0,180638032.0,32,2550307.0,5644938.5
89,85 y más,2022,Mujeres,Vejez,Pasivos,Bancaria,12,0.0,6366792.25,1,2550307.0,6366792.25
89,85 y más,2022,Mujeres,Pensión/Sobrevivencia,Pasivos,Bancaria,12,0.0,90604739.66666667,22,2550307.0,4118397.257575758
90,85 y más,2022,Hombres,Vejez,Pasivos,Bancaria,12,0.0,120434000.74999999,20,2550307.0,6021700.0375
90,85 y más,2022,Hombres,Otros,Pasivos,Bancaria,12,0.0,15169933.833333334,3,2550307.0,5056644.611111111
90,85 y más,2022,Mujeres,Vejez,Pasivos,Bancaria,12,0.0,30641713.416666668,5,2550307.0,6128342.683333334
90,85 y más,2022,Mujeres,Pensión/Sobrevivencia,Pasivos,Bancaria,12,0.0,102394230.58333333,24,2550307.0,4266426.274305555
91,85 y más,2022,Hombres,Vejez,Pasivos,Bancaria,12,0.0,189162163.8333333,37,2550307.0,5112490.914414414
91,85 y más,2022,Hombres,Otros,Pasivos,Bancaria,12,0.0,3003928.6666666665,1,2550307.0,3003928.6666666665
91,85 y más,2022,Mujeres,Vejez,Pasivos,Bancaria,12,0.0,11285387.166666668,2,2550307.0,5642693.583333334
91,85 y más,2022,Mujeres,Pensión/Sobrevivencia,Pasivos,Bancaria,12,0.0,170806252.6666667,43,2550307.0,3972238.4341085274
91,85 y más,2022,Mujeres,Otros,Pasivos,Bancaria,12,0.0,3746483.6666666665,1,2550307.0,3746483.6666666665
92,85 y más,2022,Hombres,Vejez,Pasivos,Bancaria,12,0.0,123054390.83333334,23,2550307.0,5350190.905797102
92,85 y más,2022,Mujeres,Vejez,Pasivos,Bancaria,12,0.0,5875296.0,1,2550307.0,5875296.0
92,85 y más,2022,Mujeres,Pensión/Sobrevivencia,Pasivos,Bancaria,12,0.0,101640504.08333336,23,2550307.0,4419152.351449276
93,85 y más,2022,Hombres,Vejez,Pasivos,Bancaria,12,0.0,123223702.16666667,24,2550307.0,5134320.923611111
93,85 y más,2022,Hombres,Otros,Pasivos,Bancaria,12,0.0,4935244.916666667,1,2550307.0,4935244.916666667
93,85 y más,2022,Mujeres,Vejez,Pasivos,Bancaria,12,0.0,5824117.25,1,2550307.0,5824117.25
93,85 y más,2022,Mujeres,Pensión/Sobrevivencia,Pasivos,Bancaria,12,0.0,97556489.83333334,23,2550307.0,4241586.514492754
94,85 y más,2022,Hombres,Vejez,Pasivos,Bancaria,12,0.0,105388249.33333333,19,2550307.0,5546749.96491228
94,85 y más,2022,Hombres,Invalidez,Pasivos,Bancaria,12,0.0,7081898.166666666,2,2550307.0,3540949.083333333
94,85 y más,2022,Mujeres,Vejez,Pasivos,Bancaria,12,0.0,5442312.75,1,2550307.0,5442312.75
94,85 y más,2022,Mujeres,Pensión/Sobrevivencia,Pasivos,Bancaria,12,0.0,84051722.41666667,23,2550307.0,3654422.713768116
95,85 y más,2022,Hombres,Vejez,Pasivos,Bancaria,12,0.0,118587436.66666667,22,2550307.0,5390338.03030303
95,85 y más,2022,Mujeres,Pensión/Sobrevivencia,Pasivos,Bancaria,12,0.0,25077524.416666664,6,2550307.0,4179587.4027777775
96,85 y más,2022,Hombres,Vejez,Pasivos,Bancaria,12,0.0,46216759.083333336,10,2550307.0,4621675.908333333
96,85 y más,2022,Mujeres,Pensión/Sobrevivencia,Pasivos,Bancaria,12,0.0,55321667.5,15,2550307.0,3688111.1666666665
97,85 y más,2022,Hombres,Vejez,Pasivos,Bancaria,12,0.0,31520052.916666664,7,2550307.0,4502864.702380952
97,85 y más,2022,Mujeres,Vejez,Pasivos,Bancaria,12,0.0,887536.4166666666,1,2550307.0,887536.4166666666
97,85 y más,2022,Mujeres,Pensión/Sobrevivencia,Pasivos,Bancaria,12,0.0,51148434.58333334,12,2550307.0,4262369.548611112
98,85 y más,2022,Hombres,Vejez,Pasivos,Bancaria,12,0.0,26859642.75,6,2550307.0,4476607.125
98,85 y más,2022,Mujeres,Pensión/Sobrevivencia,Pasivos,Bancaria,12,0.0,27380588.916666668,7,2550307.0,3911512.7023809524
99,85 y más,2022,Hombres,Vejez,Pasivos,Bancaria,12,0.0,10722508.166666668,2,2550307.0,5361254.083333334
99,85 y más,2022,Hombres,Invalidez,Pasivos,Bancaria,12,0.0,1434516.8333333333,1,2550307.0,1434516.8333333333
99,85 y más,2022,Mujeres,Pensión/Sobrevivencia,Pasivos,Bancaria,12,0.0,43115951.416666664,12,2550307.0,3592995.9513888885
100,85 y más,2022,Hombres,Vejez,Pasivos,Bancaria,12,0.0,15139373.833333334,3,2550307.0,5046457.944444445
100,85 y más,2022,Mujeres,Pensión/Sobrevivencia,Pasivos,Bancaria,12,0.0,24235126.5,6,2550307.0,4039187.75
18,15 a 19,2023,Hombres,Activos,Activos,Ande,12,631600.0,6316000.0,1,2680373.0,6316000.0
18,15 a 19,2023,Mujeres,Activos,Activos,Ande,12,510000.0,5100000.0,3,2680373.0,1700000.0
19,15 a 19,2023,Hombres,Activos,Activos,Ande,12,2889480.6,28894806.0,17,2680373.0,1699694.4705882352
19,15 a 19,2023,Mujeres,Activos,Activos,Ande,12,1870000.0,18700000.0,11,2680373.0,1700000.0
20,20 a 24,2023,Hombres,Activos,Activos,Ande,12,4037018.6999999993,40370187.0,22,2680373.0,1835008.5
20,20 a 24,2023,Mujeres,Activos,Activos,Ande,12,1819817.3,18198173.0,8,2680373.0,2274771.625
21,20 a 24,2023,Hombres,Activos,Activos,Ande,12,7251409.9,72514099.0,29,2680373.0,2500486.172413793
21,20 a 24,2023,Mujeres,Activos,Activos,Ande,12,849362.5,8493625.0,5,2680373.0,1698725.0
22,20 a 24,2023,Hombres,Activos,Activos,Ande,12,6035352.699999999,60353527.0,22,2680373.0,2743342.1363636362
22,20 a 24,2023,Mujeres,Activos,Activos,Ande,12,1445030.7,14450307.0,8,2680373.0,1806288.375
23,20 a 24,2023,Hombres,Activos,Activos,Ande,12,9598049.4,95980494.0,33,2680373.0,2908499.8181818184
23,20 a 24,2023,Mujeres,Activos,Activos,Ande,12,2699354.0999999996,26993541.0,10,2680373.0,2699354.1
24,20 a 24,2023,Hombres,Activos,Activos,Ande,12,22460138.3,224601383.0,36,2680373.0,6238927.305555556
24,20 a 24,2023,Mujeres,Activos,Activos,Ande,12,2538754.1,25387541.0,13,2680373.0,1952887.7692307692
25,25 a 29,2023,Hombres,Activos,Activos,Ande,12,15148889.4,151488894.0,26,2680373.0,5826495.923076923
25,25 a 29,2023,Mujeres,Activos,Activos,Ande,12,3213341.4000000004,32133414.0,9,2680373.0,3570379.3333333335
26,25 a 29,2023,Hombres,Activos,Activos,Ande,12,27691979.900000006,276919799.0,29,2680373.0,9548958.586206896
26,25 a 29,2023,Mujeres,Activos,Activos,Ande,12,7414588.1000000015,74145881.0,13,2680373.0,5703529.307692308
27,25 a 29,2023,Hombres,Activos,Activos,Ande,12,33304208.299999993,333042083.0,39,2680373.0,8539540.58974359
27,25 a 29,2023,Mujeres,Activos,Activos,Ande,12,8649994.7,86499947.0,15,2680373.0,5766663.133333334
28,25 a 29,2023,Hombres,Activos,Activos,Ande,12,41814542.0,418145420.0,48,2680373.0,8711362.916666666
28,25 a 29,2023,Mujeres,Activos,Activos,Ande,12,8141828.000000001,81418280.0,10,2680373.0,8141828.0
29,25 a 29,2023,Hombres,Activos,Activos,Ande,12,70407867.60000002,704078676.0,69,2680373.0,10204038.782608695
29,25 a 29,2023,Mujeres,Activos,Activos,Ande,12,8785872.5,87858725.0,10,2680373.0,8785872.5
30,30 a 34,2023,Hombres,Activos,Activos,Ande,12,89361599.60000004,893615996.0,87,2680373.0,10271448.229885057
30,30 a 34,2023,Mujeres,Activos,Activos,Ande,12,19213565.0,192135650.0,20,2680373.0,9606782.5
31,30 a 34,2023,Hombres,Activos,Activos,Ande,12,93750870.2,937508702.0,90,2680373.0,10416763.355555555
31,30 a 34,2023,Mujeres,Activos,Activos,Ande,12,20782646.999999996,207826470.0,22,2680373.0,9446657.727272727
32,30 a 34,2023,Hombres,Activos,Activos,Ande,12,130803440.49999999,1308034405.0,120,2680373.0,10900286.708333334
32,30 a 34,2023,Mujeres,Activos,Activos,Ande,12,36573195.400000006,365731954.0,36,2680373.0,10159220.944444444
33,30 a 34,2023,Hombres,Activos,Activos,Ande,12,104749765.10000001,1047497651.0,95,2680373.0,11026291.063157896
33,30 a 34,2023,Mujeres,Activos,Activos,Ande,12,30655625.300000004,306556253.0,32,2680373.0,9579882.90625
34,30 a 34,2023,Hombres,Activos,Activos,Ande,12,112630017.69999997,1126300177.0,105,2680373.0,10726668.352380952
34,30 a 34,2023,Mujeres,Activos,Activos,Ande,12,29189580.7,291895807.0,29,2680373.0,10065372.655172413
35,35 a 39,2023,Hombres,Activos,Activos,Ande,12,136586427.10000002,1365864271.0,118,2680373.0,11575120.940677967
35,35 a 39,2023,Mujeres,Activos,Activos,Ande,12,33145970.300000004,331459703.0,33,2680373.0,10044233.424242424
36,35 a 39,2023,Hombres,Activos,Activos,Ande,12,113165405.0,1131654050.0,96,2680373.0,11788063.020833334
36,35 a 39,2023,Mujeres,Activos,Activos,Ande,12,37606106.199999996,376061062.0,35,2680373.0,10744601.771428572
37,35 a 39,2023,Hombres,Activos,Activos,Ande,12,127632826.60000001,1276328266.0,106,2680373.0,12040832.698113207
37,35 a 39,2023,Mujeres,Activos,Activos,Ande,12,41252173.5,412521735.0,36,2680373.0,11458937.083333334
38,35 a 39,2023,Hombres,Activos,Activos,Ande,12,126638039.20000006,1266380392.0,108,2680373.0,11725744.370370371
38,35 a 39,2023,Mujeres,Activos,Activos,Ande,12,40746840.7,407468407.0,34,2680373.0,11984364.911764706
39,35 a 39,2023,Hombres,Activos,Activos,Ande,12,158203034.8,1582030348.0,126,2680373.0,12555796.412698412
39,35 a 39,2023,Mujeres,Activos,Activos,Ande,12,40709271.1,407092711.0,39,2680373.0,10438274.641025642
40,40 a 44,2023,Hombres,Activos,Activos,Ande,12,176827570.89999998,1768275709.0,136,2680373.0,13002027.272058824
40,40 a 44,2023,Mujeres,Activos,Activos,Ande,12,41691716.79999998,416917168.0,31,2680373.0,13448940.903225806
41,40 a 44,2023,Hombres,Activos,Activos,Ande,12,164532668.50000006,1645326685.0,120,2680373.0,13711055.708333334
41,40 a 44,2023,Mujeres,Activos,Activos,Ande,12,42155603.5,421556035.0,38,2680373.0,11093579.868421054
42,40 a 44,2023,Hombres,Activos,Activos,Ande,12,147880019.3000001,1478800193.0,103,2680373.0,14357283.427184466
42,40 a 44,2023,Mujeres,Activos,Activos,Ande,12,47520285.89999999,475202859.0,38,2680373.0,12505338.394736841
43,40 a 44,2023,Hombres,Activos,Activos,Ande,12,169145103.40000007,1691451034.0,128,2680373.0,13214461.203125
43,40 a 44,2023,Mujeres,Activos,Activos,Ande,12,54709311.7,547093117.0,37,2680373.0,14786300.45945946
44,40 a 44,2023,Hombres,Activos,Activos,Ande,12,195657507.90000004,1956575079.0,134,2680373.0,14601306.559701493
44,40 a 44,2023,Mujeres,Activos,Activos,Ande,12,40745635.10000001,407456351.0,31,2680373.0,13143753.258064516
45,45 a 49,2023,Hombres,Activos,Activos,Ande,12,154555478.09999996,1545554781.0,107,2680373.0,14444437.205607476
45,45 a 49,2023,Mujeres,Activos,Activos,Ande,12,48908132.99999999,489081330.0,36,2680373.0,13585592.5
46,45 a 49,2023,Hombres,Activos,Activos,Ande,12,186578108.2,1865781082.0,115,2680373.0,16224183.32173913
46,45 a 49,2023,Mujeres,Activos,Activos,Ande,12,52049730.9,520497309.0,33,2680373.0,15772645.727272727
47,45 a 49,2023,Hombres,Activos,Activos,Ande,12,136812214.7,1368122147.0,88,2680373.0,15546842.579545455
47,45 a 49,2023,Mujeres,Activos,Activos,Ande,12,45466960.50000001,454669605.0,30,2680373.0,15155653.5
48,45 a 49,2023,Hombres,Activos,Activos,Ande,12,141724766.59999993,1417247666.0,91,2680373.0,15574150.175824177
48,45 a 49,2023,Mujeres,Activos,Activos,Ande,12,37519720.9,375197209.0,28,2680373.0,13399900.32142857
49,45 a 49,2023,Hombres,Activos,Activos,Ande,12,170453779.0,1704537790.0,115,2680373.0,14822067.739130436
49,45 a 49,2023,Mujeres,Activos,Activos,Ande,12,49670863.900000006,496708639.0,29,2680373.0,17127884.103448275
50,50 a 54,2023,Hombres,Activos,Activos,Ande,12,165578797.8,1655787978.0,99,2680373.0,16725131.090909092
50,50 a 54,2023,Mujeres,Activos,Activos,Ande,12,33169835.6,331698356.0,21,2680373.0,15795159.80952381
51,50 a 54,2023,Hombres,Activos,Activos,Ande,12,140614281.4,1406142814.0,87,2680373.0,16162561.08045977
51,50 a 54,2023,Mujeres,Activos,Activos,Ande,12,48224761.5,482247615.0,30,2680373.0,16074920.5
52,50 a 54,2023,Hombres,Activos,Activos,Ande,12,137080647.19999996,1370806472.0,83,2680373.0,16515740.626506025
52,50 a 54,2023,Mujeres,Activos,Activos,Ande,12,45673368.9,456733689.0,24,2680373.0,19030570.375
53,50 a 54,2023,Hombres,Activos,Activos,Ande,12,182993015.50000003,1829930155.0,108,2680373.0,16943797.73148148
53,50 a 54,2023,Mujeres,Activos,Activos,Ande,12,31636930.799999997,316369308.0,24,2680373.0,13182054.5
54,50 a 54,2023,Hombres,Activos,Activos,Ande,12,190405759.39999998,1904057594.0,112,2680373.0,17000514.23214286
54,50 a 54,2023,Mujeres,Activos,Activos,Ande,12,43889528.1,438895281.0,28,2680373.0,15674831.464285715
55,55 a 59,2023,Hombres,Activos,Activos,Ande,12,180424457.8,1804244578.0,99,2680373.0,18224692.70707071
55,55 a 59,2023,Mujeres,Activos,Activos,Ande,12,41611018.8,416110188.0,27,2680373.0,15411488.444444444
56,55 a 59,2023,Hombres,Activos,Activos,Ande,12,224397424.49999997,2243974245.0,124,2680373.0,18096566.491935484
56,55 a 59,2023,Mujeres,Activos,Activos,Ande,12,25235926.300000004,252359263.0,20,2680373.0,12617963.15
57,55 a 59,2023,Hombres,Activos,Activos,Ande,12,217098746.30000004,2170987463.0,122,2680373.0,17794979.204918034
57,55 a 59,2023,Mujeres,Activos,Activos,Ande,12,48036109.599999994,480361096.0,28,2680373.0,17155753.42857143
58,55 a 59,2023,Hombres,Activos,Activos,Ande,12,249632696.39999995,2496326964.0,130,2680373.0,19202515.10769231
58,55 a 59,2023,Mujeres,Activos,Activos,Ande,12,39193709.3,391937093.0,24,2680373.0,16330712.208333334
59,55 a 59,2023,Hombres,Activos,Activos,Ande,12,253534403.50000006,2535344035.0,125,2680373.0,20282752.28
59,55 a 59,2023,Mujeres,Activos,Activos,Ande,12,47104958.3,471049583.0,28,2680373.0,16823199.39285714
60,60 a 64,2023,Hombres,Activos,Activos,Ande,12,92818403.9,928184039.0,63,2680373.0,14733079.984126983
60,60 a 64,2023,Mujeres,Activos,Activos,Ande,12,10047751.899999999,100477519.0,8,2680373.0,12559689.875
61,60 a 64,2023,Hombres,Activos,Activos,Ande,12,30979680.70000001,309796807.0,25,2680373.0,12391872.28
61,60 a 64,2023,Mujeres,Activos,Activos,Ande,12,6104985.800000001,61049858.0,5,2680373.0,12209971.6
62,60 a 64,2023,Hombres,Activos,Activos,Ande,12,27650733.60000001,276507336.0,26,2680373.0,10634897.538461538
62,60 a 64,2023,Mujeres,Activos,Activos,Ande,12,1887059.6,18870596.0,2,2680373.0,9435298.0
63,60 a 64,2023,Hombres,Activos,Activos,Ande,12,29853970.100000005,298539701.0,24,2680373.0,12439154.208333334
63,60 a 64,2023,Mujeres,Activos,Activos,Ande,12,4003459.4,40034594.0,4,2680373.0,10008648.5
64,60 a 64,2023,Hombres,Activos,Activos,Ande,12,27134372.699999996,271343727.0,22,2680373.0,12333805.772727273
64,60 a 64,2023,Mujeres,Activos,Activos,Ande,12,1490616.8,14906168.0,3,2680373.0,4968722.666666667
65,65 a 69,2023,Hombres,Activos,Activos,Ande,12,16200146.799999999,162001468.0,16,2680373.0,10125091.75
65,65 a 69,2023,Mujeres,Activos,Activos,Ande,12,1176741.4,11767414.0,3,2680373.0,3922471.3333333335
66,65 a 69,2023,Hombres,Activos,Activos,Ande,12,13877082.7,138770827.0,14,2680373.0,9912201.92857143
66,65 a 69,2023,Mujeres,Activos,Activos,Ande,12,355630.0,3556300.0,1,2680373.0,3556300.0
67,65 a 69,2023,Hombres,Activos,Activos,Ande,12,14148858.3,141488583.0,14,2680373.0,10106327.357142856
67,65 a 69,2023,Mujeres,Activos,Activos,Ande,12,1398445.5,13984455.0,1,2680373.0,13984455.0
68,65 a 69,2023,Hombres,Activos,Activos,Ande,12,12383105.500000002,123831055.0,14,2680373.0,8845075.357142856
69,65 a 69,2023,Hombres,Activos,Activos,Ande,12,14467351.1,144673511.0,13,2680373.0,11128731.615384616
69,65 a 69,2023,Mujeres,Activos,Activos,Ande,12,204024.6,2040246.0,1,2680373.0,2040246.0
70,70 a 74,2023,Hombres,Activos,Activos,Ande,12,7892424.400000001,78924244.0,9,2680373.0,8769360.444444444
70,70 a 74,2023,Mujeres,Activos,Activos,Ande,12,1574107.8000000003,15741078.0,3,2680373.0,5247026.0
71,70 a 74,2023,Hombres,Activos,Activos,Ande,12,10549920.800000003,105499208.0,13,2680373.0,8115323.692307692
71,70 a 74,2023,Mujeres,Activos,Activos,Ande,12,510061.4,5100614.0,2,2680373.0,2550307.0
72,70 a 74,2023,Hombres,Activos,Activos,Ande,12,4984810.000000001,49848100.0,5,2680373.0,9969620.0
72,70 a 74,2023,Mujeres,Activos,Activos,Ande,12,255030.7,2550307.0,1,2680373.0,2550307.0
73,70 a 74,2023,Hombres,Activos,Activos,Ande,12,1401633.8,14016338.0,2,2680373.0,7008169.0
74,70 a 74,2023,Hombres,Activos,Activos,Ande,12,4521148.0,45211480.0,6,2680373.0,7535246.666666667
75,75 a 79,2023,Hombres,Activos,Activos,Ande,12,416810.30000000005,4168103.0,1,2680373.0,4168103.0
76,75 a 79,2023,Hombres,Activos,Activos,Ande,12,475135.7,4751357.0,1,2680373.0,4751357.0
77,75 a 79,2023,Hombres,Activos,Activos,Ande,12,359670.7,3596707.0,1,2680373.0,3596707.0
78,75 a 79,2023,Hombres,Activos,Activos,Ande,12,938259.2000000001,9382592.0,1,2680373.0,9382592.0
80,80 a 84,2023,Hombres,Activos,Activos,Ande,12,255030.7,2550307.0,1,2680373.0,2550307.0
84,80 a 84,2023,Hombres,Activos,Activos,Ande,12,255030.7,2550307.0,1,2680373.0,2550307.0
3,0 a 4,2023,Hombres,Pensión/Sobrevivencia,Pasivos,Ande,12,0.0,4279706.0,1,2680373.0,4279706.0
4,0 a 4,2023,Hombres,Pensión/Sobrevivencia,Pasivos,Ande,12,0.0,1279957.0,1,2680373.0,1279957.0
5,5 a 9,2023,Mujeres,Pensión/Sobrevivencia,Pasivos,Ande,12,0.0,3547074.0,1,2680373.0,3547074.0
7,5 a 9,2023,Hombres,Pensión/Sobrevivencia,Pasivos,Ande,12,0.0,10628274.0,4,2680373.0,2657068.5
7,5 a 9,2023,Mujeres,Pensión/Sobrevivencia,Pasivos,Ande,12,0.0,2238721.0,2,2680373.0,1119360.5
8,5 a 9,2023,Hombres,Pensión/Sobrevivencia,Pasivos,Ande,12,0.0,1153546.0,1,2680373.0,1153546.0
8,5 a 9,2023,Mujeres,Pensión/Sobrevivencia,Pasivos,Ande,12,0.0,3582078.0,1,2680373.0,3582078.0
9,5 a 9,2023,Hombres,Pensión/Sobrevivencia,Pasivos,Ande,12,0.0,1279957.0,1,2680373.0,1279957.0
9,5 a 9,2023,Mujeres,Pensión/Sobrevivencia,Pasivos,Ande,12,0.0,12924216.0,2,2680373.0,6462108.0
10,10 a 14,2023,Hombres,Pensión/Sobrevivencia,Pasivos,Ande,12,0.0,3930412.0,3,2680373.0,1310137.3333333333
10,10 a 14,2023,Mujeres,Pensión/Sobrevivencia,Pasivos,Ande,12,0.0,6218640.0,1,2680373.0,6218640.0
11,10 a 14,2023,Hombres,Pensión/Sobrevivencia,Pasivos,Ande,12,0.0,1902905.0,1,2680373.0,1902905.0
11,10 a 14,2023,Mujeres,Pensión/Sobrevivencia,Pasivos,Ande,12,0.0,5835544.0,3,2680373.0,1945181.3333333333
12,10 a 14,2023,Hombres,Pensión/Sobrevivencia,Pasivos,Ande,12,0.0,1951250.0,1,2680373.0,1951250.0
12,10 a 14,2023,Mujeres,Pensión/Sobrevivencia,Pasivos,Ande,12,0.0,1783609.0,2,2680373.0,891804.5
13,10 a 14,2023,Hombres,Pensión/Sobrevivencia,Pasivos,Ande,12,0.0,5071758.0,2,2680373.0,2535879.0
13,10 a 14,2023,Mujeres,Pensión/Sobrevivencia,Pasivos,Ande,12,0.0,6531443.0,3,2680373.0,2177147.6666666665
14,10 a 14,2023,Hombres,Pensión/Sobrevivencia,Pasivos,Ande,12,0.0,6721872.0,4,2680373.0,1680468.0
14,10 a 14,2023,Mujeres,Pensión/Sobrevivencia,Pasivos,Ande,12,0.0,4686932.0,2,2680373.0,2343466.0
15,15 a 19,2023,Hombres,Pensión/Sobrevivencia,Pasivos,Ande,12,0.0,8594974.0,5,2680373.0,1718994.8
15,15 a 19,2023,Mujeres,Pensión/Sobrevivencia,Pasivos,Ande,12,0.0,9265223.0,6,2680373.0,1544203.8333333333
16,15 a 19,2023,Hombres,Pensión/Sobrevivencia,Pasivos,Ande,12,0.0,2126693.0,3,2680373.0,708897.6666666666
16,15 a 19,2023,Mujeres,Pensión/Sobrevivencia,Pasivos,Ande,12,0.0,7156071.0,2,2680373.0,3578035.5
17,15 a 19,2023,Hombres,Pensión/Sobrevivencia,Pasivos,Ande,12,0.0,12751774.0,6,2680373.0,2125295.6666666665
17,15 a 19,2023,Mujeres,Pensión/Sobrevivencia,Pasivos,Ande,12,0.0,8171161.0,4,2680373.0,2042790.25
18,15 a 19,2023,Hombres,Pensión/Sobrevivencia,Pasivos,Ande,12,0.0,3423670.0,2,2680373.0,1711835.0
18,15 a 19,2023,Mujeres,Pensión/Sobrevivencia,Pasivos,Ande,12,0.0,2062772.0,2,2680373.0,1031386.0
19,15 a 19,2023,Hombres,Pensión/Sobrevivencia,Pasivos,Ande,12,0.0,9686937.0,4,2680373.0,2421734.25
19,15 a 19,2023,Mujeres,Pensión/Sobrevivencia,Pasivos,Ande,12,0.0,2788874.0,3,2680373.0,929624.6666666666
20,20 a 24,2023,Hombres,Pensión/Sobrevivencia,Pasivos,Ande,12,0.0,74284.0,1,2680373.0,74284.0
21,20 a 24,2023,Mujeres,Pensión/Sobrevivencia,Pasivos,Ande,12,0.0,8081612.0,2,2680373.0,4040806.0
22,20 a 24,2023,Hombres,Pensión/Sobrevivencia,Pasivos,Ande,12,0.0,1011463.0,1,2680373.0,1011463.0
22,20 a 24,2023,Mujeres,Pensión/Sobrevivencia,Pasivos,Ande,12,0.0,3034008.0,1,2680373.0,3034008.0
26,25 a 29,2023,Mujeres,Pensión/Sobrevivencia,Pasivos,Ande,12,0.0,1286079.0,1,2680373.0,1286079.0
28,25 a 29,2023,Mujeres,Pensión/Sobrevivencia,Pasivos,Ande,12,0.0,1544250.0,1,2680373.0,1544250.0
32,30 a 34,2023,Mujeres,Pensión/Sobrevivencia,Pasivos,Ande,12,0.0,1596697.0,2,2680373.0,798348.5
34,30 a 34,2023,Hombres,Pensión/Sobrevivencia,Pasivos,Ande,12,0.0,1268865.0,1,2680373.0,1268865.0
40,40 a 44,2023,Hombres,Pensión/Sobrevivencia,Pasivos,Ande,12,0.0,4042610.0,2,2680373.0,2021305.0
41,40 a 44,2023,Hombres,Pensión/Sobrevivencia,Pasivos,Ande,12,0.0,1838665.0,1,2680373.0,1838665.0
41,40 a 44,2023,Mujeres,Pensión/Sobrevivencia,Pasivos,Ande,12,0.0,951082.0,1,2680373.0,951082.0
42,40 a 44,2023,Mujeres,Pensión/Sobrevivencia,Pasivos,Ande,12,0.0,10067316.0,3,2680373.0,3355772.0
43,40 a 44,2023,Hombres,Pensión/Sobrevivencia,Pasivos,Ande,12,0.0,1817342.0,1,2680373.0,1817342.0
43,40 a 44,2023,Mujeres,Pensión/Sobrevivencia,Pasivos,Ande,12,0.0,1520455.0,1,2680373.0,1520455.0
44,40 a 44,2023,Hombres,Pensión/Sobrevivencia,Pasivos,Ande,12,0.0,4135288.0,1,2680373.0,4135288.0
44,40 a 44,2023,Mujeres,Pensión/Sobrevivencia,Pasivos,Ande,12,0.0,14469891.0,4,2680373.0,3617472.75
45,45 a 49,2023,Mujeres,Invalidez,Pasivos,Ande,12,0.0,2751157.0,1,2680373.0,2751157.0
45,45 a 49,2023,Mujeres,Pensión/Sobrevivencia,Pasivos,Ande,12,0.0,20922396.0,3,2680373.0,6974132.0
46,45 a 49,2023,Mujeres,Pensión/Sobrevivencia,Pasivos,Ande,12,0.0,21896965.0,6,2680373.0,3649494.1666666665
47,45 a 49,2023,Mujeres,Pensión/Sobrevivencia,Pasivos,Ande,12,0.0,18082248.0,5,2680373.0,3616449.6
48,45 a 49,2023,Hombres,Invalidez,Pasivos,Ande,12,0.0,3555512.0,1,2680373.0,3555512.0
48,45 a 49,2023,Hombres,Pensión/Sobrevivencia,Pasivos,Ande,12,0.0,1258912.0,1,2680373.0,1258912.0
48,45 a 49,2023,Mujeres,Invalidez,Pasivos,Ande,12,0.0,11185216.0,1,2680373.0,11185216.0
48,45 a 49,2023,Mujeres,Pensión/Sobrevivencia,Pasivos,Ande,12,0.0,13996941.0,3,2680373.0,4665647.0
49,45 a 49,2023,Hombres,Invalidez,Pasivos,Ande,12,0.0,3234298.0,1,2680373.0,3234298.0
49,45 a 49,2023,Mujeres,Invalidez,Pasivos,Ande,12,0.0,2985865.0,1,2680373.0,2985865.0
49,45 a 49,2023,Mujeres,Pensión/Sobrevivencia,Pasivos,Ande,12,0.0,13976717.0,5,2680373.0,2795343.4
50,50 a 54,2023,Hombres,Invalidez,Pasivos,Ande,12,0.0,16707143.0,1,2680373.0,16707143.0
50,50 a 54,2023,Mujeres,Pensión/Sobrevivencia,Pasivos,Ande,12,0.0,9325579.0,2,2680373.0,4662789.5
51,50 a 54,2023,Mujeres,Pensión/Sobrevivencia,Pasivos,Ande,12,0.0,19581700.0,4,2680373.0,4895425.0
52,50 a 54,2023,Hombres,Pensión/Sobrevivencia,Pasivos,Ande,12,0.0,1510033.0,1,2680373.0,1510033.0
52,50 a 54,2023,Mujeres,Pensión/Sobrevivencia,Pasivos,Ande,12,0.0,42012015.0,7,2680373.0,6001716.428571428
53,50 a 54,2023,Mujeres,Vejez,Pasivos,Ande,12,0.0,10022620.0,1,2680373.0,10022620.0
53,50 a 54,2023,Mujeres,Pensión/Sobrevivencia,Pasivos,Ande,12,0.0,19047517.0,4,2680373.0,4761879.25
54,50 a 54,2023,Hombres,Invalidez,Pasivos,Ande,12,0.0,9404430.0,1,2680373.0,9404430.0
54,50 a 54,2023,Hombres,Pensión/Sobrevivencia,Pasivos,Ande,12,0.0,1374951.0,1,2680373.0,1374951.0
54,50 a 54,2023,Mujeres,Invalidez,Pasivos,Ande,12,0.0,4691152.0,1,2680373.0,4691152.0
54,50 a 54,2023,Mujeres,Pensión/Sobrevivencia,Pasivos,Ande,12,0.0,67441113.0,15,2680373.0,4496074.2
55,55 a 59,2023,Hombres,Vejez,Pasivos,Ande,12,0.0,9171054.0,1,2680373.0,9171054.0
55,55 a 59,2023,Hombres,Pensión/Sobrevivencia,Pasivos,Ande,12,0.0,3236947.0,1,2680373.0,3236947.0
55,55 a 59,2023,Mujeres,Vejez,Pasivos,Ande,12,0.0,8104389.0,1,2680373.0,8104389.0
55,55 a 59,2023,Mujeres,Invalidez,Pasivos,Ande,12,0.0,2166166.0,1,2680373.0,2166166.0
55,55 a 59,2023,Mujeres,Pensión/Sobrevivencia,Pasivos,Ande,12,0.0,23716609.0,7,2680373.0,3388087.0
56,55 a 59,2023,Hombres,Pensión/Sobrevivencia,Pasivos,Ande,12,0.0,12161512.0,1,2680373.0,12161512.0
56,55 a 59,2023,Mujeres,Vejez,Pasivos,Ande,12,0.0,7169814.0,1,2680373.0,7169814.0
56,55 a 59,2023,Mujeres,Invalidez,Pasivos,Ande,12,0.0,3218402.0,1,2680373.0,3218402.0
56,55 a 59,2023,Mujeres,Pensión/Sobrevivencia,Pasivos,Ande,12,0.0,29195340.0,6,2680373.0,4865890.0
57,55 a 59,2023,Hombres,Vejez,Pasivos,Ande,12,0.0,58345527.0,6,2680373.0,9724254.5
57,55 a 59,2023,Hombres,Invalidez,Pasivos,Ande,12,0.0,25508101.0,3,2680373.0,8502700.333333334
57,55 a 59,2023,Mujeres,Invalidez,Pasivos,Ande,12,0.0,5986505.0,1,2680373.0,5986505.0
57,55 a 59,2023,Mujeres,Pensión/Sobrevivencia,Pasivos,Ande,12,0.0,57535423.0,12,2680373.0,4794618.583333333
58,55 a 59,2023,Hombres,Vejez,Pasivos,Ande,12,0.0,15583985.0,3,2680373.0,5194661.666666667
58,55 a 59,2023,Hombres,Invalidez,Pasivos,Ande,12,0.0,25093245.0,3,2680373.0,8364415.0
58,55 a 59,2023,Mujeres,Vejez,Pasivos,Ande,12,0.0,4979206.0,1,2680373.0,4979206.0
58,55 a 59,2023,Mujeres,Invalidez,Pasivos,Ande,12,0.0,6594005.0,2,2680373.0,3297002.5
58,55 a 59,2023,Mujeres,Pensión/Sobrevivencia,Pasivos,Ande,12,0.0,107796549.0,21,2680373.0,5133169.0
59,55 a 59,2023,Hombres,Vejez,Pasivos,Ande,12,0.0,32661035.0,4,2680373.0,8165258.75
59,55 a 59,2023,Hombres,Invalidez,Pasivos,Ande,12,0.0,16074193.0,2,2680373.0,8037096.5
59,55 a 59,2023,Mujeres,Vejez,Pasivos,Ande,12,0.0,17007851.0,2,2680373.0,8503925.5
59,55 a 59,2023,Mujeres,Pensión/Sobrevivencia,Pasivos,Ande,12,0.0,95887450.0,20,2680373.0,4794372.5
60,60 a 64,2023,Hombres,Vejez,Pasivos,Ande,12,0.0,1115792730.0,96,2680373.0,11622840.9375
60,60 a 64,2023,Hombres,Invalidez,Pasivos,Ande,12,0.0,2975478.0,1,2680373.0,2975478.0
60,60 a 64,2023,Hombres,Pensión/Sobrevivencia,Pasivos,Ande,12,0.0,1475769.0,1,2680373.0,1475769.0
60,60 a 64,2023,Mujeres,Vejez,Pasivos,Ande,12,0.0,258922481.0,21,2680373.0,12329641.952380951
60,60 a 64,2023,Mujeres,Pensión/Sobrevivencia,Pasivos,Ande,12,0.0,128509206.0,28,2680373.0,4589614.5
61,60 a 64,2023,Hombres,Vejez,Pasivos,Ande,12,0.0,1101900044.0,94,2680373.0,11722340.89361702
61,60 a 64,2023,Hombres,Invalidez,Pasivos,Ande,12,0.0,17820477.0,4,2680373.0,4455119.25
61,60 a 64,2023,Hombres,Otros,Pasivos,Ande,12,0.0,8256661.0,2,2680373.0,4128330.5
61,60 a 64,2023,Mujeres,Vejez,Pasivos,Ande,12,0.0,175457228.0,19,2680373.0,9234590.94736842
61,60 a 64,2023,Mujeres,Pensión/Sobrevivencia,Pasivos,Ande,12,0.0,78809462.0,13,2680373.0,6062266.307692308
62,60 a 64,2023,Hombres,Vejez,Pasivos,Ande,12,0.0,1450021683.0,123,2680373.0,11788794.170731707
62,60 a 64,2023,Hombres,Invalidez,Pasivos,Ande,12,0.0,16758281.0,2,2680373.0,8379140.5
62,60 a 64,2023,Mujeres,Vejez,Pasivos,Ande,12,0.0,187081652.0,20,2680373.0,9354082.6
62,60 a 64,2023,Mujeres,Pensión/Sobrevivencia,Pasivos,Ande,12,0.0,77792712.0,19,2680373.0,4094353.263157895
63,60 a 64,2023,Hombres,Vejez,Pasivos,Ande,12,0.0,1279221496.0,123,2680373.0,10400174.764227642
63,60 a 64,2023,Hombres,Invalidez,Pasivos,Ande,12,0.0,3110815.0,1,2680373.0,3110815.0
63,60 a 64,2023,Hombres,Otros,Pasivos,Ande,12,0.0,7034745.0,1,2680373.0,7034745.0
63,60 a 64,2023,Mujeres,Vejez,Pasivos,Ande,12,0.0,123702317.0,15,2680373.0,8246821.133333334
63,60 a 64,2023,Mujeres,Invalidez,Pasivos,Ande,12,0.0,2342779.0,1,2680373.0,2342779.0
63,60 a 64,2023,Mujeres,Pensión/Sobrevivencia,Pasivos,Ande,12,0.0,97680619.0,21,2680373.0,4651458.047619048
64,60 a 64,2023,Hombres,Vejez,Pasivos,Ande,12,0.0,1295687744.0,120,2680373.0,10797397.866666667
64,60 a 64,2023,Hombres,Otros,Pasivos,Ande,12,0.0,3648800.0,1,2680373.0,3648800.0
64,60 a 64,2023,Mujeres,Vejez,Pasivos,Ande,12,0.0,129888439.0,14,2680373.0,9277745.642857144
64,60 a 64,2023,Mujeres,Pensión/Sobrevivencia,Pasivos,Ande,12,0.0,101345535.0,22,2680373.0,4606615.2272727275
65,65 a 69,2023,Hombres,Vejez,Pasivos,Ande,12,0.0,1217625996.0,111,2680373.0,10969603.567567568
65,65 a 69,2023,Hombres,Invalidez,Pasivos,Ande,12,0.0,13631325.0,3,2680373.0,4543775.0
65,65 a 69,2023,Hombres,Pensión/Sobrevivencia,Pasivos,Ande,12,0.0,17585175.0,2,2680373.0,8792587.5
65,65 a 69,2023,Hombres,Otros,Pasivos,Ande,12,0.0,37101456.0,3,2680373.0,12367152.0
65,65 a 69,2023,Mujeres,Vejez,Pasivos,Ande,12,0.0,108141211.0,13,2680373.0,8318554.692307692
65,65 a 69,2023,Mujeres,Invalidez,Pasivos,Ande,12,0.0,1942403.0,1,2680373.0,1942403.0
65,65 a 69,2023,Mujeres,Pensión/Sobrevivencia,Pasivos,Ande,12,0.0,61956984.0,18,2680373.0,3442054.6666666665
65,65 a 69,2023,Mujeres,Otros,Pasivos,Ande,12,0.0,22358353.0,2,2680373.0,11179176.5
66,65 a 69,2023,Hombres,Vejez,Pasivos,Ande,12,0.0,1317556844.0,111,2680373.0,11869881.477477478
66,65 a 69,2023,Hombres,Pensión/Sobrevivencia,Pasivos,Ande,12,0.0,7995055.0,2,2680373.0,3997527.5
66,65 a 69,2023,Hombres,Otros,Pasivos,Ande,12,0.0,7695860.0,1,2680373.0,7695860.0
66,65 a 69,2023,Mujeres,Vejez,Pasivos,Ande,12,0.0,88407302.0,12,2680373.0,7367275.166666667
66,65 a 69,2023,Mujeres,Invalidez,Pasivos,Ande,12,0.0,6810900.0,1,2680373.0,6810900.0
66,65 a 69,2023,Mujeres,Pensión/Sobrevivencia,Pasivos,Ande,12,0.0,72151100.0,22,2680373.0,3279595.4545454546
67,65 a 69,2023,Hombres,Vejez,Pasivos,Ande,12,0.0,1285528743.0,110,2680373.0,11686624.936363636
67,65 a 69,2023,Hombres,Invalidez,Pasivos,Ande,12,0.0,2331677.0,1,2680373.0,2331677.0
67,65 a 69,2023,Hombres,Pensión/Sobrevivencia,Pasivos,Ande,12,0.0,3192419.0,1,2680373.0,3192419.0
67,65 a 69,2023,Hombres,Otros,Pasivos,Ande,12,0.0,5892525.0,1,2680373.0,5892525.0
67,65 a 69,2023,Mujeres,Vejez,Pasivos,Ande,12,0.0,112535270.0,10,2680373.0,11253527.0
67,65 a 69,2023,Mujeres,Pensión/Sobrevivencia,Pasivos,Ande,12,0.0,92911584.0,20,2680373.0,4645579.2
68,65 a 69,2023,Hombres,Vejez,Pasivos,Ande,12,0.0,878091751.0,78,2680373.0,11257586.551282052
68,65 a 69,2023,Hombres,Invalidez,Pasivos,Ande,12,0.0,7958429.0,2,2680373.0,3979214.5
68,65 a 69,2023,Hombres,Pensión/Sobrevivencia,Pasivos,Ande,12,0.0,2539282.0,1,2680373.0,2539282.0
68,65 a 69,2023,Hombres,Otros,Pasivos,Ande,12,0.0,38189690.0,4,2680373.0,9547422.5
68,65 a 69,2023,Mujeres,Vejez,Pasivos,Ande,12,0.0,60905370.0,6,2680373.0,10150895.0
68,65 a 69,2023,Mujeres,Pensión/Sobrevivencia,Pasivos,Ande,12,0.0,79933309.0,14,2680373.0,5709522.071428572
69,65 a 69,2023,Hombres,Vejez,Pasivos,Ande,12,0.0,768127420.0,69,2680373.0,11132281.449275363
69,65 a 69,2023,Hombres,Invalidez,Pasivos,Ande,12,0.0,10566639.0,3,2680373.0,3522213.0
69,65 a 69,2023,Hombres,Otros,Pasivos,Ande,12,0.0,7194023.0,1,2680373.0,7194023.0
69,65 a 69,2023,Mujeres,Vejez,Pasivos,Ande,12,0.0,87657142.0,11,2680373.0,7968831.090909091
69,65 a 69,2023,Mujeres,Invalidez,Pasivos,Ande,12,0.0,2781091.0,1,2680373.0,2781091.0
69,65 a 69,2023,Mujeres,Pensión/Sobrevivencia,Pasivos,Ande,12,0.0,70548536.0,20,2680373.0,3527426.8
69,65 a 69,2023,Mujeres,Otros,Pasivos,Ande,12,0.0,10862981.0,1,2680373.0,10862981.0
70,70 a 74,2023,Hombres,Vejez,Pasivos,Ande,12,0.0,648811545.0,67,2680373.0,9683754.402985075
70,70 a 74,2023,Hombres,Invalidez,Pasivos,Ande,12,0.0,6495072.0,2,2680373.0,3247536.0
70,70 a 74,2023,Hombres,Pensión/Sobrevivencia,Pasivos,Ande,12,0.0,12136664.0,2,2680373.0,6068332.0
70,70 a 74,2023,Hombres,Otros,Pasivos,Ande,12,0.0,21134866.0,1,2680373.0,21134866.0
70,70 a 74,2023,Mujeres,Vejez,Pasivos,Ande,12,0.0,115604783.0,15,2680373.0,7706985.533333333
70,70 a 74,2023,Mujeres,Pensión/Sobrevivencia,Pasivos,Ande,12,0.0,75825034.0,23,2680373.0,3296740.6086956523
71,70 a 74,2023,Hombres,Vejez,Pasivos,Ande,12,0.0,504493166.0,58,2680373.0,8698158.034482758
71,70 a 74,2023,Hombres,Otros,Pasivos,Ande,12,0.0,38441054.0,2,2680373.0,19220527.0
71,70 a 74,2023,Mujeres,Vejez,Pasivos,Ande,12,0.0,63021297.0,11,2680373.0,5729208.818181818
71,70 a 74,2023,Mujeres,Pensión/Sobrevivencia,Pasivos,Ande,12,0.0,78411352.0,20,2680373.0,3920567.6
72,70 a 74,2023,Hombres,Vejez,Pasivos,Ande,12,0.0,434307901.0,50,2680373.0,8686158.02
72,70 a 74,2023,Hombres,Pensión/Sobrevivencia,Pasivos,Ande,12,0.0,4443910.0,1,2680373.0,4443910.0
72,70 a 74,2023,Hombres,Otros,Pasivos,Ande,12,0.0,20526732.0,1,2680373.0,20526732.0
72,70 a 74,2023,Mujeres,Vejez,Pasivos,Ande,12,0.0,46799445.0,6,2680373.0,7799907.5
72,70 a 74,2023,Mujeres,Pensión/Sobrevivencia,Pasivos,Ande,12,0.0,80472675.0,21,2680373.0,3832032.1428571427
73,70 a 74,2023,Hombres,Vejez,Pasivos,Ande,12,0.0,391189531.0,52,2680373.0,7522875.596153846
73,70 a 74,2023,Hombres,Pensión/Sobrevivencia,Pasivos,Ande,12,0.0,3128192.0,1,2680373.0,3128192.0
73,70 a 74,2023,Mujeres,Vejez,Pasivos,Ande,12,0.0,78396853.0,10,2680373.0,7839685.3
73,70 a 74,2023,Mujeres,Pensión/Sobrevivencia,Pasivos,Ande,12,0.0,68337043.0,13,2680373.0,5256695.615384615
74,70 a 74,2023,Hombres,Vejez,Pasivos,Ande,12,0.0,266548091.0,40,2680373.0,6663702.275
74,70 a 74,2023,Hombres,Otros,Pasivos,Ande,12,0.0,10727593.0,1,2680373.0,10727593.0
74,70 a 74,2023,Mujeres,Vejez,Pasivos,Ande,12,0.0,19604350.0,4,2680373.0,4901087.5
74,70 a 74,2023,Mujeres,Invalidez,Pasivos,Ande,12,0.0,4697221.0,2,2680373.0,2348610.5
74,70 a 74,2023,Mujeres,Pensión/Sobrevivencia,Pasivos,Ande,12,0.0,65260271.0,13,2680373.0,5020020.846153846
75,75 a 79,2023,Hombres,Vejez,Pasivos,Ande,12,0.0,201845400.0,32,2680373.0,6307668.75
75,75 a 79,2023,Mujeres,Vejez,Pasivos,Ande,12,0.0,15487067.0,3,2680373.0,5162355.666666667
75,75 a 79,2023,Mujeres,Pensión/Sobrevivencia,Pasivos,Ande,12,0.0,46358740.0,11,2680373.0,4214430.909090909
76,75 a 79,2023,Hombres,Vejez,Pasivos,Ande,12,0.0,210592562.0,28,2680373.0,7521162.928571428
76,75 a 79,2023,Hombres,Pensión/Sobrevivencia,Pasivos,Ande,12,0.0,1345302.0,1,2680373.0,1345302.0
76,75 a 79,2023,Mujeres,Vejez,Pasivos,Ande,12,0.0,26315487.0,5,2680373.0,5263097.4
76,75 a 79,2023,Mujeres,Pensión/Sobrevivencia,Pasivos,Ande,12,0.0,80426723.0,16,2680373.0,5026670.1875
76,75 a 79,2023,Mujeres,Otros,Pasivos,Ande,12,0.0,3890025.0,1,2680373.0,3890025.0
77,75 a 79,2023,Hombres,Vejez,Pasivos,Ande,12,0.0,240969080.0,32,2680373.0,7530283.75
77,75 a 79,2023,Mujeres,Vejez,Pasivos,Ande,12,0.0,13930006.0,3,2680373.0,4643335.333333333
77,75 a 79,2023,Mujeres,Pensión/Sobrevivencia,Pasivos,Ande,12,0.0,64236772.0,13,2680373.0,4941290.153846154
78,75 a 79,2023,Hombres,Vejez,Pasivos,Ande,12,0.0,210378142.0,28,2680373.0,7513505.071428572
78,75 a 79,2023,Mujeres,Vejez,Pasivos,Ande,12,0.0,11749137.0,3,2680373.0,3916379.0
78,75 a 79,2023,Mujeres,Pensión/Sobrevivencia,Pasivos,Ande,12,0.0,83861412.0,14,2680373.0,5990100.857142857
79,75 a 79,2023,Hombres,Vejez,Pasivos,Ande,12,0.0,207038630.0,28,2680373.0,7394236.785714285
79,75 a 79,2023,Hombres,Pensión/Sobrevivencia,Pasivos,Ande,12,0.0,5360546.0,1,2680373.0,5360546.0
79,75 a 79,2023,Mujeres,Vejez,Pasivos,Ande,12,0.0,7086570.0,1,2680373.0,7086570.0
79,75 a 79,2023,Mujeres,Invalidez,Pasivos,Ande,12,0.0,2238293.0,1,2680373.0,2238293.0
79,75 a 79,2023,Mujeres,Pensión/Sobrevivencia,Pasivos,Ande,12,0.0,38248576.0,11,2680373.0,3477143.272727273
80,80 a 84,2023,Hombres,Vejez,Pasivos,Ande,12,0.0,193730496.0,22,2680373.0,8805931.636363637
80,80 a 84,2023,Mujeres,Vejez,Pasivos,Ande,12,0.0,5878454.0,1,2680373.0,5878454.0
80,80 a 84,2023,Mujeres,Pensión/Sobrevivencia,Pasivos,Ande,12,0.0,42196143.0,12,2680373.0,3516345.25
81,80 a 84,2023,Hombres,Vejez,Pasivos,Ande,12,0.0,202679174.0,24,2680373.0,8444965.583333334
81,80 a 84,2023,Mujeres,Vejez,Pasivos,Ande,12,0.0,15166737.0,2,2680373.0,7583368.5
81,80 a 84,2023,Mujeres,Pensión/Sobrevivencia,Pasivos,Ande,12,0.0,40548640.0,7,2680373.0,5792662.857142857
82,80 a 84,2023,Hombres,Vejez,Pasivos,Ande,12,0.0,50937223.0,8,2680373.0,6367152.875
82,80 a 84,2023,Mujeres,Vejez,Pasivos,Ande,12,0.0,5107851.0,1,2680373.0,5107851.0
82,80 a 84,2023,Mujeres,Pensión/Sobrevivencia,Pasivos,Ande,12,0.0,31933479.0,10,2680373.0,3193347.9
83,80 a 84,2023,Hombres,Vejez,Pasivos,Ande,12,0.0,69592397.0,10,2680373.0,6959239.7
83,80 a 84,2023,Hombres,Pensión/Sobrevivencia,Pasivos,Ande,12,0.0,690417.0,1,2680373.0,690417.0
83,80 a 84,2023,Mujeres,Vejez,Pasivos,Ande,12,0.0,9029592.0,1,2680373.0,9029592.0
83,80 a 84,2023,Mujeres,Pensión/Sobrevivencia,Pasivos,Ande,12,0.0,60515547.0,9,2680373.0,6723949.666666667
84,80 a 84,2023,Hombres,Vejez,Pasivos,Ande,12,0.0,98165759.0,11,2680373.0,8924159.909090908
84,80 a 84,2023,Hombres,Otros,Pasivos,Ande,12,0.0,5797179.0,1,2680373.0,5797179.0
84,80 a 84,2023,Mujeres,Vejez,Pasivos,Ande,12,0.0,18675756.0,3,2680373.0,6225252.0
84,80 a 84,2023,Mujeres,Pensión/Sobrevivencia,Pasivos,Ande,12,0.0,22795528.0,6,2680373.0,3799254.6666666665
85,85 y más,2023,Hombres,Vejez,Pasivos,Ande,12,0.0,21553792.0,3,2680373.0,7184597.333333333
85,85 y más,2023,Mujeres,Pensión/Sobrevivencia,Pasivos,Ande,12,0.0,16596914.0,4,2680373.0,4149228.5
86,85 y más,2023,Hombres,Vejez,Pasivos,Ande,12,0.0,71891215.0,9,2680373.0,7987912.777777778
86,85 y más,2023,Hombres,Pensión/Sobrevivencia,Pasivos,Ande,12,0.0,6742356.0,2,2680373.0,3371178.0
86,85 y más,2023,Mujeres,Pensión/Sobrevivencia,Pasivos,Ande,12,0.0,17259764.0,7,2680373.0,2465680.5714285714
87,85 y más,2023,Hombres,Vejez,Pasivos,Ande,12,0.0,17840723.0,3,2680373.0,5946907.666666667
87,85 y más,2023,Mujeres,Vejez,Pasivos,Ande,12,0.0,2315074.0,1,2680373.0,2315074.0
87,85 y más,2023,Mujeres,Pensión/Sobrevivencia,Pasivos,Ande,12,0.0,21565308.0,7,2680373.0,3080758.285714286
88,85 y más,2023,Hombres,Vejez,Pasivos,Ande,12,0.0,42506062.0,9,2680373.0,4722895.777777778
88,85 y más,2023,Hombres,Pensión/Sobrevivencia,Pasivos,Ande,12,0.0,810960.0,1,2680373.0,810960.0
88,85 y más,2023,Mujeres,Pensión/Sobrevivencia,Pasivos,Ande,12,0.0,17459232.0,7,2680373.0,2494176.0
89,85 y más,2023,Hombres,Vejez,Pasivos,Ande,12,0.0,32764977.0,6,2680373.0,5460829.5
89,85 y más,2023,Hombres,Invalidez,Pasivos,Ande,12,0.0,3796861.0,1,2680373.0,3796861.0
89,85 y más,2023,Hombres,Pensión/Sobrevivencia,Pasivos,Ande,12,0.0,1518222.0,1,2680373.0,1518222.0
89,85 y más,2023,Mujeres,Pensión/Sobrevivencia,Pasivos,Ande,12,0.0,27877244.0,7,2680373.0,3982463.4285714286
90,85 y más,2023,Hombres,Vejez,Pasivos,Ande,12,0.0,11443165.0,3,2680373.0,3814388.3333333335
90,85 y más,2023,Mujeres,Pensión/Sobrevivencia,Pasivos,Ande,12,0.0,13878187.0,5,2680373.0,2775637.4
91,85 y más,2023,Mujeres,Pensión/Sobrevivencia,Pasivos,Ande,12,0.0,6938182.0,2,2680373.0,3469091.0
92,85 y más,2023,Hombres,Vejez,Pasivos,Ande,12,0.0,2796395.0,1,2680373.0,2796395.0
92,85 y más,2023,Mujeres,Vejez,Pasivos,Ande,12,0.0,3254730.0,1,2680373.0,3254730.0
92,85 y más,2023,Mujeres,Pensión/Sobrevivencia,Pasivos,Ande,12,0.0,5751457.0,2,2680373.0,2875728.5
93,85 y más,2023,Hombres,Vejez,Pasivos,Ande,12,0.0,17254602.0,2,2680373.0,8627301.0
93,85 y más,2023,Mujeres,Vejez,Pasivos,Ande,12,0.0,3040527.0,1,2680373.0,3040527.0
93,85 y más,2023,Mujeres,Pensión/Sobrevivencia,Pasivos,Ande,12,0.0,2119105.0,1,2680373.0,2119105.0
94,85 y más,2023,Mujeres,Pensión/Sobrevivencia,Pasivos,Ande,12,0.0,8019619.0,3,2680373.0,2673206.3333333335
95,85 y más,2023,Hombres,Vejez,Pasivos,Ande,12,0.0,3295892.0,1,2680373.0,3295892.0
95,85 y más,2023,Mujeres,Pensión/Sobrevivencia,Pasivos,Ande,12,0.0,12066197.0,5,2680373.0,2413239.4
96,85 y más,2023,Mujeres,Pensión/Sobrevivencia,Pasivos,Ande,12,0.0,5119622.0,1,2680373.0,5119622.0
97,85 y más,2023,Hombres,Pensión/Sobrevivencia,Pasivos,Ande,12,0.0,5300770.0,1,2680373.0,5300770.0
97,85 y más,2023,Mujeres,Pensión/Sobrevivencia,Pasivos,Ande,12,0.0,2896195.0,1,2680373.0,2896195.0
18,15 a 19,2023,Hombres,Activos,Activos,Bancaria,12,16301285.000000004,58218875.0,18,2680373.0,3234381.9444444445
18,15 a 19,2023,Mujeres,Activos,Activos,Bancaria,12,8442807.520000001,30152884.0,8,2680373.0,3769110.5
19,15 a 19,2023,Hombres,Activos,Activos,Bancaria,12,74524304.11999999,266158229.0,65,2680373.0,4094741.9846153846
19,15 a 19,2023,Mujeres,Activos,Activos,Bancaria,12,46253130.55999999,165189752.0,41,2680373.0,4029018.3414634145
20,20 a 24,2023,Hombres,Activos,Activos,Bancaria,12,147064127.83999997,525229028.0,122,2680373.0,4305155.967213115
20,20 a 24,2023,Mujeres,Activos,Activos,Bancaria,12,84640813.32000001,302288619.0,76,2680373.0,3977481.8289473685
21,20 a 24,2023,Hombres,Activos,Activos,Bancaria,12,194321455.99999994,694005200.0,161,2680373.0,4310591.304347826
21,20 a 24,2023,Mujeres,Activos,Activos,Bancaria,12,149571129.95999995,534182607.0,121,2680373.0,4414732.289256198
22,20 a 24,2023,Hombres,Activos,Activos,Bancaria,12,263210792.8799999,940038546.0,197,2680373.0,4771769.269035533
22,20 a 24,2023,Mujeres,Activos,Activos,Bancaria,12,186472248.48,665972316.0,137,2680373.0,4861111.795620438
23,20 a 24,2023,Hombres,Activos,Activos,Bancaria,12,292838252.0000002,1045850900.0,214,2680373.0,4887153.738317757
23,20 a 24,2023,Mujeres,Activos,Activos,Bancaria,12,224529612.9999999,801891475.0,166,2680373.0,4830671.536144578
24,20 a 24,2023,Hombres,Activos,Activos,Bancaria,12,372971627.2800006,1332041526.0,241,2680373.0,5527143.261410789
24,20 a 24,2023,Mujeres,Activos,Activos,Bancaria,12,288762898.4799999,1031296066.0,198,2680373.0,5208565.98989899
25,25 a 29,2023,Hombres,Activos,Activos,Bancaria,12,463618529.3600002,1655780462.0,280,2680373.0,5913501.65
25,25 a 29,2023,Mujeres,Activos,Activos,Bancaria,12,264904102.9600001,946086082.0,174,2680373.0,5437276.333333333
26,25 a 29,2023,Hombres,Activos,Activos,Bancaria,12,580440412.7200004,2073001474.0,327,2680373.0,6339454.048929663
26,25 a 29,2023,Mujeres,Activos,Activos,Bancaria,12,463890113.6800002,1656750406.0,261,2680373.0,6347702.704980843
27,25 a 29,2023,Hombres,Activos,Activos,Bancaria,12,616407434.72,2201455124.0,302,2680373.0,7289586.503311259
27,25 a 29,2023,Mujeres,Activos,Activos,Bancaria,12,463459071.32000047,1655210969.0,247,2680373.0,6701258.983805668
28,25 a 29,2023,Hombres,Activos,Activos,Bancaria,12,695950197.04,2485536418.0,346,2680373.0,7183631.265895953
28,25 a 29,2023,Mujeres,Activos,Activos,Bancaria,12,475890301.8800002,1699608221.0,242,2680373.0,7023174.466942149
29,25 a 29,2023,Hombres,Activos,Activos,Bancaria,12,636775664.5600004,2274198802.0,286,2680373.0,7951744.062937063
29,25 a 29,2023,Mujeres,Activos,Activos,Bancaria,12,540606553.2000002,1930737690.0,261,2680373.0,7397462.413793104
30,30 a 34,2023,Hombres,Activos,Activos,Bancaria,12,779169395.2,2782747840.0,299,2680373.0,9306848.963210702
30,30 a 34,2023,Mujeres,Activos,Activos,Bancaria,12,604390057.8799999,2158535921.0,273,2680373.0,7906724.985347985
31,30 a 34,2023,Hombres,Activos,Activos,Bancaria,12,793430369.7599998,2833679892.0,319,2680373.0,8883009.06583072
31,30 a 34,2023,Mujeres,Activos,Activos,Bancaria,12,581182909.1599997,2075653247.0,260,2680373.0,7983281.719230769
32,30 a 34,2023,Hombres,Activos,Activos,Bancaria,12,853269411.3999997,3047390755.0,326,2680373.0,9347824.401840491
32,30 a 34,2023,Mujeres,Activos,Activos,Bancaria,12,637251480.6,2275898145.0,260,2680373.0,8753454.403846154
33,30 a 34,2023,Hombres,Activos,Activos,Bancaria,12,828372352.08,2958472686.0,321,2680373.0,9216425.813084112
33,30 a 34,2023,Mujeres,Activos,Activos,Bancaria,12,615355497.68,2197698206.0,239,2680373.0,9195389.983263599
34,30 a 34,2023,Hombres,Activos,Activos,Bancaria,12,941597411.1599998,3362847897.0,301,2680373.0,11172252.14950166
34,30 a 34,2023,Mujeres,Activos,Activos,Bancaria,12,624063249.8800002,2228797321.0,232,2680373.0,9606885.004310345
35,35 a 39,2023,Hombres,Activos,Activos,Bancaria,12,838726178.0799996,2995450636.0,281,2680373.0,10659966.676156584
35,35 a 39,2023,Mujeres,Activos,Activos,Bancaria,12,695393398.2799997,2483547851.0,229,2680373.0,10845187.122270742
36,35 a 39,2023,Hombres,Activos,Activos,Bancaria,12,771437713.4799997,2755134691.0,242,2680373.0,11384854.095041322
36,35 a 39,2023,Mujeres,Activos,Activos,Bancaria,12,589689827.16,2106035097.0,194,2680373.0,10855851.015463918
37,35 a 39,2023,Hombres,Activos,Activos,Bancaria,12,669769405.4799999,2392033591.0,210,2680373.0,11390636.147619048
37,35 a 39,2023,Mujeres,Activos,Activos,Bancaria,12,608999407.24,2174997883.0,197,2680373.0,11040598.390862944
38,35 a 39,2023,Hombres,Activos,Activos,Bancaria,12,886504082.2400004,3166086008.0,242,2680373.0,13083000.033057852
38,35 a 39,2023,Mujeres,Activos,Activos,Bancaria,12,533827170.79999995,1906525610.0,161,2680373.0,11841773.975155279
39,35 a 39,2023,Hombres,Activos,Activos,Bancaria,12,757224950.7200001,2704374824.0,211,2680373.0,12816942.293838862
39,35 a 39,2023,Mujeres,Activos,Activos,Bancaria,12,481940547.48000014,1721216241.0,144,2680373.0,11952890.5625
40,40 a 44,2023,Hombres,Activos,Activos,Bancaria,12,835874611.6,2985266470.0,208,2680373.0,14352242.64423077
40,40 a 44,2023,Mujeres,Activos,Activos,Bancaria,12,515584884.35999995,1841374587.0,137,2680373.0,13440690.416058395
41,40 a 44,2023,Hombres,Activos,Activos,Bancaria,12,740809076.8399998,2645746703.0,177,2680373.0,14947721.485875707
41,40 a 44,2023,Mujeres,Activos,Activos,Bancaria,12,416402120.96,1487150432.0,117,2680373.0,12710687.452991452
42,40 a 44,2023,Hombres,Activos,Activos,Bancaria,12,571915884.9599999,2042556732.0,139,2680373.0,14694652.74820144
42,40 a 44,2023,Mujeres,Activos,Activos,Bancaria,12,419049611.40000004,1496605755.0,101,2680373.0,14817878.762376238
43,40 a 44,2023,Hombres,Activos,Activos,Bancaria,12,616026752.5999999,2200095545.0,137,2680373.0,16059091.569343066
43,40 a 44,2023,Mujeres,Activos,Activos,Bancaria,12,406105117.04,1450375418.0,94,2680373.0,15429525.723404255
44,40 a 44,2023,Hombres,Activos,Activos,Bancaria,12,784172728.6399999,2800616888.0,157,2680373.0,17838324.127388533
44,40 a 44,2023,Mujeres,Activos,Activos,Bancaria,12,407900092.3200002,1456786044.0,96,2680373.0,15174854.625
45,45 a 49,2023,Hombres,Activos,Activos,Bancaria,12,506888971.67999995,1810317756.0,106,2680373.0,17078469.396226414
45,45 a 49,2023,Mujeres,Activos,Activos,Bancaria,12,225465530.07999995,805234036.0,58,2680373.0,13883345.448275862
46,45 a 49,2023,Hombres,Activos,Activos,Bancaria,12,468582927.6800001,1673510456.0,96,2680373.0,17432400.583333332
46,45 a 49,2023,Mujeres,Activos,Activos,Bancaria,12,426973130.6400001,1524904038.0,83,2680373.0,18372337.807228915
47,45 a 49,2023,Hombres,Activos,Activos,Bancaria,12,562635682.5600001,2009413152.0,96,2680373.0,20931387.0
47,45 a 49,2023,Mujeres,Activos,Activos,Bancaria,12,316582074.2000001,1130650265.0,71,2680373.0,15924651.61971831
48,45 a 49,2023,Hombres,Activos,Activos,Bancaria,12,577591476.2800001,2062826701.0,107,2680373.0,19278754.21495327
48,45 a 49,2023,Mujeres,Activos,Activos,Bancaria,12,254513182.28000006,908975651.0,50,2680373.0,18179513.02
49,45 a 49,2023,Hombres,Activos,Activos,Bancaria,12,459194626.5200001,1639980809.0,87,2680373.0,18850354.12643678
49,45 a 49,2023,Mujeres,Activos,Activos,Bancaria,12,295492490.44000006,1055330323.0,59,2680373.0,17886954.627118643
50,50 a 54,2023,Hombres,Activos,Activos,Bancaria,12,660631660.0799999,2359398786.0,98,2680373.0,24075497.81632653
50,50 a 54,2023,Mujeres,Activos,Activos,Bancaria,12,198387134.95999998,708525482.0,39,2680373.0,18167320.051282052
51,50 a 54,2023,Hombres,Activos,Activos,Bancaria,12,515360762.84000015,1840574153.0,93,2680373.0,19791119.924731184
51,50 a 54,2023,Mujeres,Activos,Activos,Bancaria,12,346888187.8000001,1238886385.0,50,2680373.0,24777727.7
52,50 a 54,2023,Hombres,Activos,Activos,Bancaria,12,489577537.68000007,1748491206.0,82,2680373.0,21323063.48780488
52,50 a 54,2023,Mujeres,Activos,Activos,Bancaria,12,284239713.80000013,1015141835.0,46,2680373.0,22068300.760869566
53,50 a 54,2023,Hombres,Activos,Activos,Bancaria,12,568901425.9600002,2031790807.0,103,2680373.0,19726124.339805827
53,50 a 54,2023,Mujeres,Activos,Activos,Bancaria,12,319220751.92,1140074114.0,58,2680373.0,19656450.24137931
54,50 a 54,2023,Hombres,Activos,Activos,Bancaria,12,426543025.16000015,1523367947.0,87,2680373.0,17509976.40229885
54,50 a 54,2023,Mujeres,Activos,Activos,Bancaria,12,220761536.24,788434058.0,36,2680373.0,21900946.055555556
55,55 a 59,2023,Hombres,Activos,Activos,Bancaria,12,417436834.92,1490845839.0,68,2680373.0,21924203.51470588
55,55 a 59,2023,Mujeres,Activos,Activos,Bancaria,12,111815495.96000001,399341057.0,24,2680373.0,16639210.708333334
56,55 a 59,2023,Hombres,Activos,Activos,Bancaria,12,350334040.84000003,1251193003.0,65,2680373.0,19249123.123076923
56,55 a 59,2023,Mujeres,Activos,Activos,Bancaria,12,124681446.96000001,445290882.0,23,2680373.0,19360473.13043478
57,55 a 59,2023,Hombres,Activos,Activos,Bancaria,12,471108605.8000001,1682530735.0,74,2680373.0,22736901.824324325
57,55 a 59,2023,Mujeres,Activos,Activos,Bancaria,12,148552702.48000005,530545366.0,25,2680373.0,21221814.64
58,55 a 59,2023,Hombres,Activos,Activos,Bancaria,12,418737992.12000006,1495492829.0,61,2680373.0,24516275.8852459
58,55 a 59,2023,Mujeres,Activos,Activos,Bancaria,12,123721090.92,441861039.0,19,2680373.0,23255844.157894738
59,55 a 59,2023,Hombres,Activos,Activos,Bancaria,12,320450719.96000004,1144466857.0,48,2680373.0,23843059.520833332
59,55 a 59,2023,Mujeres,Activos,Activos,Bancaria,12,75866436.52000001,270951559.0,18,2680373.0,15052864.388888888
60,60 a 64,2023,Hombres,Activos,Activos,Bancaria,12,133199337.04,475711918.0,28,2680373.0,16989711.35714286
60,60 a 64,2023,Mujeres,Activos,Activos,Bancaria,12,91937339.20000002,328347640.0,15,2680373.0,21889842.666666668
61,60 a 64,2023,Hombres,Activos,Activos,Bancaria,12,66084985.96000001,236017807.0,16,2680373.0,14751112.9375
61,60 a 64,2023,Mujeres,Activos,Activos,Bancaria,12,39298714.84,140352553.0,9,2680373.0,15594728.111111112
62,60 a 64,2023,Hombres,Activos,Activos,Bancaria,12,92464638.28,330230851.0,14,2680373.0,23587917.92857143
62,60 a 64,2023,Mujeres,Activos,Activos,Bancaria,12,19907874.560000002,71099552.0,5,2680373.0,14219910.4
63,60 a 64,2023,Hombres,Activos,Activos,Bancaria,12,88073370.28,314547751.0,17,2680373.0,18502808.88235294
63,60 a 64,2023,Mujeres,Activos,Activos,Bancaria,12,16254488.600000001,58051745.0,6,2680373.0,9675290.833333334
64,60 a 64,2023,Hombres,Activos,Activos,Bancaria,12,63448112.56,226600402.0,8,2680373.0,28325050.25
64,60 a 64,2023,Mujeres,Activos,Activos,Bancaria,12,26136871.6,93345970.0,6,2680373.0,15557661.666666666
65,65 a 69,2023,Hombres,Activos,Activos,Bancaria,12,32709822.040000003,116820793.0,7,2680373.0,16688684.714285715
65,65 a 69,2023,Mujeres,Activos,Activos,Bancaria,12,9564887.360000001,34160312.0,3,2680373.0,11386770.666666666
66,65 a 69,2023,Hombres,Activos,Activos,Bancaria,12,54964799.68,196302856.0,12,2680373.0,16358571.333333334
66,65 a 69,2023,Mujeres,Activos,Activos,Bancaria,12,3847245.3600000003,13740162.0,1,2680373.0,13740162.0
67,65 a 69,2023,Hombres,Activos,Activos,Bancaria,12,36366416.52,129880059.0,12,2680373.0,10823338.25
67,65 a 69,2023,Mujeres,Activos,Activos,Bancaria,12,45461467.24,162362383.0,3,2680373.0,54120794.333333336
68,65 a 69,2023,Hombres,Activos,Activos,Bancaria,12,28199073.84,100710978.0,5,2680373.0,20142195.6
68,65 a 69,2023,Mujeres,Activos,Activos,Bancaria,12,3355059.68,11982356.0,1,2680373.0,11982356.0
69,65 a 69,2023,Hombres,Activos,Activos,Bancaria,12,24868147.640000004,88814813.0,5,2680373.0,17762962.6
69,65 a 69,2023,Mujeres,Activos,Activos,Bancaria,12,7270327.4,25965455.0,1,2680373.0,25965455.0
70,70 a 74,2023,Hombres,Activos,Activos,Bancaria,12,20830751.76,74395542.0,5,2680373.0,14879108.4
70,70 a 74,2023,Mujeres,Activos,Activos,Bancaria,12,5205200.000000001,18590000.0,1,2680373.0,18590000.0
71,70 a 74,2023,Hombres,Activos,Activos,Bancaria,12,13429920.0,47964000.0,4,2680373.0,11991000.0
71,70 a 74,2023,Mujeres,Activos,Activos,Bancaria,12,7033676.160000001,25120272.0,2,2680373.0,12560136.0
72,70 a 74,2023,Hombres,Activos,Activos,Bancaria,12,1346800.0000000002,4810000.0,1,2680373.0,4810000.0
73,70 a 74,2023,Hombres,Activos,Activos,Bancaria,12,3111500.0000000005,11112500.0,1,2680373.0,11112500.0
74,70 a 74,2023,Hombres,Activos,Activos,Bancaria,12,10994681.88,39266721.0,3,2680373.0,13088907.0
74,70 a 74,2023,Mujeres,Activos,Activos,Bancaria,12,10832585.4,38687805.0,1,2680373.0,38687805.0
75,75 a 79,2023,Hombres,Activos,Activos,Bancaria,12,5615731.24,20056183.0,2,2680373.0,10028091.5
76,75 a 79,2023,Hombres,Activos,Activos,Bancaria,12,5597454.5200000005,19990909.0,2,2680373.0,9995454.5
77,75 a 79,2023,Hombres,Activos,Activos,Bancaria,12,6319600.000000001,22570000.0,1,2680373.0,22570000.0
78,75 a 79,2023,Hombres,Activos,Activos,Bancaria,12,11760000.000000002,42000000.0,2,2680373.0,21000000.0
78,75 a 79,2023,Mujeres,Activos,Activos,Bancaria,12,5541200.000000001,19790000.0,1,2680373.0,19790000.0
79,75 a 79,2023,Hombres,Activos,Activos,Bancaria,12,834400.0000000001,2980000.0,1,2680373.0,2980000.0
82,80 a 84,2023,Hombres,Activos,Activos,Bancaria,12,3712800.0000000005,13260000.0,1,2680373.0,13260000.0
89,85 y más,2023,Hombres,Activos,Activos,Bancaria,12,9104135.88,32514771.0,1,2680373.0,32514771.0
16,15 a 19,2023,Hombres,Pensión/Sobrevivencia,Pasivos,Bancaria,12,0.0,1870733.0,1,2680373.0,1870733.0
17,15 a 19,2023,Hombres,Pensión/Sobrevivencia,Pasivos,Bancaria,12,0.0,9011414.0,1,2680373.0,9011414.0
18,15 a 19,2023,Hombres,Pensión/Sobrevivencia,Pasivos,Bancaria,12,0.0,2482682.4166666665,1,2680373.0,2482682.4166666665
29,25 a 29,2023,Hombres,Pensión/Sobrevivencia,Pasivos,Bancaria,12,0.0,6808739.0,1,2680373.0,6808739.0
30,30 a 34,2023,Mujeres,Pensión/Sobrevivencia,Pasivos,Bancaria,12,0.0,3880682.0,1,2680373.0,3880682.0
42,40 a 44,2023,Hombres,Pensión/Sobrevivencia,Pasivos,Bancaria,12,0.0,5525794.0,1,2680373.0,5525794.0
49,45 a 49,2023,Mujeres,Invalidez,Pasivos,Bancaria,12,0.0,6245764.0,1,2680373.0,6245764.0
49,45 a 49,2023,Mujeres,Pensión/Sobrevivencia,Pasivos,Bancaria,12,0.0,18753351.0,2,2680373.0,9376675.5
52,50 a 54,2023,Hombres,Invalidez,Pasivos,Bancaria,12,0.0,10551337.0,1,2680373.0,10551337.0
52,50 a 54,2023,Mujeres,Pensión/Sobrevivencia,Pasivos,Bancaria,12,0.0,8046448.0,2,2680373.0,4023224.0
53,50 a 54,2023,Hombres,Invalidez,Pasivos,Bancaria,12,0.0,8374889.0,1,2680373.0,8374889.0
53,50 a 54,2023,Hombres,Pensión/Sobrevivencia,Pasivos,Bancaria,12,0.0,1379605.4166666667,1,2680373.0,1379605.4166666667
53,50 a 54,2023,Mujeres,Pensión/Sobrevivencia,Pasivos,Bancaria,12,0.0,4850831.0,1,2680373.0,4850831.0
54,50 a 54,2023,Hombres,Invalidez,Pasivos,Bancaria,12,0.0,41619961.0,3,2680373.0,13873320.333333334
55,55 a 59,2023,Mujeres,Invalidez,Pasivos,Bancaria,12,0.0,21768566.0,1,2680373.0,21768566.0
55,55 a 59,2023,Mujeres,Pensión/Sobrevivencia,Pasivos,Bancaria,12,0.0,6213922.583333333,2,2680373.0,3106961.2916666665
57,55 a 59,2023,Hombres,Invalidez,Pasivos,Bancaria,12,0.0,15304754.0,2,2680373.0,7652377.0
57,55 a 59,2023,Mujeres,Pensión/Sobrevivencia,Pasivos,Bancaria,12,0.0,10474702.0,2,2680373.0,5237351.0
58,55 a 59,2023,Hombres,Invalidez,Pasivos,Bancaria,12,0.0,61360729.0,5,2680373.0,12272145.8
58,55 a 59,2023,Hombres,Pensión/Sobrevivencia,Pasivos,Bancaria,12,0.0,2104702.0,1,2680373.0,2104702.0
58,55 a 59,2023,Mujeres,Pensión/Sobrevivencia,Pasivos,Bancaria,12,0.0,19143401.0,3,2680373.0,6381133.666666667
59,55 a 59,2023,Hombres,Otros,Pasivos,Bancaria,12,0.0,8588799.0,1,2680373.0,8588799.0
59,55 a 59,2023,Mujeres,Pensión/Sobrevivencia,Pasivos,Bancaria,12,0.0,15059164.916666668,3,2680373.0,5019721.638888889
60,60 a 64,2023,Hombres,Vejez,Pasivos,Bancaria,12,0.0,558644787.9166666,44,2680373.0,12696472.452651514
60,60 a 64,2023,Hombres,Invalidez,Pasivos,Bancaria,12,0.0,7784223.0,2,2680373.0,3892111.5
60,60 a 64,2023,Hombres,Pensión/Sobrevivencia,Pasivos,Bancaria,12,0.0,23414158.833333336,8,2680373.0,2926769.854166667
60,60 a 64,2023,Hombres,Otros,Pasivos,Bancaria,12,0.0,110942373.0,11,2680373.0,10085670.272727273
60,60 a 64,2023,Mujeres,Vejez,Pasivos,Bancaria,12,0.0,176681994.5833333,13,2680373.0,13590922.660256408
60,60 a 64,2023,Mujeres,Pensión/Sobrevivencia,Pasivos,Bancaria,12,0.0,144056432.5,21,2680373.0,6859830.119047619
60,60 a 64,2023,Mujeres,Otros,Pasivos,Bancaria,12,0.0,18853048.0,2,2680373.0,9426524.0
61,60 a 64,2023,Hombres,Vejez,Pasivos,Bancaria,12,0.0,1007410483.7500001,59,2680373.0,17074753.961864408
61,60 a 64,2023,Hombres,Invalidez,Pasivos,Bancaria,12,0.0,10633531.0,1,2680373.0,10633531.0
61,60 a 64,2023,Hombres,Otros,Pasivos,Bancaria,12,0.0,118325277.0,12,2680373.0,9860439.75
61,60 a 64,2023,Mujeres,Vejez,Pasivos,Bancaria,12,0.0,307808456.4166666,17,2680373.0,18106379.789215684
61,60 a 64,2023,Mujeres,Invalidez,Pasivos,Bancaria,12,0.0,4174002.0,1,2680373.0,4174002.0
61,60 a 64,2023,Mujeres,Pensión/Sobrevivencia,Pasivos,Bancaria,12,0.0,38476069.0,4,2680373.0,9619017.25
61,60 a 64,2023,Mujeres,Otros,Pasivos,Bancaria,12,0.0,12550681.0,2,2680373.0,6275340.5
62,60 a 64,2023,Hombres,Vejez,Pasivos,Bancaria,12,0.0,1193271823.0,68,2680373.0,17548115.04411765
62,60 a 64,2023,Hombres,Invalidez,Pasivos,Bancaria,12,0.0,23573199.0,3,2680373.0,7857733.0
62,60 a 64,2023,Hombres,Otros,Pasivos,Bancaria,12,0.0,149153789.0,16,2680373.0,9322111.8125
62,60 a 64,2023,Mujeres,Vejez,Pasivos,Bancaria,12,0.0,220072462.0,13,2680373.0,16928650.923076924
62,60 a 64,2023,Mujeres,Pensión/Sobrevivencia,Pasivos,Bancaria,12,0.0,54657694.5,7,2680373.0,7808242.071428572
62,60 a 64,2023,Mujeres,Otros,Pasivos,Bancaria,12,0.0,85373721.0,11,2680373.0,7761247.363636363
63,60 a 64,2023,Hombres,Vejez,Pasivos,Bancaria,12,0.0,1962477369.25,121,2680373.0,16218821.233471075
63,60 a 64,2023,Hombres,Pensión/Sobrevivencia,Pasivos,Bancaria,12,0.0,12571183.0,3,2680373.0,4190394.3333333335
63,60 a 64,2023,Hombres,Otros,Pasivos,Bancaria,12,0.0,167656074.0,17,2680373.0,9862122.0
63,60 a 64,2023,Mujeres,Vejez,Pasivos,Bancaria,12,0.0,443339810.6666667,27,2680373.0,16419992.98765432
63,60 a 64,2023,Mujeres,Pensión/Sobrevivencia,Pasivos,Bancaria,12,0.0,148076977.0,16,2680373.0,9254811.0625
63,60 a 64,2023,Mujeres,Otros,Pasivos,Bancaria,12,0.0,67332238.0,6,2680373.0,11222039.666666666
64,60 a 64,2023,Hombres,Vejez,Pasivos,Bancaria,12,0.0,1299974601.1666667,81,2680373.0,16049069.150205763
64,60 a 64,2023,Hombres,Invalidez,Pasivos,Bancaria,12,0.0,6805446.0,2,2680373.0,3402723.0
64,60 a 64,2023,Hombres,Pensión/Sobrevivencia,Pasivos,Bancaria,12,0.0,2789252.0,1,2680373.0,2789252.0
64,60 a 64,2023,Hombres,Otros,Pasivos,Bancaria,12,0.0,150719754.0,18,2680373.0,8373319.666666667
64,60 a 64,2023,Mujeres,Vejez,Pasivos,Bancaria,12,0.0,326323536.1666666,24,2680373.0,13596814.006944442
64,60 a 64,2023,Mujeres,Invalidez,Pasivos,Bancaria,12,0.0,4933865.0,1,2680373.0,4933865.0
64,60 a 64,2023,Mujeres,Pensión/Sobrevivencia,Pasivos,Bancaria,12,0.0,154842826.75,19,2680373.0,8149622.4605263155
64,60 a 64,2023,Mujeres,Otros,Pasivos,Bancaria,12,0.0,35154414.0,6,2680373.0,5859069.0
65,65 a 69,2023,Hombres,Vejez,Pasivos,Bancaria,12,0.0,1573980801.7499998,110,2680373.0,14308916.379545452
65,65 a 69,2023,Hombres,Invalidez,Pasivos,Bancaria,12,0.0,52676147.0,3,2680373.0,17558715.666666668
65,65 a 69,2023,Hombres,Pensión/Sobrevivencia,Pasivos,Bancaria,12,0.0,15826528.0,2,2680373.0,7913264.0
65,65 a 69,2023,Hombres,Otros,Pasivos,Bancaria,12,0.0,198150377.0,18,2680373.0,11008354.277777778
65,65 a 69,2023,Mujeres,Vejez,Pasivos,Bancaria,12,0.0,276883475.75,20,2680373.0,13844173.7875
65,65 a 69,2023,Mujeres,Pensión/Sobrevivencia,Pasivos,Bancaria,12,0.0,169293201.3333333,21,2680373.0,8061581.015873015
65,65 a 69,2023,Mujeres,Otros,Pasivos,Bancaria,12,0.0,133567068.0,16,2680373.0,8347941.75
66,65 a 69,2023,Hombres,Vejez,Pasivos,Bancaria,12,0.0,1339997151.5,89,2680373.0,15056147.769662922
66,65 a 69,2023,Hombres,Invalidez,Pasivos,Bancaria,12,0.0,16719374.0,2,2680373.0,8359687.0
66,65 a 69,2023,Hombres,Pensión/Sobrevivencia,Pasivos,Bancaria,12,0.0,2976069.0,1,2680373.0,2976069.0
66,65 a 69,2023,Hombres,Otros,Pasivos,Bancaria,12,0.0,183588153.0,20,2680373.0,9179407.65
66,65 a 69,2023,Mujeres,Vejez,Pasivos,Bancaria,12,0.0,185614313.16666666,13,2680373.0,14278024.089743588
66,65 a 69,2023,Mujeres,Pensión/Sobrevivencia,Pasivos,Bancaria,12,0.0,219371724.00000003,26,2680373.0,8437374.000000002
66,65 a 69,2023,Mujeres,Otros,Pasivos,Bancaria,12,0.0,120484098.0,14,2680373.0,8606007.0
67,65 a 69,2023,Hombres,Vejez,Pasivos,Bancaria,12,0.0,1346635393.5,87,2680373.0,15478567.74137931
67,65 a 69,2023,Hombres,Invalidez,Pasivos,Bancaria,12,0.0,24827055.0,2,2680373.0,12413527.5
67,65 a 69,2023,Hombres,Pensión/Sobrevivencia,Pasivos,Bancaria,12,0.0,6093023.0,1,2680373.0,6093023.0
67,65 a 69,2023,Hombres,Otros,Pasivos,Bancaria,12,0.0,182681486.0,18,2680373.0,10148971.444444444
67,65 a 69,2023,Mujeres,Vejez,Pasivos,Bancaria,12,0.0,221855844.66666666,15,2680373.0,14790389.644444443
67,65 a 69,2023,Mujeres,Pensión/Sobrevivencia,Pasivos,Bancaria,12,0.0,83831783.0,11,2680373.0,7621071.181818182
67,65 a 69,2023,Mujeres,Otros,Pasivos,Bancaria,12,0.0,172589691.0,20,2680373.0,8629484.55
68,65 a 69,2023,Hombres,Vejez,Pasivos,Bancaria,12,0.0,1011101218.0833334,70,2680373.0,14444303.115476191
68,65 a 69,2023,Hombres,Pensión/Sobrevivencia,Pasivos,Bancaria,12,0.0,6586736.0,1,2680373.0,6586736.0
68,65 a 69,2023,Hombres,Otros,Pasivos,Bancaria,12,0.0,175797905.66666666,18,2680373.0,9766550.314814813
68,65 a 69,2023,Mujeres,Vejez,Pasivos,Bancaria,12,0.0,221363345.5,15,2680373.0,14757556.366666667
68,65 a 69,2023,Mujeres,Invalidez,Pasivos,Bancaria,12,0.0,19711530.0,2,2680373.0,9855765.0
68,65 a 69,2023,Mujeres,Pensión/Sobrevivencia,Pasivos,Bancaria,12,0.0,150271068.9166667,17,2680373.0,8839474.642156864
68,65 a 69,2023,Mujeres,Otros,Pasivos,Bancaria,12,0.0,76934992.0,9,2680373.0,8548332.444444444
69,65 a 69,2023,Hombres,Vejez,Pasivos,Bancaria,12,0.0,851772250.75,63,2680373.0,13520194.456349207
69,65 a 69,2023,Hombres,Invalidez,Pasivos,Bancaria,12,0.0,12560501.0,2,2680373.0,6280250.5
69,65 a 69,2023,Hombres,Pensión/Sobrevivencia,Pasivos,Bancaria,12,0.0,23691852.0,3,2680373.0,7897284.0
69,65 a 69,2023,Hombres,Otros,Pasivos,Bancaria,12,0.0,238714413.0,23,2680373.0,10378887.52173913
69,65 a 69,2023,Mujeres,Vejez,Pasivos,Bancaria,12,0.0,238283981.0,14,2680373.0,17020284.35714286
69,65 a 69,2023,Mujeres,Invalidez,Pasivos,Bancaria,12,0.0,10201053.0,2,2680373.0,5100526.5
69,65 a 69,2023,Mujeres,Pensión/Sobrevivencia,Pasivos,Bancaria,12,0.0,88472756.0,14,2680373.0,6319482.571428572
69,65 a 69,2023,Mujeres,Otros,Pasivos,Bancaria,12,0.0,113938094.0,11,2680373.0,10358008.545454545
70,70 a 74,2023,Hombres,Vejez,Pasivos,Bancaria,12,0.0,772617603.1666666,57,2680373.0,13554694.79239766
70,70 a 74,2023,Hombres,Invalidez,Pasivos,Bancaria,12,0.0,4463195.0,1,2680373.0,4463195.0
70,70 a 74,2023,Hombres,Pensión/Sobrevivencia,Pasivos,Bancaria,12,0.0,18167602.0,3,2680373.0,6055867.333333333
70,70 a 74,2023,Hombres,Otros,Pasivos,Bancaria,12,0.0,231330980.6666667,21,2680373.0,11015760.984126985
70,70 a 74,2023,Mujeres,Vejez,Pasivos,Bancaria,12,0.0,165791476.0,13,2680373.0,12753190.461538462
70,70 a 74,2023,Mujeres,Invalidez,Pasivos,Bancaria,12,0.0,18096472.0,3,2680373.0,6032157.333333333
70,70 a 74,2023,Mujeres,Pensión/Sobrevivencia,Pasivos,Bancaria,12,0.0,113624905.83333334,16,2680373.0,7101556.614583334
70,70 a 74,2023,Mujeres,Otros,Pasivos,Bancaria,12,0.0,134142592.66666667,13,2680373.0,10318660.974358974
71,70 a 74,2023,Hombres,Vejez,Pasivos,Bancaria,12,0.0,731588968.8333333,60,2680373.0,12193149.480555555
71,70 a 74,2023,Hombres,Otros,Pasivos,Bancaria,12,0.0,172112503.0,17,2680373.0,10124264.88235294
71,70 a 74,2023,Mujeres,Vejez,Pasivos,Bancaria,12,0.0,164129132.0,14,2680373.0,11723509.42857143
71,70 a 74,2023,Mujeres,Invalidez,Pasivos,Bancaria,12,0.0,15519645.0,1,2680373.0,15519645.0
71,70 a 74,2023,Mujeres,Pensión/Sobrevivencia,Pasivos,Bancaria,12,0.0,118119327.0,20,2680373.0,5905966.35
71,70 a 74,2023,Mujeres,Otros,Pasivos,Bancaria,12,0.0,149147880.0,16,2680373.0,9321742.5
72,70 a 74,2023,Hombres,Vejez,Pasivos,Bancaria,12,0.0,678777502.0,57,2680373.0,11908377.228070175
72,70 a 74,2023,Hombres,Pensión/Sobrevivencia,Pasivos,Bancaria,12,0.0,7533955.0,2,2680373.0,3766977.5
72,70 a 74,2023,Hombres,Otros,Pasivos,Bancaria,12,0.0,122060361.0,13,2680373.0,9389258.538461538
72,70 a 74,2023,Mujeres,Vejez,Pasivos,Bancaria,12,0.0,191800352.0,18,2680373.0,10655575.111111112
72,70 a 74,2023,Mujeres,Pensión/Sobrevivencia,Pasivos,Bancaria,12,0.0,98207996.0,15,2680373.0,6547199.733333333
72,70 a 74,2023,Mujeres,Otros,Pasivos,Bancaria,12,0.0,31723581.0,5,2680373.0,6344716.2
73,70 a 74,2023,Hombres,Vejez,Pasivos,Bancaria,12,0.0,720267597.1666667,64,2680373.0,11254181.205729168
73,70 a 74,2023,Hombres,Invalidez,Pasivos,Bancaria,12,0.0,19105677.0,3,2680373.0,6368559.0
73,70 a 74,2023,Hombres,Pensión/Sobrevivencia,Pasivos,Bancaria,12,0.0,24382193.0,5,2680373.0,4876438.6
73,70 a 74,2023,Hombres,Otros,Pasivos,Bancaria,12,0.0,86826182.0,10,2680373.0,8682618.2
73,70 a 74,2023,Mujeres,Vejez,Pasivos,Bancaria,12,0.0,193417300.0,18,2680373.0,10745405.555555556
73,70 a 74,2023,Mujeres,Invalidez,Pasivos,Bancaria,12,0.0,4724047.0,1,2680373.0,4724047.0
73,70 a 74,2023,Mujeres,Pensión/Sobrevivencia,Pasivos,Bancaria,12,0.0,143668460.91666666,23,2680373.0,6246454.822463768
73,70 a 74,2023,Mujeres,Otros,Pasivos,Bancaria,12,0.0,37143405.0,4,2680373.0,9285851.25
74,70 a 74,2023,Hombres,Vejez,Pasivos,Bancaria,12,0.0,534159576.0,52,2680373.0,10272299.538461538
74,70 a 74,2023,Hombres,Invalidez,Pasivos,Bancaria,12,0.0,6883993.0,2,2680373.0,3441996.5
74,70 a 74,2023,Hombres,Otros,Pasivos,Bancaria,12,0.0,65959083.0,6,2680373.0,10993180.5
74,70 a 74,2023,Mujeres,Vejez,Pasivos,Bancaria,12,0.0,140479056.0,12,2680373.0,11706588.0
74,70 a 74,2023,Mujeres,Invalidez,Pasivos,Bancaria,12,0.0,4823019.0,1,2680373.0,4823019.0
74,70 a 74,2023,Mujeres,Pensión/Sobrevivencia,Pasivos,Bancaria,12,0.0,127167003.58333334,17,2680373.0,7480411.975490197
74,70 a 74,2023,Mujeres,Otros,Pasivos,Bancaria,12,0.0,5690527.0,1,2680373.0,5690527.0
75,75 a 79,2023,Hombres,Vejez,Pasivos,Bancaria,12,0.0,584486892.0,49,2680373.0,11928303.918367347
75,75 a 79,2023,Hombres,Otros,Pasivos,Bancaria,12,0.0,37947405.0,5,2680373.0,7589481.0
75,75 a 79,2023,Mujeres,Vejez,Pasivos,Bancaria,12,0.0,168024176.0,15,2680373.0,11201611.733333332
75,75 a 79,2023,Mujeres,Invalidez,Pasivos,Bancaria,12,0.0,3480388.0,1,2680373.0,3480388.0
75,75 a 79,2023,Mujeres,Pensión/Sobrevivencia,Pasivos,Bancaria,12,0.0,157694716.5,24,2680373.0,6570613.1875
75,75 a 79,2023,Mujeres,Otros,Pasivos,Bancaria,12,0.0,39026042.0,5,2680373.0,7805208.4
76,75 a 79,2023,Hombres,Vejez,Pasivos,Bancaria,12,0.0,359724216.9166666,36,2680373.0,9992339.358796295
76,75 a 79,2023,Hombres,Pensión/Sobrevivencia,Pasivos,Bancaria,12,0.0,10467713.0,1,2680373.0,10467713.0
76,75 a 79,2023,Hombres,Otros,Pasivos,Bancaria,12,0.0,31291272.0,4,2680373.0,7822818.0
76,75 a 79,2023,Mujeres,Vejez,Pasivos,Bancaria,12,0.0,128670152.0,12,2680373.0,10722512.666666666
76,75 a 79,2023,Mujeres,Pensión/Sobrevivencia,Pasivos,Bancaria,12,0.0,148517328.83333334,29,2680373.0,5121287.2011494255
76,75 a 79,2023,Mujeres,Otros,Pasivos,Bancaria,12,0.0,12566253.0,2,2680373.0,6283126.5
77,75 a 79,2023,Hombres,Vejez,Pasivos,Bancaria,12,0.0,318592081.3333334,32,2680373.0,9956002.541666668
77,75 a 79,2023,Hombres,Invalidez,Pasivos,Bancaria,12,0.0,33350089.0,3,2680373.0,11116696.333333334
77,75 a 79,2023,Hombres,Pensión/Sobrevivencia,Pasivos,Bancaria,12,0.0,10712576.25,2,2680373.0,5356288.125
77,75 a 79,2023,Hombres,Otros,Pasivos,Bancaria,12,0.0,30156328.0,4,2680373.0,7539082.0
77,75 a 79,2023,Mujeres,Vejez,Pasivos,Bancaria,12,0.0,92075546.25,11,2680373.0,8370504.204545454
77,75 a 79,2023,Mujeres,Invalidez,Pasivos,Bancaria,12,0.0,6868651.0,1,2680373.0,6868651.0
77,75 a 79,2023,Mujeres,Pensión/Sobrevivencia,Pasivos,Bancaria,12,0.0,93548344.0,15,2680373.0,6236556.266666667
77,75 a 79,2023,Mujeres,Otros,Pasivos,Bancaria,12,0.0,27433757.0,4,2680373.0,6858439.25
78,75 a 79,2023,Hombres,Vejez,Pasivos,Bancaria,12,0.0,315575521.0,34,2680373.0,9281632.970588235
78,75 a 79,2023,Hombres,Pensión/Sobrevivencia,Pasivos,Bancaria,12,0.0,4124103.0,1,2680373.0,4124103.0
78,75 a 79,2023,Hombres,Otros,Pasivos,Bancaria,12,0.0,27249882.0,4,2680373.0,6812470.5
78,75 a 79,2023,Mujeres,Vejez,Pasivos,Bancaria,12,0.0,57279383.0,7,2680373.0,8182769.0
78,75 a 79,2023,Mujeres,Invalidez,Pasivos,Bancaria,12,0.0,5145739.0,1,2680373.0,5145739.0
78,75 a 79,2023,Mujeres,Pensión/Sobrevivencia,Pasivos,Bancaria,12,0.0,100477840.33333334,19,2680373.0,5288307.385964912
78,75 a 79,2023,Mujeres,Otros,Pasivos,Bancaria,12,0.0,7722494.0,1,2680373.0,7722494.0
79,75 a 79,2023,Hombres,Vejez,Pasivos,Bancaria,12,0.0,343824543.6666667,38,2680373.0,9048014.307017544
79,75 a 79,2023,Hombres,Invalidez,Pasivos,Bancaria,12,0.0,23365435.0,3,2680373.0,7788478.333333333
79,75 a 79,2023,Hombres,Pensión/Sobrevivencia,Pasivos,Bancaria,12,0.0,7876817.0,2,2680373.0,3938408.5
79,75 a 79,2023,Hombres,Otros,Pasivos,Bancaria,12,0.0,15805480.0,2,2680373.0,7902740.0
79,75 a 79,2023,Mujeres,Vejez,Pasivos,Bancaria,12,0.0,139471917.8333333,14,2680373.0,9962279.845238093
79,75 a 79,2023,Mujeres,Pensión/Sobrevivencia,Pasivos,Bancaria,12,0.0,133863593.66666667,22,2680373.0,6084708.803030304
80,80 a 84,2023,Hombres,Vejez,Pasivos,Bancaria,12,0.0,286315415.6666666,35,2680373.0,8180440.447619046
80,80 a 84,2023,Hombres,Pensión/Sobrevivencia,Pasivos,Bancaria,12,0.0,14745628.0,3,2680373.0,4915209.333333333
80,80 a 84,2023,Mujeres,Vejez,Pasivos,Bancaria,12,0.0,61592729.0,8,2680373.0,7699091.125
80,80 a 84,2023,Mujeres,Pensión/Sobrevivencia,Pasivos,Bancaria,12,0.0,91661509.25,17,2680373.0,5391853.485294118
81,80 a 84,2023,Hombres,Vejez,Pasivos,Bancaria,12,0.0,147045720.0,18,2680373.0,8169206.666666667
81,80 a 84,2023,Hombres,Otros,Pasivos,Bancaria,12,0.0,8441208.0,1,2680373.0,8441208.0
81,80 a 84,2023,Mujeres,Vejez,Pasivos,Bancaria,12,0.0,98532026.0,12,2680373.0,8211002.166666667
81,80 a 84,2023,Mujeres,Pensión/Sobrevivencia,Pasivos,Bancaria,12,0.0,87510142.91666666,14,2680373.0,6250724.4940476185
81,80 a 84,2023,Mujeres,Otros,Pasivos,Bancaria,12,0.0,12873426.0,2,2680373.0,6436713.0
82,80 a 84,2023,Hombres,Vejez,Pasivos,Bancaria,12,0.0,161667874.0,20,2680373.0,8083393.7
82,80 a 84,2023,Hombres,Invalidez,Pasivos,Bancaria,12,0.0,4611730.0,1,2680373.0,4611730.0
82,80 a 84,2023,Hombres,Otros,Pasivos,Bancaria,12,0.0,4572128.0,1,2680373.0,4572128.0
82,80 a 84,2023,Mujeres,Vejez,Pasivos,Bancaria,12,0.0,20874983.0,3,2680373.0,6958327.666666667
82,80 a 84,2023,Mujeres,Pensión/Sobrevivencia,Pasivos,Bancaria,12,0.0,81312639.33333333,16,2680373.0,5082039.958333333
83,80 a 84,2023,Hombres,Vejez,Pasivos,Bancaria,12,0.0,177174140.25,22,2680373.0,8053370.011363637
83,80 a 84,2023,Hombres,Pensión/Sobrevivencia,Pasivos,Bancaria,12,0.0,12496672.416666668,3,2680373.0,4165557.4722222225
83,80 a 84,2023,Mujeres,Vejez,Pasivos,Bancaria,12,0.0,24822059.0,4,2680373.0,6205514.75
83,80 a 84,2023,Mujeres,Pensión/Sobrevivencia,Pasivos,Bancaria,12,0.0,140746983.33333334,25,2680373.0,5629879.333333334
84,80 a 84,2023,Hombres,Vejez,Pasivos,Bancaria,12,0.0,170057817.83333334,23,2680373.0,7393818.166666667
84,80 a 84,2023,Hombres,Pensión/Sobrevivencia,Pasivos,Bancaria,12,0.0,5824184.0,1,2680373.0,5824184.0
84,80 a 84,2023,Mujeres,Vejez,Pasivos,Bancaria,12,0.0,21823308.333333332,3,2680373.0,7274436.111111111
84,80 a 84,2023,Mujeres,Pensión/Sobrevivencia,Pasivos,Bancaria,12,0.0,133784943.66666667,26,2680373.0,5145574.756410257
85,85 y más,2023,Hombres,Vejez,Pasivos,Bancaria,12,0.0,129255807.25,17,2680373.0,7603282.779411765
85,85 y más,2023,Hombres,Otros,Pasivos,Bancaria,12,0.0,6678391.0,1,2680373.0,6678391.0
85,85 y más,2023,Mujeres,Vejez,Pasivos,Bancaria,12,0.0,22665373.0,3,2680373.0,7555124.333333333
85,85 y más,2023,Mujeres,Pensión/Sobrevivencia,Pasivos,Bancaria,12,0.0,118668287.58333334,22,2680373.0,5394013.071969697
86,85 y más,2023,Hombres,Vejez,Pasivos,Bancaria,12,0.0,136190594.25,22,2680373.0,6190481.556818182
86,85 y más,2023,Mujeres,Vejez,Pasivos,Bancaria,12,0.0,14846865.0,2,2680373.0,7423432.5
86,85 y más,2023,Mujeres,Invalidez,Pasivos,Bancaria,12,0.0,5836174.0,1,2680373.0,5836174.0
86,85 y más,2023,Mujeres,Pensión/Sobrevivencia,Pasivos,Bancaria,12,0.0,116691195.41666666,24,2680373.0,4862133.142361111
87,85 y más,2023,Hombres,Vejez,Pasivos,Bancaria,12,0.0,147828198.5,21,2680373.0,7039438.023809524
87,85 y más,2023,Hombres,Pensión/Sobrevivencia,Pasivos,Bancaria,12,0.0,5439279.0,1,2680373.0,5439279.0
87,85 y más,2023,Hombres,Otros,Pasivos,Bancaria,12,0.0,15560584.0,2,2680373.0,7780292.0
87,85 y más,2023,Mujeres,Vejez,Pasivos,Bancaria,12,0.0,8022787.0,1,2680373.0,8022787.0
87,85 y más,2023,Mujeres,Pensión/Sobrevivencia,Pasivos,Bancaria,12,0.0,116381669.49999999,22,2680373.0,5290075.886363636
88,85 y más,2023,Hombres,Vejez,Pasivos,Bancaria,12,0.0,81775629.0,11,2680373.0,7434148.090909091
88,85 y más,2023,Mujeres,Pensión/Sobrevivencia,Pasivos,Bancaria,12,0.0,114334785.66666667,23,2680373.0,4971077.637681159
89,85 y más,2023,Hombres,Vejez,Pasivos,Bancaria,12,0.0,100095786.83333333,14,2680373.0,7149699.059523809
89,85 y más,2023,Mujeres,Vejez,Pasivos,Bancaria,12,0.0,32467018.0,4,2680373.0,8116754.5
89,85 y más,2023,Mujeres,Pensión/Sobrevivencia,Pasivos,Bancaria,12,0.0,104009757.83333334,17,2680373.0,6118221.049019609
90,85 y más,2023,Hombres,Vejez,Pasivos,Bancaria,12,0.0,55339457.91666667,9,2680373.0,6148828.657407408
90,85 y más,2023,Mujeres,Pensión/Sobrevivencia,Pasivos,Bancaria,12,0.0,101592535.00000001,19,2680373.0,5346975.526315791
91,85 y más,2023,Hombres,Vejez,Pasivos,Bancaria,12,0.0,44045892.25,7,2680373.0,6292270.321428572
91,85 y más,2023,Hombres,Otros,Pasivos,Bancaria,12,0.0,4369563.0,1,2680373.0,4369563.0
91,85 y más,2023,Mujeres,Vejez,Pasivos,Bancaria,12,0.0,12396872.25,2,2680373.0,6198436.125
91,85 y más,2023,Mujeres,Pensión/Sobrevivencia,Pasivos,Bancaria,12,0.0,92307039.25,21,2680373.0,4395573.297619048
92,85 y más,2023,Hombres,Vejez,Pasivos,Bancaria,12,0.0,71049719.0,10,2680373.0,7104971.9
92,85 y más,2023,Mujeres,Vejez,Pasivos,Bancaria,12,0.0,3590114.0,1,2680373.0,3590114.0
92,85 y más,2023,Mujeres,Pensión/Sobrevivencia,Pasivos,Bancaria,12,0.0,90115821.74999999,20,2680373.0,4505791.087499999
93,85 y más,2023,Hombres,Vejez,Pasivos,Bancaria,12,0.0,58420110.0,9,2680373.0,6491123.333333333
93,85 y más,2023,Mujeres,Pensión/Sobrevivencia,Pasivos,Bancaria,12,0.0,52866326.16666667,12,2680373.0,4405527.180555556
94,85 y más,2023,Hombres,Vejez,Pasivos,Bancaria,12,0.0,37063069.0,5,2680373.0,7412613.8
94,85 y más,2023,Hombres,Pensión/Sobrevivencia,Pasivos,Bancaria,12,0.0,5524722.0,1,2680373.0,5524722.0
94,85 y más,2023,Hombres,Otros,Pasivos,Bancaria,12,0.0,6202991.0,1,2680373.0,6202991.0
94,85 y más,2023,Mujeres,Vejez,Pasivos,Bancaria,12,0.0,7239977.0,1,2680373.0,7239977.0
94,85 y más,2023,Mujeres,Pensión/Sobrevivencia,Pasivos,Bancaria,12,0.0,85081108.83333334,17,2680373.0,5004771.107843138
95,85 y más,2023,Hombres,Vejez,Pasivos,Bancaria,12,0.0,52673205.5,9,2680373.0,5852578.388888889
95,85 y más,2023,Mujeres,Pensión/Sobrevivencia,Pasivos,Bancaria,12,0.0,61786046.33333333,13,2680373.0,4752772.794871794
96,85 y más,2023,Hombres,Vejez,Pasivos,Bancaria,12,0.0,30198342.0,4,2680373.0,7549585.5
96,85 y más,2023,Mujeres,Pensión/Sobrevivencia,Pasivos,Bancaria,12,0.0,6861459.0,2,2680373.0,3430729.5
97,85 y más,2023,Hombres,Vejez,Pasivos,Bancaria,12,0.0,18937550.0,3,2680373.0,6312516.666666667
97,85 y más,2023,Mujeres,Pensión/Sobrevivencia,Pasivos,Bancaria,12,0.0,12586612.916666668,5,2680373.0,2517322.5833333335
98,85 y más,2023,Hombres,Vejez,Pasivos,Bancaria,12,0.0,7342888.0,1,2680373.0,7342888.0
98,85 y más,2023,Mujeres,Pensión/Sobrevivencia,Pasivos,Bancaria,12,0.0,28161854.0,5,2680373.0,5632370.8
99,85 y más,2023,Hombres,Vejez,Pasivos,Bancaria,12,0.0,6806104.0,1,2680373.0,6806104.0
99,85 y más,2023,Mujeres,Pensión/Sobrevivencia,Pasivos,Bancaria,12,0.0,5335984.5,2,2680373.0,2667992.25
100,85 y más,2023,Mujeres,Pensión/Sobrevivencia,Pasivos,Bancaria,12,0.0,11525441.5,2,2680373.0,5762720.75
19,15 a 19,2024,Hombres,Activos,Activos,Ande,12,655690.0,6556900.0,1,,6556900.0
19,15 a 19,2024,Mujeres,Activos,Activos,Ande,12,502978.0,5029780.0,3,,1676593.3333333333
20,20 a 24,2024,Hombres,Activos,Activos,Ande,12,3204155.3,32041553.0,19,,1686397.5263157894
20,20 a 24,2024,Mujeres,Activos,Activos,Ande,12,3555860.2,35558602.0,21,,1693266.761904762
21,20 a 24,2024,Hombres,Activos,Activos,Ande,12,4746270.599999999,47462706.0,24,,1977612.75
21,20 a 24,2024,Mujeres,Activos,Activos,Ande,12,2511082.6,25110826.0,12,,2092568.8333333333
22,20 a 24,2024,Hombres,Activos,Activos,Ande,12,7455009.600000001,74550096.0,28,,2662503.4285714286
22,20 a 24,2024,Mujeres,Activos,Activos,Ande,12,1494302.7,14943027.0,9,,1660336.3333333333
23,20 a 24,2024,Hombres,Activos,Activos,Ande,12,6833266.5,68332665.0,24,,2847194.375
23,20 a 24,2024,Mujeres,Activos,Activos,Ande,12,1439713.4,14397134.0,8,,1799641.75
24,20 a 24,2024,Hombres,Activos,Activos,Ande,12,11815300.6,118153006.0,34,,3475088.411764706
24,20 a 24,2024,Mujeres,Activos,Activos,Ande,12,3171525.6,31715256.0,12,,2642938.0
25,25 a 29,2024,Hombres,Activos,Activos,Ande,12,26217734.3,262177343.0,39,,6722495.974358974
25,25 a 29,2024,Mujeres,Activos,Activos,Ande,12,3142752.4,31427524.0,16,,1964220.25
26,25 a 29,2024,Hombres,Activos,Activos,Ande,12,18235062.2,182350622.0,28,,6512522.214285715
26,25 a 29,2024,Mujeres,Activos,Activos,Ande,12,4391439.5,43914395.0,10,,4391439.5
27,25 a 29,2024,Hombres,Activos,Activos,Ande,12,27935238.5,279352385.0,28,,9976870.892857144
27,25 a 29,2024,Mujeres,Activos,Activos,Ande,12,8477264.0,84772640.0,13,,6520972.307692308
28,25 a 29,2024,Hombres,Activos,Activos,Ande,12,37758920.1,377589201.0,41,,9209492.707317073
28,25 a 29,2024,Mujeres,Activos,Activos,Ande,12,10538326.8,105383268.0,16,,6586454.25
29,25 a 29,2024,Hombres,Activos,Activos,Ande,12,48537716.70000002,485377167.0,50,,9707543.34
29,25 a 29,2024,Mujeres,Activos,Activos,Ande,12,8340928.900000001,83409289.0,10,,8340928.9
30,30 a 34,2024,Hombres,Activos,Activos,Ande,12,79190574.70000003,791905747.0,70,,11312939.242857143
30,30 a 34,2024,Mujeres,Activos,Activos,Ande,12,10502594.0,105025940.0,10,,10502594.0
31,30 a 34,2024,Hombres,Activos,Activos,Ande,12,100429009.70000003,1004290097.0,88,,11412387.465909092
31,30 a 34,2024,Mujeres,Activos,Activos,Ande,12,21204555.099999998,212045551.0,20,,10602277.55
32,30 a 34,2024,Hombres,Activos,Activos,Ande,12,104700973.49999996,1047009735.0,93,,11258169.193548387
32,30 a 34,2024,Mujeres,Activos,Activos,Ande,12,23849265.000000004,238492650.0,23,,10369245.652173912
33,30 a 34,2024,Hombres,Activos,Activos,Ande,12,144003442.40000007,1440034424.0,121,,11901110.94214876
33,30 a 34,2024,Mujeres,Activos,Activos,Ande,12,39318860.6,393188606.0,36,,10921905.722222222
34,30 a 34,2024,Hombres,Activos,Activos,Ande,12,117573296.20000003,1175732962.0,97,,12120958.37113402
34,30 a 34,2024,Mujeres,Activos,Activos,Ande,12,34554588.5,345545885.0,32,,10798308.90625
35,35 a 39,2024,Hombres,Activos,Activos,Ande,12,123626020.80000003,1236260208.0,108,,11446853.777777778
35,35 a 39,2024,Mujeres,Activos,Activos,Ande,12,31914747.699999996,319147477.0,29,,11005085.413793104
36,35 a 39,2024,Hombres,Activos,Activos,Ande,12,143567229.1,1435672291.0,116,,12376485.26724138
36,35 a 39,2024,Mujeres,Activos,Activos,Ande,12,37615975.5,376159755.0,33,,11398780.454545455
37,35 a 39,2024,Hombres,Activos,Activos,Ande,12,122076274.39999998,1220762744.0,96,,12716278.583333334
37,35 a 39,2024,Mujeres,Activos,Activos,Ande,12,40246760.7,402467607.0,35,,11499074.485714287
38,35 a 39,2024,Hombres,Activos,Activos,Ande,12,139024069.69999993,1390240697.0,106,,13115478.273584906
38,35 a 39,2024,Mujeres,Activos,Activos,Ande,12,41901926.30000001,419019263.0,35,,11971978.942857143
39,35 a 39,2024,Hombres,Activos,Activos,Ande,12,138555553.10000002,1385555531.0,108,,12829217.879629629
39,35 a 39,2024,Mujeres,Activos,Activos,Ande,12,44800677.1,448006771.0,34,,13176669.735294119
40,40 a 44,2024,Hombres,Activos,Activos,Ande,12,166172851.70000002,1661728517.0,126,,13188321.563492063
40,40 a 44,2024,Mujeres,Activos,Activos,Ande,12,44486221.49999999,444862215.0,39,,11406723.461538462
41,40 a 44,2024,Hombres,Activos,Activos,Ande,12,189287530.60000002,1892875306.0,137,,13816608.072992701
41,40 a 44,2024,Mujeres,Activos,Activos,Ande,12,44900570.89999999,449005709.0,31,,14484055.129032258
42,40 a 44,2024,Hombres,Activos,Activos,Ande,12,176598084.99999994,1765980850.0,121,,14594883.05785124
42,40 a 44,2024,Mujeres,Activos,Activos,Ande,12,47053188.9,470531889.0,38,,12382418.131578946
43,40 a 44,2024,Hombres,Activos,Activos,Ande,12,155324337.29999998,1553243373.0,102,,15227876.205882354
43,40 a 44,2024,Mujeres,Activos,Activos,Ande,12,47510710.1,475107101.0,38,,12502818.44736842
44,40 a 44,2024,Hombres,Activos,Activos,Ande,12,174789384.50000006,1747893845.0,126,,13872173.373015873
44,40 a 44,2024,Mujeres,Activos,Activos,Ande,12,57905022.300000004,579050223.0,37,,15650006.027027028
45,45 a 49,2024,Hombres,Activos,Activos,Ande,12,207631426.10000008,2076314261.0,132,,15729653.492424242
45,45 a 49,2024,Mujeres,Activos,Activos,Ande,12,41767381.50000001,417673815.0,30,,13922460.5
46,45 a 49,2024,Hombres,Activos,Activos,Ande,12,165501579.80000007,1655015798.0,109,,15183631.174311927
46,45 a 49,2024,Mujeres,Activos,Activos,Ande,12,52375257.5,523752575.0,36,,14548682.638888888
47,45 a 49,2024,Hombres,Activos,Activos,Ande,12,199829383.8,1998293838.0,115,,17376468.156521738
47,45 a 49,2024,Mujeres,Activos,Activos,Ande,12,53563334.39999999,535633344.0,33,,16231313.454545455
48,45 a 49,2024,Hombres,Activos,Activos,Ande,12,145351530.29999998,1453515303.0,88,,16517219.352272727
48,45 a 49,2024,Mujeres,Activos,Activos,Ande,12,49139021.50000001,491390215.0,29,,16944490.172413792
49,45 a 49,2024,Hombres,Activos,Activos,Ande,12,152462461.99999997,1524624620.0,90,,16940273.555555556
49,45 a 49,2024,Mujeres,Activos,Activos,Ande,12,40149641.20000001,401496412.0,28,,14339157.57142857
50,50 a 54,2024,Hombres,Activos,Activos,Ande,12,179847626.79999995,1798476268.0,115,,15638924.069565218
50,50 a 54,2024,Mujeres,Activos,Activos,Ande,12,52051486.400000006,520514864.0,29,,17948788.413793102
51,50 a 54,2024,Hombres,Activos,Activos,Ande,12,172679774.90000004,1726797749.0,99,,17442401.505050506
51,50 a 54,2024,Mujeres,Activos,Activos,Ande,12,35104040.4,351040404.0,21,,16716209.714285715
52,50 a 54,2024,Hombres,Activos,Activos,Ande,12,146309519.90000004,1463095199.0,86,,17012734.872093022
52,50 a 54,2024,Mujeres,Activos,Activos,Ande,12,49113218.4,491132184.0,30,,16371072.8
53,50 a 54,2024,Hombres,Activos,Activos,Ande,12,148171938.79999995,1481719388.0,84,,17639516.523809522
53,50 a 54,2024,Mujeres,Activos,Activos,Ande,12,46630900.4,466309004.0,24,,19429541.833333332
54,50 a 54,2024,Hombres,Activos,Activos,Ande,12,191926086.70000008,1919260867.0,104,,18454431.41346154
54,50 a 54,2024,Mujeres,Activos,Activos,Ande,12,36543732.300000004,365437323.0,25,,14617492.92
55,55 a 59,2024,Hombres,Activos,Activos,Ande,12,200400580.30000004,2004005803.0,110,,18218234.572727274
55,55 a 59,2024,Mujeres,Activos,Activos,Ande,12,47922412.60000001,479224126.0,29,,16524969.862068966
56,55 a 59,2024,Hombres,Activos,Activos,Ande,12,186576274.70000002,1865762747.0,97,,19234667.49484536
56,55 a 59,2024,Mujeres,Activos,Activos,Ande,12,45391735.699999996,453917357.0,27,,16811753.962962963
57,55 a 59,2024,Hombres,Activos,Activos,Ande,12,239015704.49999994,2390157045.0,125,,19121256.36
57,55 a 59,2024,Mujeres,Activos,Activos,Ande,12,27029319.3,270293193.0,20,,13514659.65
58,55 a 59,2024,Hombres,Activos,Activos,Ande,12,234619473.3000001,2346194733.0,121,,19390039.11570248
58,55 a 59,2024,Mujeres,Activos,Activos,Ande,12,53239391.10000002,532393911.0,28,,19014068.25
59,55 a 59,2024,Hombres,Activos,Activos,Ande,12,267965748.20000002,2679657482.0,130,,20612749.861538462
59,55 a 59,2024,Mujeres,Activos,Activos,Ande,12,42601886.199999996,426018862.0,23,,18522559.217391305
60,60 a 64,2024,Hombres,Activos,Activos,Ande,12,87411344.40000002,874113444.0,47,,18598158.382978722
60,60 a 64,2024,Mujeres,Activos,Activos,Ande,12,7627654.8,76276548.0,7,,10896649.714285715
61,60 a 64,2024,Hombres,Activos,Activos,Ande,12,41281918.10000001,412819181.0,33,,12509672.151515152
61,60 a 64,2024,Mujeres,Activos,Activos,Ande,12,6181116.3,61811163.0,6,,10301860.5
62,60 a 64,2024,Hombres,Activos,Activos,Ande,12,34776406.89999999,347764069.0,25,,13910562.76
62,60 a 64,2024,Mujeres,Activos,Activos,Ande,12,6406464.8,64064648.0,5,,12812929.6
63,60 a 64,2024,Hombres,Activos,Activos,Ande,12,27843986.000000004,278439860.0,25,,11137594.4
63,60 a 64,2024,Mujeres,Activos,Activos,Ande,12,1966932.7,19669327.0,2,,9834663.5
64,60 a 64,2024,Hombres,Activos,Activos,Ande,12,32945917.8,329459178.0,24,,13727465.75
64,60 a 64,2024,Mujeres,Activos,Activos,Ande,12,4275631.2,42756312.0,4,,10689078.0
65,65 a 69,2024,Hombres,Activos,Activos,Ande,12,24925451.8,249254518.0,20,,12462725.9
65,65 a 69,2024,Mujeres,Activos,Activos,Ande,12,1236805.3000000003,12368053.0,3,,4122684.3333333335
66,65 a 69,2024,Hombres,Activos,Activos,Ande,12,16679349.300000003,166793493.0,15,,11119566.2
66,65 a 69,2024,Mujeres,Activos,Activos,Ande,12,1277979.8,12779798.0,3,,4259932.666666667
67,65 a 69,2024,Hombres,Activos,Activos,Ande,12,13034183.0,130341830.0,14,,9310130.714285715
67,65 a 69,2024,Mujeres,Activos,Activos,Ande,12,741905.0,7419050.0,1,,7419050.0
68,65 a 69,2024,Hombres,Activos,Activos,Ande,12,14324488.900000004,143244889.0,14,,10231777.785714285
68,65 a 69,2024,Mujeres,Activos,Activos,Ande,12,1482774.5,14827745.0,1,,14827745.0
69,65 a 69,2024,Hombres,Activos,Activos,Ande,12,13285239.600000001,132852396.0,14,,9489456.857142856
70,70 a 74,2024,Hombres,Activos,Activos,Ande,12,13176958.7,131769587.0,11,,11979053.363636363
70,70 a 74,2024,Mujeres,Activos,Activos,Ande,12,742440.0,7424400.0,1,,7424400.0
71,70 a 74,2024,Hombres,Activos,Activos,Ande,12,9873336.600000001,98733366.0,10,,9873336.6
71,70 a 74,2024,Mujeres,Activos,Activos,Ande,12,1411377.4,14113774.0,3,,4704591.333333333
72,70 a 74,2024,Hombres,Activos,Activos,Ande,12,10307434.8,103074348.0,11,,9370395.272727273
72,70 a 74,2024,Mujeres,Activos,Activos,Ande,12,536074.7,5360747.0,2,,2680373.5
73,70 a 74,2024,Hombres,Activos,Activos,Ande,12,5071900.300000001,50719003.0,5,,10143800.6
73,70 a 74,2024,Mujeres,Activos,Activos,Ande,12,268037.3,2680373.0,1,,2680373.0
74,70 a 74,2024,Hombres,Activos,Activos,Ande,12,1612701.1,16127011.0,2,,8063505.5
75,75 a 79,2024,Hombres,Activos,Activos,Ande,12,4327746.9,43277469.0,5,,8655493.8
77,75 a 79,2024,Hombres,Activos,Activos,Ande,12,543602.4,5436024.0,1,,5436024.0
78,75 a 79,2024,Hombres,Activos,Activos,Ande,12,377918.30000000005,3779183.0,1,,3779183.0
79,75 a 79,2024,Hombres,Activos,Activos,Ande,12,974832.0,9748320.0,1,,9748320.0
81,80 a 84,2024,Hombres,Activos,Activos,Ande,12,268037.3,2680373.0,1,,2680373.0
85,85 y más,2024,Hombres,Activos,Activos,Ande,12,268037.3,2680373.0,1,,2680373.0
18,15 a 19,2024,Hombres,Activos,Activos,Bancaria,12,17873967.44,63835598.0,17,,3755035.1764705884
18,15 a 19,2024,Mujeres,Activos,Activos,Bancaria,12,11788496.72,42101774.0,14,,3007269.5714285714
19,15 a 19,2024,Hombres,Activos,Activos,Bancaria,12,89334814.79999998,319052910.0,86,,3709917.5581395347
19,15 a 19,2024,Mujeres,Activos,Activos,Bancaria,12,43859948.440000005,156642673.0,41,,3820553.0
20,20 a 24,2024,Hombres,Activos,Activos,Bancaria,12,126177044.84000002,450632303.0,107,,4211516.85046729
20,20 a 24,2024,Mujeres,Activos,Activos,Bancaria,12,94719835.83999999,338285128.0,83,,4075724.43373494
21,20 a 24,2024,Hombres,Activos,Activos,Bancaria,12,228303192.88000005,815368546.0,169,,4824665.952662722
21,20 a 24,2024,Mujeres,Activos,Activos,Bancaria,12,131483752.68000008,469584831.0,102,,4603772.852941177
22,20 a 24,2024,Hombres,Activos,Activos,Bancaria,12,293220193.2800002,1047214976.0,203,,5158694.463054188
22,20 a 24,2024,Mujeres,Activos,Activos,Bancaria,12,188352128.44000015,672686173.0,136,,4946221.860294118
23,20 a 24,2024,Hombres,Activos,Activos,Bancaria,12,320925212.16000015,1146161472.0,220,,5209824.872727273
23,20 a 24,2024,Mujeres,Activos,Activos,Bancaria,12,239485126.16000015,855304022.0,165,,5183660.739393939
24,20 a 24,2024,Hombres,Activos,Activos,Bancaria,12,327092227.8400001,1168186528.0,223,,5238504.609865471
24,20 a 24,2024,Mujeres,Activos,Activos,Bancaria,12,262642840.88000005,938010146.0,167,,5616827.221556886
25,25 a 29,2024,Hombres,Activos,Activos,Bancaria,12,409015123.72000027,1460768299.0,250,,5843073.196
25,25 a 29,2024,Mujeres,Activos,Activos,Bancaria,12,337817476.0800003,1206490986.0,198,,6093388.818181818
26,25 a 29,2024,Hombres,Activos,Activos,Bancaria,12,492472300.6000005,1758829645.0,281,,6259180.231316726
26,25 a 29,2024,Mujeres,Activos,Activos,Bancaria,12,316645633.08000016,1130877261.0,181,,6247940.6685082875
27,25 a 29,2024,Hombres,Activos,Activos,Bancaria,12,605625588.4000005,2162948530.0,304,,7114962.269736842
27,25 a 29,2024,Mujeres,Activos,Activos,Bancaria,12,512446242.8400004,1830165153.0,249,,7350060.855421687
28,25 a 29,2024,Hombres,Activos,Activos,Bancaria,12,680522696.8399998,2430438203.0,301,,8074545.524916943
28,25 a 29,2024,Mujeres,Activos,Activos,Bancaria,12,511002238.60000044,1825007995.0,242,,7541355.351239669
29,25 a 29,2024,Hombres,Activos,Activos,Bancaria,12,733677457.5200003,2620276634.0,325,,8062389.643076923
29,25 a 29,2024,Mujeres,Activos,Activos,Bancaria,12,506920961.68,1810432006.0,230,,7871443.504347826
30,30 a 34,2024,Hombres,Activos,Activos,Bancaria,12,634178864.2,2264924515.0,262,,8644750.057251908
30,30 a 34,2024,Mujeres,Activos,Activos,Bancaria,12,582674121.1200004,2080979004.0,252,,8257853.19047619
31,30 a 34,2024,Hombres,Activos,Activos,Bancaria,12,749455201.8799999,2676625721.0,279,,9593640.577060932
31,30 a 34,2024,Mujeres,Activos,Activos,Bancaria,12,660667012.6000004,2359525045.0,265,,8903868.094339622
32,30 a 34,2024,Hombres,Activos,Activos,Bancaria,12,857139797.6399999,3061213563.0,297,,10307116.373737374
32,30 a 34,2024,Mujeres,Activos,Activos,Bancaria,12,664677012.44,2373846473.0,244,,9728878.987704918
33,30 a 34,2024,Hombres,Activos,Activos,Bancaria,12,868503519.8000001,3101798285.0,305,,10169830.44262295
33,30 a 34,2024,Mujeres,Activos,Activos,Bancaria,12,678544237.0,2423372275.0,247,,9811223.7854251
34,30 a 34,2024,Hombres,Activos,Activos,Bancaria,12,895899191.8800001,3199639971.0,302,,10594834.341059603
34,30 a 34,2024,Mujeres,Activos,Activos,Bancaria,12,682803425.08,2438583661.0,226,,10790193.190265486
35,35 a 39,2024,Hombres,Activos,Activos,Bancaria,12,1061984250.5999997,3792800895.0,303,,12517494.702970296
35,35 a 39,2024,Mujeres,Activos,Activos,Bancaria,12,704633636.2800003,2516548701.0,225,,11184660.893333333
36,35 a 39,2024,Hombres,Activos,Activos,Bancaria,12,833800275.8400003,2977858128.0,246,,12105114.341463415
36,35 a 39,2024,Mujeres,Activos,Activos,Bancaria,12,671211002.5600002,2397182152.0,205,,11693571.473170731
37,35 a 39,2024,Hombres,Activos,Activos,Bancaria,12,778193668.2799995,2779263101.0,224,,12407424.558035715
37,35 a 39,2024,Mujeres,Activos,Activos,Bancaria,12,588918512.2800001,2103280401.0,177,,11882940.118644068
38,35 a 39,2024,Hombres,Activos,Activos,Bancaria,12,657558533.2400002,2348423333.0,191,,12295410.120418848
38,35 a 39,2024,Mujeres,Activos,Activos,Bancaria,12,693480415.5999999,2476715770.0,188,,13174020.053191489
39,35 a 39,2024,Hombres,Activos,Activos,Bancaria,12,910530038.0399998,3251892993.0,213,,15267103.253521128
39,35 a 39,2024,Mujeres,Activos,Activos,Bancaria,12,557643024.4,1991582230.0,142,,14025226.971830986
40,40 a 44,2024,Hombres,Activos,Activos,Bancaria,12,767568933.3199999,2741317619.0,183,,14979877.699453551
40,40 a 44,2024,Mujeres,Activos,Activos,Bancaria,12,510525750.28,1823306251.0,133,,13709069.556390977
41,40 a 44,2024,Hombres,Activos,Activos,Bancaria,12,876752474.3600001,3131258837.0,196,,15975810.392857144
41,40 a 44,2024,Mujeres,Activos,Activos,Bancaria,12,518193615.5199999,1850691484.0,129,,14346445.6124031
42,40 a 44,2024,Hombres,Activos,Activos,Bancaria,12,711724525.4000002,2541873305.0,162,,15690575.956790123
42,40 a 44,2024,Mujeres,Activos,Activos,Bancaria,12,450631824.16,1609399372.0,108,,14901846.037037037
43,40 a 44,2024,Hombres,Activos,Activos,Bancaria,12,598008720.6800001,2135745431.0,133,,16058236.32330827
43,40 a 44,2024,Mujeres,Activos,Activos,Bancaria,12,432341181.9999998,1544075650.0,99,,15596723.737373738
44,40 a 44,2024,Hombres,Activos,Activos,Bancaria,12,613716341.28,2191844076.0,135,,16235882.044444444
44,40 a 44,2024,Mujeres,Activos,Activos,Bancaria,12,381977390.2000001,1364204965.0,86,,15862848.430232558
45,45 a 49,2024,Hombres,Activos,Activos,Bancaria,12,737212715.12,2632902554.0,140,,18806446.814285714
45,45 a 49,2024,Mujeres,Activos,Activos,Bancaria,12,434489682.48,1551748866.0,94,,16507966.659574468
46,45 a 49,2024,Hombres,Activos,Activos,Bancaria,12,515235627.20000005,1840127240.0,96,,19167992.083333332
46,45 a 49,2024,Mujeres,Activos,Activos,Bancaria,12,227685328.92000005,813161889.0,53,,15342677.150943397
47,45 a 49,2024,Hombres,Activos,Activos,Bancaria,12,457531838.12,1634042279.0,85,,19224026.811764706
47,45 a 49,2024,Mujeres,Activos,Activos,Bancaria,12,458495539.0400001,1637484068.0,85,,19264518.447058823
48,45 a 49,2024,Hombres,Activos,Activos,Bancaria,12,576228160.2000002,2057957715.0,91,,22614919.945054945
48,45 a 49,2024,Mujeres,Activos,Activos,Bancaria,12,354437275.08000004,1265847411.0,70,,18083534.442857143
49,45 a 49,2024,Hombres,Activos,Activos,Bancaria,12,603500251.2,2155358040.0,103,,20925806.21359223
49,45 a 49,2024,Mujeres,Activos,Activos,Bancaria,12,249385507.84,890662528.0,45,,19792500.622222222
50,50 a 54,2024,Hombres,Activos,Activos,Bancaria,12,456677574.3600001,1630991337.0,83,,19650498.036144577
50,50 a 54,2024,Mujeres,Activos,Activos,Bancaria,12,310318436.96,1108280132.0,59,,18784409.01694915
51,50 a 54,2024,Hombres,Activos,Activos,Bancaria,12,595426332.7600001,2126522617.0,95,,22384448.6
51,50 a 54,2024,Mujeres,Activos,Activos,Bancaria,12,180182600.64,643509288.0,35,,18385979.65714286
52,50 a 54,2024,Hombres,Activos,Activos,Bancaria,12,571477245.9200001,2040990164.0,92,,22184675.695652176
52,50 a 54,2024,Mujeres,Activos,Activos,Bancaria,12,344841172.47999996,1231575616.0,46,,26773382.95652174
53,50 a 54,2024,Hombres,Activos,Activos,Bancaria,12,428190263.4800001,1529250941.0,72,,21239596.402777776
53,50 a 54,2024,Mujeres,Activos,Activos,Bancaria,12,292144602.12,1043373579.0,46,,22682034.326086957
54,50 a 54,2024,Hombres,Activos,Activos,Bancaria,12,533004674.72000015,1903588124.0,95,,20037769.72631579
54,50 a 54,2024,Mujeres,Activos,Activos,Bancaria,12,337612850.12,1205760179.0,55,,21922912.345454544
55,55 a 59,2024,Hombres,Activos,Activos,Bancaria,12,394627724.68,1409384731.0,76,,18544535.934210528
55,55 a 59,2024,Mujeres,Activos,Activos,Bancaria,12,219209582.48000002,782891366.0,33,,23723980.78787879
56,55 a 59,2024,Hombres,Activos,Activos,Bancaria,12,434445638.4800001,1551591566.0,59,,26298162.13559322
56,55 a 59,2024,Mujeres,Activos,Activos,Bancaria,12,100173599.67999999,357762856.0,23,,15554906.782608695
57,55 a 59,2024,Hombres,Activos,Activos,Bancaria,12,288339229.64,1029782963.0,54,,19070054.87037037
57,55 a 59,2024,Mujeres,Activos,Activos,Bancaria,12,100491078.24000001,358896708.0,19,,18889300.42105263
58,55 a 59,2024,Hombres,Activos,Activos,Bancaria,12,338418537.52000004,1208637634.0,56,,21582814.89285714
58,55 a 59,2024,Mujeres,Activos,Activos,Bancaria,12,147592833.92,527117264.0,21,,25100822.095238097
59,55 a 59,2024,Hombres,Activos,Activos,Bancaria,12,427688716.5600001,1527459702.0,54,,28286290.777777776
59,55 a 59,2024,Mujeres,Activos,Activos,Bancaria,12,112301262.64000002,401075938.0,18,,22281996.555555556
60,60 a 64,2024,Hombres,Activos,Activos,Bancaria,12,239332911.44000006,854760398.0,28,,30527157.07142857
60,60 a 64,2024,Mujeres,Activos,Activos,Bancaria,12,50091673.24000001,178898833.0,13,,13761448.692307692
61,60 a 64,2024,Hombres,Activos,Activos,Bancaria,12,97875290.52000001,349554609.0,20,,17477730.45
61,60 a 64,2024,Mujeres,Activos,Activos,Bancaria,12,69466688.76,248095317.0,11,,22554119.727272727
62,60 a 64,2024,Hombres,Activos,Activos,Bancaria,12,99043238.84,353725853.0,16,,22107865.8125
62,60 a 64,2024,Mujeres,Activos,Activos,Bancaria,12,38503224.480000004,137511516.0,8,,17188939.5
63,60 a 64,2024,Hombres,Activos,Activos,Bancaria,12,96293489.60000001,343905320.0,14,,24564665.714285713
63,60 a 64,2024,Mujeres,Activos,Activos,Bancaria,12,12610303.720000003,45036799.0,3,,15012266.333333334
64,60 a 64,2024,Hombres,Activos,Activos,Bancaria,12,136223947.44000003,486514098.0,16,,30407131.125
64,60 a 64,2024,Mujeres,Activos,Activos,Bancaria,12,12546218.16,44807922.0,5,,8961584.4
65,65 a 69,2024,Hombres,Activos,Activos,Bancaria,12,61475715.56,219556127.0,6,,36592687.833333336
65,65 a 69,2024,Mujeres,Activos,Activos,Bancaria,12,16603510.560000002,59298252.0,4,,14824563.0
66,65 a 69,2024,Hombres,Activos,Activos,Bancaria,12,35958049.120000005,128421604.0,5,,25684320.8
66,65 a 69,2024,Mujeres,Activos,Activos,Bancaria,12,16266532.520000001,58094759.0,4,,14523689.75
67,65 a 69,2024,Hombres,Activos,Activos,Bancaria,12,40566296.68000001,144879631.0,11,,13170875.545454545
67,65 a 69,2024,Mujeres,Activos,Activos,Bancaria,12,3809379.8400000003,13604928.0,1,,13604928.0
68,65 a 69,2024,Hombres,Activos,Activos,Bancaria,12,35237002.080000006,125846436.0,9,,13982937.333333334
68,65 a 69,2024,Mujeres,Activos,Activos,Bancaria,12,49076174.56,175272052.0,3,,58424017.333333336
69,65 a 69,2024,Hombres,Activos,Activos,Bancaria,12,24588200.0,87815000.0,5,,17563000.0
69,65 a 69,2024,Mujeres,Activos,Activos,Bancaria,12,3903307.8000000003,13940385.0,1,,13940385.0
70,70 a 74,2024,Hombres,Activos,Activos,Bancaria,12,15018235.400000002,53636555.0,3,,17878851.666666668
71,70 a 74,2024,Hombres,Activos,Activos,Bancaria,12,9622777.64,34367063.0,2,,17183531.5
71,70 a 74,2024,Mujeres,Activos,Activos,Bancaria,12,5712000.000000001,20400000.0,1,,20400000.0
72,70 a 74,2024,Hombres,Activos,Activos,Bancaria,12,11620000.0,41500000.0,3,,13833333.333333334
72,70 a 74,2024,Mujeres,Activos,Activos,Bancaria,12,7232476.160000001,25830272.0,2,,12915136.0
74,70 a 74,2024,Hombres,Activos,Activos,Bancaria,12,3367787.64,12027813.0,1,,12027813.0
74,70 a 74,2024,Mujeres,Activos,Activos,Bancaria,12,1370754.84,4895553.0,1,,4895553.0
75,75 a 79,2024,Hombres,Activos,Activos,Bancaria,12,15943750.480000002,56941966.0,3,,18980655.333333332
76,75 a 79,2024,Hombres,Activos,Activos,Bancaria,12,6989452.680000001,24962331.0,3,,8320777.0
77,75 a 79,2024,Hombres,Activos,Activos,Bancaria,12,5642000.0,20150000.0,2,,10075000.0
79,75 a 79,2024,Hombres,Activos,Activos,Bancaria,12,12880000.000000002,46000000.0,2,,23000000.0
79,75 a 79,2024,Mujeres,Activos,Activos,Bancaria,12,5880000.000000001,21000000.0,1,,21000000.0
80,80 a 84,2024,Hombres,Activos,Activos,Bancaria,12,975321.2000000001,3483290.0,1,,3483290.0
